{"type": "FeatureCollection", "features": [{"type": "Feature", "properties": {"featurecla": "Lake", "scalerank": 0, "name": "Lake Ladoga", "name_en": "Ladoga", "src": "ne_10m_lakes"}, "geometry": {"type": "MultiPolygon", "coordinates": [[[[30.077983, 61.242865], [30.088286, 61.25199], [30.110658, 61.259349], [30.082399, 61.274362], [30.077395, 61.292318], [30.092407, 61.307625], [30.124199, 61.314101], [30.19779, 61.300855], [30.237529, 61.301149], [30.261372, 61.320871], [30.244005, 61.324698], [30.208387, 61.32823], [30.19308, 61.334412], [30.226048, 61.333235], [30.239884, 61.336767], [30.24842, 61.348247], [30.223105, 61.355312], [30.144804, 61.355018], [30.163643, 61.369736], [30.196906, 61.383571], [30.219572, 61.40035], [30.206915, 61.423899], [30.221927, 61.432435], [30.247243, 61.453924], [30.264905, 61.458045], [30.311414, 61.445976], [30.338496, 61.442444], [30.350859, 61.451275], [30.264905, 61.479239], [30.237234, 61.4813], [30.226637, 61.488659], [30.22546, 61.503377], [30.227226, 61.526926], [30.253719, 61.517212], [30.268731, 61.514563], [30.29699, 61.519861], [30.316124, 61.519861], [30.334669, 61.516329], [30.373819, 61.496312], [30.415913, 61.487776], [30.458891, 61.485715], [30.488033, 61.491602], [30.472431, 61.513385], [30.452415, 61.533697], [30.474492, 61.531047], [30.498041, 61.524571], [30.520118, 61.521922], [30.561329, 61.540467], [30.619908, 61.540761], [30.645812, 61.546943], [30.583407, 61.57844], [30.575753, 61.5805], [30.566628, 61.581972], [30.559269, 61.584916], [30.556031, 61.591981], [30.557503, 61.601989], [30.561624, 61.60611], [30.5681, 61.606404], [30.587528, 61.601106], [30.59577, 61.601989], [30.601951, 61.606699], [30.604012, 61.61553], [30.607544, 61.624949], [30.616375, 61.629659], [30.638158, 61.636135], [30.650522, 61.644672], [30.703507, 61.699718], [30.82037, 61.775958], [30.83391, 61.780079], [30.84127, 61.778608], [30.849512, 61.770365], [30.858048, 61.766539], [30.893666, 61.759179], [30.906324, 61.759768], [30.896316, 61.752703], [30.864819, 61.738574], [30.88513, 61.738574], [30.925752, 61.732981], [30.926046, 61.732392], [30.990512, 61.729449], [31.023775, 61.723267], [31.049679, 61.711198], [31.062631, 61.695008], [31.066164, 61.677052], [31.06322, 61.639373], [31.078233, 61.622889], [31.111201, 61.613469], [31.143876, 61.610231], [31.158888, 61.612292], [31.165953, 61.638196], [31.184204, 61.637607], [31.208636, 61.630542], [31.23454, 61.636135], [31.228653, 61.647027], [31.228947, 61.656152], [31.236012, 61.662039], [31.248964, 61.663511], [31.260444, 61.660567], [31.261033, 61.654975], [31.258972, 61.647027], [31.261916, 61.636135], [31.271924, 61.621417], [31.283404, 61.608465], [31.298123, 61.59934], [31.317256, 61.595219], [31.316373, 61.606404], [31.319317, 61.614352], [31.326382, 61.619945], [31.337567, 61.622595], [31.333152, 61.627304], [31.323438, 61.642317], [31.337862, 61.635252], [31.378484, 61.622595], [31.411158, 61.593747], [31.434413, 61.58521], [31.483866, 61.54812], [31.510065, 61.534874], [31.522134, 61.526926], [31.534497, 61.514269], [31.537735, 61.505732], [31.538029, 61.497195], [31.542445, 61.485421], [31.55157, 61.474529], [31.56305, 61.464521], [31.57247, 61.453924], [31.576591, 61.440677], [31.592192, 61.424487], [31.625161, 61.405943], [31.652243, 61.398878], [31.652243, 61.416245], [31.641351, 61.428314], [31.616036, 61.440972], [31.604556, 61.451275], [31.596608, 61.464815], [31.59337, 61.478356], [31.598963, 61.48601], [31.617802, 61.482183], [31.639879, 61.468348], [31.700813, 61.410358], [31.730838, 61.391813], [31.766456, 61.376506], [31.804429, 61.365909], [31.856826, 61.359139], [31.865951, 61.352074], [31.882435, 61.331468], [31.897448, 61.319694], [31.912461, 61.312335], [32.210504, 61.224467], [32.508548, 61.136599], [32.533569, 61.118349], [32.569481, 61.081259], [32.58155, 61.060359], [32.585083, 61.032689], [32.582433, 61.016793], [32.578901, 61.005902], [32.580373, 60.998248], [32.591559, 60.991772], [32.608632, 60.991772], [32.621584, 60.997071], [32.629532, 60.995599], [32.632475, 60.974699], [32.64425, 60.960275], [32.721079, 60.90258], [32.77848, 60.878442], [32.805856, 60.861369], [32.817336, 60.83782], [32.80615, 60.777181], [32.803501, 60.745978], [32.814098, 60.721546], [32.847361, 60.70565], [32.89181, 60.696819], [32.932727, 60.684162], [32.95451, 60.656786], [32.948328, 60.628821], [32.925662, 60.600857], [32.862079, 60.544339], [32.821163, 60.515491], [32.809388, 60.500773], [32.794081, 60.471042], [32.78319, 60.457501], [32.772887, 60.470453], [32.775242, 60.482228], [32.779657, 60.493708], [32.776419, 60.505777], [32.76229, 60.51343], [32.720784, 60.520201], [32.677219, 60.544044], [32.637774, 60.551109], [32.601567, 60.544633], [32.585083, 60.519023], [32.594797, 60.49989], [32.617463, 60.474869], [32.642778, 60.453086], [32.659557, 60.443666], [32.67192, 60.439545], [32.680457, 60.429242], [32.685461, 60.415702], [32.686933, 60.40275], [32.682223, 60.393919], [32.670743, 60.381555], [32.645427, 60.361244], [32.629532, 60.355357], [32.618346, 60.356534], [32.60716, 60.360067], [32.591559, 60.361244], [32.582433, 60.358595], [32.578018, 60.352413], [32.57949, 60.342994], [32.622467, 60.289419], [32.626588, 60.278528], [32.626588, 60.263515], [32.62335, 60.248797], [32.619523, 60.2382], [32.569776, 60.190807], [32.497951, 60.165492], [32.29219, 60.133995], [32.263931, 60.138116], [32.238616, 60.152834], [32.1768, 60.207586], [32.164142, 60.215828], [32.152073, 60.214945], [32.13971, 60.211119], [32.125286, 60.211119], [32.112628, 60.215534], [32.095555, 60.22672], [32.083781, 60.232313], [32.050223, 60.239966], [31.778231, 60.246442], [31.762924, 60.249386], [31.7485, 60.254979], [31.736431, 60.258511], [31.731427, 60.252918], [31.729072, 60.243499], [31.724362, 60.235256], [31.588954, 60.166964], [31.570409, 60.135173], [31.580123, 60.140471], [31.593664, 60.14577], [31.605733, 60.146653], [31.610737, 60.138705], [31.606616, 60.129285], [31.596902, 60.123104], [31.576591, 60.114861], [31.545977, 60.091018], [31.540973, 60.081893], [31.539796, 60.072179], [31.537146, 60.06217], [31.528904, 60.052751], [31.549215, 60.036561], [31.56776, 60.010068], [31.57718, 59.979748], [31.570409, 59.950901], [31.537146, 59.927057], [31.483572, 59.908807], [31.427348, 59.900564], [31.385843, 59.905863], [31.371125, 59.917343], [31.362, 59.930001], [31.349342, 59.939715], [31.323438, 59.943542], [31.271336, 59.941187], [31.243665, 59.936182], [31.224237, 59.926468], [31.186853, 59.91646], [31.127391, 59.919992], [31.071168, 59.93265], [31.042615, 59.950901], [31.085592, 59.958554], [31.097366, 59.964147], [31.102371, 59.969446], [31.104137, 59.982103], [31.107375, 59.987991], [31.113556, 59.991817], [31.128275, 59.996527], [31.146231, 60.008596], [31.155945, 60.013011], [31.161243, 60.019487], [31.158888, 60.032145], [31.150646, 60.040976], [31.135634, 60.050101], [31.118561, 60.057166], [31.104137, 60.06011], [31.087652, 60.068646], [31.094717, 60.088074], [31.110024, 60.111035], [31.117972, 60.128991], [31.105903, 60.152246], [31.081176, 60.164609], [31.028485, 60.179916], [30.989923, 60.206409], [30.961959, 60.236728], [30.882186, 60.396862], [30.85746, 60.43513], [30.823608, 60.46486], [30.809773, 60.450731], [30.796526, 60.440428], [30.78328, 60.438956], [30.76915, 60.450731], [30.76238, 60.464272], [30.762086, 60.47899], [30.766795, 60.493119], [30.775921, 60.505777], [30.759142, 60.52079], [30.727939, 60.537274], [30.714399, 60.55317], [30.713515, 60.557879], [30.713515, 60.56465], [30.712044, 60.572303], [30.706156, 60.580251], [30.695854, 60.586727], [30.533953, 60.629999], [30.5263, 60.639713], [30.52836, 60.67327], [30.523062, 60.686222], [30.499513, 60.713304], [30.494214, 60.728022], [30.497747, 60.737442], [30.507166, 60.740091], [30.531893, 60.738619], [30.536014, 60.742446], [30.529832, 60.761579], [30.536603, 60.783362], [30.536308, 60.80544], [30.532187, 60.825751], [30.525122, 60.834876], [30.516586, 60.83782], [30.499513, 60.851655], [30.490976, 60.854599], [30.477435, 60.855776], [30.445644, 60.862841], [30.432692, 60.868434], [30.448882, 60.881091], [30.457713, 60.885801], [30.466838, 60.889333], [30.448588, 60.897281], [30.379412, 60.952622], [30.363222, 60.962336], [30.300817, 60.989712], [30.254602, 61.032689], [30.234585, 61.04358], [29.895772, 61.165447], [29.816588, 61.209602], [29.795688, 61.218433], [29.80864, 61.223437], [29.825419, 61.22432], [29.842198, 61.221376], [29.871045, 61.205186], [29.912551, 61.206952], [29.929035, 61.200771], [29.936983, 61.191645], [29.941987, 61.184286], [29.948169, 61.17781], [29.959649, 61.169862], [29.976722, 61.16162], [29.993795, 61.155733], [30.011163, 61.153378], [30.02853, 61.155733], [30.012635, 61.188113], [30.001449, 61.201654], [29.987025, 61.211073], [29.95906, 61.217255], [29.902542, 61.221671], [29.877227, 61.231973], [29.886352, 61.235506], [29.893711, 61.236978], [29.901659, 61.236094], [29.911373, 61.231973], [29.898716, 61.243748], [29.878699, 61.250813], [29.836899, 61.259349], [29.86192, 61.264942], [29.872517, 61.278483], [29.878699, 61.294673], [29.890768, 61.307331], [29.909607, 61.306742], [30.030002, 61.245808], [30.049136, 61.239038], [30.068858, 61.236978], [30.077983, 61.242865]], [[30.796821, 61.704133], [30.800942, 61.71738], [30.802708, 61.732392], [30.780336, 61.724445], [30.762674, 61.715025], [30.746779, 61.702956], [30.730883, 61.68706], [30.714987, 61.661156], [30.725584, 61.651148], [30.775921, 61.64997], [30.792111, 61.645849], [30.801825, 61.639079], [30.810361, 61.630837], [30.823608, 61.622595], [30.828906, 61.620828], [30.836265, 61.62024], [30.839798, 61.623183], [30.810361, 61.667338], [30.795937, 61.680584], [30.775921, 61.683234], [30.810067, 61.683234], [30.804768, 61.687943], [30.796821, 61.704133]], [[30.85746, 61.711787], [30.850984, 61.697657], [30.85746, 61.68029], [30.874238, 61.666455], [30.912506, 61.64997], [30.904852, 61.667043], [30.907501, 61.685], [30.907501, 61.700601], [30.8919, 61.711198], [30.899554, 61.705016], [30.887485, 61.712964], [30.871589, 61.715908], [30.85746, 61.711787]], [[30.631682, 61.575791], [30.650522, 61.564899], [30.670538, 61.558718], [30.686434, 61.561072], [30.679369, 61.567548], [30.65582, 61.582561], [30.617553, 61.589037], [30.631682, 61.575791]], [[30.565156, 61.518978], [30.54926, 61.519567], [30.563979, 61.505732], [30.582229, 61.499845], [30.601363, 61.503966], [30.617553, 61.519567], [30.610782, 61.526926], [30.565156, 61.518978]], [[30.337024, 61.485421], [30.351742, 61.475707], [30.368815, 61.468348], [30.387066, 61.464227], [30.404728, 61.464815], [30.395308, 61.472763], [30.384416, 61.479239], [30.35969, 61.486598], [30.348504, 61.487776], [30.337024, 61.485421]], [[30.960193, 61.412419], [30.885719, 61.389164], [30.911328, 61.366203], [30.955188, 61.357078], [30.988157, 61.365615], [30.980798, 61.395934], [30.987863, 61.395345], [30.992573, 61.397406], [30.996399, 61.40035], [31.001109, 61.402705], [31.008174, 61.402705], [31.012589, 61.406826], [31.018182, 61.409769], [31.025247, 61.411241], [30.99846, 61.419189], [30.960193, 61.412419]], [[31.537441, 61.394462], [31.528904, 61.375623], [31.53332, 61.361199], [31.545977, 61.348247], [31.576591, 61.32823], [31.619568, 61.306447], [31.644884, 61.301738], [31.659307, 61.314101], [31.651065, 61.327642], [31.633403, 61.338239], [31.625161, 61.348542], [31.646061, 61.361788], [31.596902, 61.389164], [31.578357, 61.395345], [31.55628, 61.399172], [31.537441, 61.394462]], [[31.67903, 61.382099], [31.666078, 61.375623], [31.69522, 61.371208], [31.7067, 61.365909], [31.714354, 61.355018], [31.700813, 61.355018], [31.713765, 61.349425], [31.741729, 61.342949], [31.75527, 61.337944], [31.819736, 61.302915], [31.83887, 61.299971], [31.885673, 61.300855], [31.873899, 61.308214], [31.849172, 61.310569], [31.837986, 61.314101], [31.832688, 61.320283], [31.827684, 61.336178], [31.824151, 61.341182], [31.801191, 61.351485], [31.750855, 61.362377], [31.728189, 61.375623], [31.720535, 61.375623], [31.707289, 61.380922], [31.693159, 61.383276], [31.67903, 61.382099]], [[30.260783, 61.375329], [30.321717, 61.387103], [30.350859, 61.389164], [30.335846, 61.395345], [30.304644, 61.393579], [30.288748, 61.395934], [30.296107, 61.395934], [30.26255, 61.397995], [30.251069, 61.394168], [30.234585, 61.382982], [30.260783, 61.375329]], [[29.95906, 61.239038], [29.980254, 61.239038], [29.970835, 61.246692], [29.932567, 61.261998], [29.918732, 61.264942], [29.911373, 61.265531], [29.923442, 61.249341], [29.939632, 61.241687], [29.95906, 61.239038]], [[30.621968, 60.896693], [30.608722, 60.898459], [30.591943, 60.892277], [30.575164, 60.881091], [30.562212, 60.868434], [30.59106, 60.856953], [30.605778, 60.860191], [30.613726, 60.874615], [30.621968, 60.896693]]], [[[30.796821, 61.704133], [30.796526, 61.704722], [30.796526, 61.705016], [30.796821, 61.704133]]]]}}, {"type": "Feature", "properties": {"featurecla": "Lake", "scalerank": 1, "name": "V\u00e4nern", "name_en": "V\u00e4nern", "src": "ne_10m_lakes"}, "geometry": {"type": "Polygon", "coordinates": [[[14.116677, 59.066631], [14.098132, 59.042493], [14.071051, 59.023065], [14.040437, 59.009819], [14.010412, 59.005109], [13.989512, 59.004814], [13.978326, 59.003343], [13.973616, 58.998338], [13.972733, 58.987741], [13.977149, 58.977438], [13.987746, 58.967136], [14.001287, 58.959482], [14.014239, 58.956539], [14.014239, 58.950357], [14.004819, 58.937994], [13.993633, 58.899138], [13.986274, 58.881476], [13.973911, 58.86352], [13.965668, 58.856455], [13.95566, 58.853511], [13.953894, 58.850568], [13.964785, 58.834672], [13.965963, 58.82643], [13.958604, 58.821425], [13.936232, 58.816127], [13.931522, 58.809651], [13.928579, 58.808768], [13.912094, 58.817599], [13.904441, 58.819954], [13.879714, 58.813183], [13.868528, 58.799054], [13.871766, 58.783453], [13.890017, 58.771678], [13.849983, 58.739592], [13.711927, 58.689845], [13.702507, 58.682191], [13.695737, 58.674832], [13.686906, 58.669828], [13.67101, 58.669239], [13.653054, 58.67336], [13.648638, 58.679542], [13.647755, 58.688373], [13.640396, 58.699559], [13.624206, 58.69897], [13.547377, 58.669239], [13.530304, 58.65717], [13.522356, 58.65511], [13.507049, 58.655698], [13.488504, 58.663352], [13.475552, 58.665118], [13.462306, 58.658642], [13.439345, 58.644218], [13.363105, 58.628323], [13.325427, 58.60389], [13.279506, 58.536187], [13.245948, 58.510871], [13.213568, 58.503512], [13.172652, 58.502923], [13.137622, 58.512343], [13.122904, 58.535598], [13.128203, 58.542368], [13.160288, 58.56945], [13.166764, 58.579458], [13.176184, 58.602419], [13.184426, 58.613899], [13.17118, 58.614193], [13.136445, 58.620964], [13.123787, 58.620375], [13.006041, 58.600358], [13.001332, 58.602713], [12.996622, 58.606834], [12.990146, 58.609483], [12.979549, 58.607128], [12.983964, 58.605951], [12.979254, 58.596826], [12.965714, 58.579753], [12.946874, 58.569155], [12.924797, 58.567095], [12.900659, 58.571216], [12.875932, 58.579753], [12.894772, 58.57151], [12.923031, 58.552377], [12.938632, 58.546489], [12.927152, 58.540896], [12.920676, 58.539425], [12.911256, 58.538836], [12.917732, 58.529122], [12.921559, 58.527061], [12.931273, 58.524706], [12.915083, 58.515876], [12.892417, 58.499097], [12.875932, 58.491149], [12.824124, 58.479963], [12.807346, 58.473781], [12.796749, 58.472015], [12.778498, 58.477019], [12.770256, 58.473781], [12.762014, 58.46289], [12.757009, 58.45818], [12.670466, 58.442579], [12.679003, 58.428155], [12.684301, 58.42109], [12.691661, 58.414909], [12.651038, 58.389005], [12.601879, 58.366044], [12.552721, 58.356919], [12.512687, 58.373698], [12.531526, 58.384589], [12.569205, 58.400485], [12.584806, 58.411671], [12.619247, 58.464362], [12.63632, 58.477608], [12.603646, 58.468777], [12.590399, 58.462301], [12.578036, 58.452882], [12.541829, 58.414909], [12.537414, 58.408433], [12.533587, 58.406372], [12.528877, 58.401662], [12.522401, 58.396952], [12.478247, 58.389005], [12.465, 58.388121], [12.40495, 58.391065], [12.383167, 58.388121], [12.343428, 58.376641], [12.32606, 58.376053], [12.310753, 58.384589], [12.303689, 58.399013], [12.307221, 58.413437], [12.317524, 58.424623], [12.331653, 58.429038], [12.376102, 58.469955], [12.395236, 58.477903], [12.414958, 58.482024], [12.45823, 58.483495], [12.465589, 58.495564], [12.487666, 58.513521], [12.513865, 58.530888], [12.533881, 58.538836], [12.530643, 58.542663], [12.529172, 58.546195], [12.526522, 58.549139], [12.520341, 58.552082], [12.530055, 58.560619], [12.560668, 58.579753], [12.598347, 58.617431], [12.621308, 58.630972], [12.631022, 58.639508], [12.629255, 58.648045], [12.617481, 58.651283], [12.563907, 58.648045], [12.540357, 58.653344], [12.518574, 58.666884], [12.501796, 58.684252], [12.492965, 58.702797], [12.491493, 58.730173], [12.498263, 58.751367], [12.520341, 58.792283], [12.500618, 58.790517], [12.472065, 58.774033], [12.45823, 58.771678], [12.450282, 58.774033], [12.4441, 58.778743], [12.439979, 58.785807], [12.438213, 58.795816], [12.434681, 58.796699], [12.42585, 58.800526], [12.416136, 58.806119], [12.410248, 58.812595], [12.436447, 58.828196], [12.451459, 58.830845], [12.464411, 58.804352], [12.479718, 58.801114], [12.497969, 58.803175], [12.512687, 58.806413], [12.493848, 58.812595], [12.483545, 58.822897], [12.479424, 58.837027], [12.478541, 58.853511], [12.479718, 58.863225], [12.485017, 58.880004], [12.486194, 58.888246], [12.483839, 58.892367], [12.47913, 58.897666], [12.476186, 58.905025], [12.478541, 58.915622], [12.453814, 58.921804], [12.434681, 58.939465], [12.43056, 58.955361], [12.451459, 58.956539], [12.504445, 58.920332], [12.524167, 58.901787], [12.533881, 58.895311], [12.50886, 58.850568], [12.510921, 58.8332], [12.540357, 58.82643], [12.566261, 58.815833], [12.581274, 58.815538], [12.59246, 58.842031], [12.603646, 58.84939], [12.629255, 58.861165], [12.623368, 58.871173], [12.624251, 58.878238], [12.627489, 58.883831], [12.629255, 58.888246], [12.632788, 58.92563], [12.642796, 58.940349], [12.644268, 58.951829], [12.651333, 58.961543], [12.677237, 58.970962], [12.667228, 58.987741], [12.681063, 59.000693], [12.701375, 59.014528], [12.711972, 59.032485], [12.708145, 59.039844], [12.699903, 59.048086], [12.694604, 59.057211], [12.697842, 59.066631], [12.707556, 59.070458], [12.71727, 59.065748], [12.725807, 59.056328], [12.731694, 59.046025], [12.772905, 59.077228], [12.783502, 59.079877], [12.80764, 59.08076], [12.811761, 59.084881], [12.823536, 59.092829], [12.836193, 59.095184], [12.841786, 59.083704], [12.846496, 59.078994], [12.857388, 59.080466], [12.868868, 59.086353], [12.875932, 59.093712], [12.885646, 59.083704], [12.890062, 59.072518], [12.887413, 59.061627], [12.875932, 59.052796], [12.890651, 59.049852], [12.935394, 59.052207], [12.944814, 59.049558], [12.948052, 59.039549], [12.955705, 59.039844], [12.96483, 59.044259], [12.971895, 59.046025], [12.982492, 59.044848], [12.98838, 59.045437], [12.993678, 59.04367], [13.003098, 59.035428], [13.019877, 59.026892], [13.061971, 59.018944], [13.074923, 59.01129], [13.076983, 58.997161], [13.067858, 58.985092], [13.054023, 58.975672], [13.040482, 58.970962], [13.05314, 58.96743], [13.073156, 58.958305], [13.085814, 58.956539], [13.090524, 58.952418], [13.105831, 58.92563], [13.124965, 58.915328], [13.169119, 58.910029], [13.184426, 58.902081], [13.186781, 58.896783], [13.197967, 58.881476], [13.245065, 58.904142], [13.259489, 58.915622], [13.251541, 58.92828], [13.244476, 58.942998], [13.234762, 58.95595], [13.219161, 58.963309], [13.225343, 58.980088], [13.225931, 58.997455], [13.221516, 59.013351], [13.211802, 59.025714], [13.215629, 59.035723], [13.214451, 59.046614], [13.210036, 59.057211], [13.204737, 59.066631], [13.201794, 59.068103], [13.188842, 59.078405], [13.187664, 59.08076], [13.184132, 59.083115], [13.184132, 59.089002], [13.185015, 59.095773], [13.184426, 59.101366], [13.159699, 59.139633], [13.142038, 59.157884], [13.122904, 59.168775], [13.13615, 59.181433], [13.133501, 59.193207], [13.109069, 59.216757], [13.112601, 59.222938], [13.114073, 59.227354], [13.112601, 59.231475], [13.109069, 59.237951], [13.110246, 59.251197], [13.100238, 59.257673], [13.086403, 59.262972], [13.074923, 59.271214], [13.071979, 59.282988], [13.08287, 59.281811], [13.096706, 59.275335], [13.102593, 59.271214], [13.126731, 59.278279], [13.134973, 59.294763], [13.130557, 59.315368], [13.115545, 59.333913], [13.129969, 59.341273], [13.155578, 59.361878], [13.170591, 59.36806], [13.177361, 59.328615], [13.197378, 59.310659], [13.229758, 59.306243], [13.27303, 59.306832], [13.264787, 59.315074], [13.238589, 59.331264], [13.232702, 59.337151], [13.238, 59.347749], [13.251541, 59.357168], [13.267142, 59.364233], [13.280389, 59.36806], [13.3007, 59.369237], [13.359278, 59.361289], [13.363399, 59.36335], [13.376646, 59.372769], [13.383122, 59.37483], [13.393425, 59.373358], [13.417857, 59.361289], [13.450826, 59.356874], [13.483206, 59.360995], [13.595358, 59.394258], [13.628327, 59.39779], [13.655114, 59.40721], [13.67101, 59.408388], [13.661885, 59.393669], [13.656586, 59.388665], [13.669538, 59.377479], [13.682785, 59.376007], [13.711927, 59.381306], [13.719286, 59.383367], [13.723407, 59.388371], [13.726056, 59.393375], [13.729294, 59.395436], [13.766384, 59.395436], [13.766384, 59.388665], [13.76344, 59.37483], [13.754609, 59.367177], [13.72635, 59.35393], [13.734004, 59.346277], [13.736064, 59.341567], [13.732532, 59.333913], [13.743424, 59.325377], [13.763735, 59.323611], [13.808184, 59.326554], [13.79376, 59.338918], [13.784635, 59.351281], [13.786989, 59.360112], [13.808184, 59.361289], [13.815543, 59.350692], [13.822608, 59.343333], [13.831733, 59.340095], [13.842919, 59.342156], [13.851161, 59.345394], [13.859403, 59.345982], [13.87, 59.340095], [13.856459, 59.328615], [13.858226, 59.322728], [13.867351, 59.320667], [13.876182, 59.319784], [13.887956, 59.322139], [13.901497, 59.32626], [13.913272, 59.325083], [13.917981, 59.309776], [13.922103, 59.305949], [13.931522, 59.306243], [13.940353, 59.311542], [13.944769, 59.323022], [13.942414, 59.331559], [13.939176, 59.339212], [13.940648, 59.346865], [13.952128, 59.35393], [13.975088, 59.353341], [13.985685, 59.336563], [13.994811, 59.316252], [14.01365, 59.306832], [14.026013, 59.310953], [14.032489, 59.320373], [14.035433, 59.329792], [14.037493, 59.333913], [14.050445, 59.33303], [14.061337, 59.329792], [14.070168, 59.323022], [14.075761, 59.313014], [14.065164, 59.313602], [14.055744, 59.311836], [14.047502, 59.306832], [14.040437, 59.299178], [14.048679, 59.285343], [14.05545, 59.267387], [14.060454, 59.249137], [14.061926, 59.234124], [14.054566, 59.212047], [14.021598, 59.183788], [14.00894, 59.154057], [13.996871, 59.148464], [13.972733, 59.142282], [13.962136, 59.135512], [13.953011, 59.127564], [13.932111, 59.099894], [13.92799, 59.095478], [13.927401, 59.090769], [13.931522, 59.08076], [13.939764, 59.071635], [13.948595, 59.067514], [13.955954, 59.062804], [13.958898, 59.052796], [14.001581, 59.065453], [14.023658, 59.067808], [14.048385, 59.066631], [14.04603, 59.071046], [14.042498, 59.082526], [14.040437, 59.086942], [14.059865, 59.092535], [14.058393, 59.101366], [14.051328, 59.111374], [14.054566, 59.120499], [14.06899, 59.121677], [14.081648, 59.112552], [14.091362, 59.098716], [14.096661, 59.086942], [14.091951, 59.081643], [14.086652, 59.071929], [14.082531, 59.066631], [14.089301, 59.062804], [14.096955, 59.061627], [14.10608, 59.063098], [14.116677, 59.066631]], [[13.19885, 58.63421], [13.204737, 58.655698], [13.204737, 58.671594], [13.199144, 58.680425], [13.170591, 58.696615], [13.157639, 58.690433], [13.144098, 58.690433], [13.115545, 58.696615], [13.101121, 58.692788], [13.084048, 58.683074], [13.069035, 58.671594], [13.061382, 58.66188], [13.061971, 58.644807], [13.075806, 58.640686], [13.094056, 58.638625], [13.109069, 58.628323], [13.138211, 58.639214], [13.149985, 58.64569], [13.163821, 58.655698], [13.170591, 58.648045], [13.165292, 58.64569], [13.156461, 58.638331], [13.149691, 58.634504], [13.170885, 58.627145], [13.18737, 58.625968], [13.19885, 58.63421]], [[13.568571, 59.306832], [13.568571, 59.313014], [13.562684, 59.315957], [13.561507, 59.320078], [13.56239, 59.32626], [13.561801, 59.333913], [13.533836, 59.342744], [13.497335, 59.343627], [13.460245, 59.334797], [13.431398, 59.313014], [13.450826, 59.316252], [13.472903, 59.313897], [13.486149, 59.303888], [13.479379, 59.285638], [13.48821, 59.275629], [13.499984, 59.271214], [13.508227, 59.274158], [13.507049, 59.285638], [13.547377, 59.278867], [13.533836, 59.299767], [13.527655, 59.306832], [13.568571, 59.306832]], [[13.83085, 58.800526], [13.84233, 58.819954], [13.821724, 58.83997], [13.794054, 58.831728], [13.779925, 58.825547], [13.774037, 58.816421], [13.771977, 58.803469], [13.76609, 58.799643], [13.757259, 58.803175], [13.746073, 58.812595], [13.743424, 58.82172], [13.74519, 58.830551], [13.739597, 58.837321], [13.715459, 58.83997], [13.704273, 58.836438], [13.698386, 58.828196], [13.691027, 58.806413], [13.711044, 58.78463], [13.712221, 58.776976], [13.711927, 58.761081], [13.71752, 58.752544], [13.730766, 58.754605], [13.75667, 58.764908], [13.769033, 58.76373], [13.791111, 58.758726], [13.801413, 58.757254], [13.811127, 58.759609], [13.813188, 58.765202], [13.812599, 58.772267], [13.814954, 58.779037], [13.83085, 58.800526]]]}}, {"type": "Feature", "properties": {"featurecla": "Lake", "scalerank": 1, "name": "Lake Onega", "name_en": "Onega", "src": "ne_10m_lakes"}, "geometry": {"type": "Polygon", "coordinates": [[[35.859884, 60.854599], [35.843988, 60.859603], [35.81985, 60.881974], [35.805426, 60.889333], [35.789236, 60.88845], [35.762155, 60.875498], [35.743315, 60.875793], [35.756267, 60.89316], [35.774518, 60.906112], [35.778933, 60.91406], [35.75038, 60.916709], [35.717411, 60.913471], [35.652062, 60.899047], [35.617033, 60.895809], [35.589657, 60.899047], [35.560221, 60.907878], [35.532845, 60.921125], [35.494578, 60.950856], [35.489573, 60.959392], [35.489573, 60.971461], [35.497816, 60.981469], [35.508118, 60.981764], [35.512828, 60.983824], [35.503703, 60.999426], [35.488102, 61.012672], [35.465141, 61.024741], [35.387429, 61.055355], [35.368295, 61.058593], [35.353283, 61.057121], [35.317665, 61.035927], [35.299709, 61.028568], [35.279986, 61.009728], [35.267623, 61.005607], [35.253199, 61.009728], [35.239364, 61.018265], [35.224646, 61.024741], [35.209044, 61.023269], [35.151643, 61.000309], [35.123384, 60.996482], [35.092182, 60.999426], [35.137808, 61.020031], [35.143696, 61.034455], [35.120146, 61.053883], [35.108078, 61.058887], [35.101307, 61.05771], [35.093948, 61.054766], [35.078347, 61.053883], [35.067455, 61.056532], [35.029188, 61.072134], [35.015353, 61.073311], [34.962073, 61.067718], [34.951476, 61.071839], [34.93558, 61.09009], [34.920862, 61.094211], [34.879357, 61.093033], [34.874647, 61.087735], [34.920862, 61.053883], [34.902317, 61.039754], [34.876413, 61.028273], [34.849037, 61.021209], [34.825488, 61.019737], [34.833436, 61.041225], [34.823133, 61.055355], [34.806943, 61.066246], [34.798701, 61.077432], [34.800173, 61.085969], [34.803116, 61.093033], [34.803999, 61.099215], [34.798406, 61.104808], [34.77574, 61.113933], [34.771619, 61.120998], [34.777507, 61.136599], [34.785749, 61.143958], [34.796052, 61.145725], [34.80606, 61.146313], [34.812242, 61.149551], [34.814302, 61.158677], [34.811359, 61.168096], [34.806943, 61.17781], [34.804882, 61.18723], [34.809298, 61.205775], [34.821367, 61.219904], [34.838734, 61.22903], [34.85934, 61.231973], [34.885244, 61.226675], [34.931753, 61.202831], [34.955303, 61.197238], [35.056564, 61.199299], [35.072165, 61.207541], [35.080407, 61.225203], [35.098364, 61.221671], [35.133687, 61.197238], [35.162535, 61.184286], [35.193443, 61.176927], [35.25732, 61.169862], [35.240836, 61.17104], [35.226412, 61.167802], [35.216992, 61.158677], [35.216404, 61.142781], [35.179902, 61.154261], [35.145462, 61.169568], [35.110138, 61.180165], [35.072165, 61.177516], [35.057741, 61.171923], [35.048616, 61.165153], [35.042434, 61.155733], [35.037725, 61.142781], [35.031543, 61.134244], [35.026539, 61.133067], [35.027127, 61.131595], [35.037725, 61.122175], [35.045084, 61.118937], [35.07923, 61.111578], [35.156059, 61.058298], [35.181374, 61.046524], [35.219347, 61.050351], [35.290289, 61.087441], [35.325907, 61.084791], [35.345629, 61.076255], [35.366529, 61.070956], [35.428346, 61.065069], [35.44277, 61.058887], [35.500465, 61.020914], [35.52843, 61.009434], [35.556983, 61.010611], [35.628219, 61.058004], [35.634106, 61.063891], [35.635578, 61.080081], [35.639699, 61.090384], [35.648236, 61.098332], [35.661188, 61.108635], [35.685914, 61.120998], [35.691802, 61.128063], [35.688858, 61.142781], [35.679438, 61.152495], [35.624392, 61.17781], [35.615856, 61.180165], [35.607908, 61.183698], [35.599371, 61.191057], [35.610263, 61.206952], [35.612323, 61.223731], [35.607025, 61.24051], [35.596133, 61.256111], [35.58848, 61.260821], [35.566991, 61.26818], [35.559043, 61.273184], [35.554039, 61.282604], [35.552567, 61.302326], [35.548152, 61.310569], [35.532551, 61.327936], [35.524308, 61.334412], [35.489573, 61.355018], [35.473678, 61.369147], [35.464258, 61.373562], [35.391845, 61.377389], [35.374183, 61.382982], [35.355932, 61.394462], [35.351517, 61.405648], [35.348867, 61.418011], [35.33621, 61.433907], [35.323552, 61.440972], [35.297942, 61.44627], [35.284402, 61.451275], [35.279103, 61.45569], [35.260853, 61.475707], [35.239953, 61.48336], [35.147522, 61.491602], [35.124268, 61.501316], [35.112787, 61.504555], [35.095714, 61.505732], [35.081585, 61.503083], [35.070399, 61.498078], [35.058919, 61.495135], [35.044495, 61.498962], [35.054503, 61.507793], [35.056564, 61.516035], [35.053031, 61.524571], [35.044495, 61.533697], [35.028305, 61.540761], [34.910265, 61.531047], [34.893486, 61.533697], [34.881123, 61.539878], [34.874058, 61.546943], [34.868465, 61.554302], [34.85934, 61.561072], [34.826077, 61.57167], [34.723049, 61.582267], [34.701561, 61.593747], [34.693907, 61.609054], [34.688903, 61.625538], [34.674479, 61.642317], [34.663882, 61.646438], [34.632974, 61.65262], [34.620316, 61.656741], [34.578811, 61.683234], [34.510518, 61.738574], [34.427508, 61.78685], [34.340965, 61.812165], [34.318299, 61.828061], [34.341848, 61.827472], [34.330368, 61.843662], [34.284152, 61.883107], [34.307996, 61.893704], [34.335077, 61.881341], [34.353622, 61.859558], [34.35215, 61.841601], [34.38247, 61.831299], [34.418971, 61.824823], [34.489619, 61.820996], [34.509047, 61.811282], [34.531713, 61.79156], [34.554673, 61.77743], [34.575867, 61.783612], [34.580871, 61.802157], [34.578516, 61.8469], [34.589408, 61.855731], [34.61384, 61.85367], [34.62326, 61.858086], [34.626792, 61.873098], [34.625909, 61.896059], [34.624143, 61.906362], [34.620316, 61.916664], [34.610013, 61.931677], [34.564681, 61.978775], [34.538483, 62.014688], [34.52141, 62.032644], [34.503454, 62.040297], [34.493151, 62.043241], [34.455178, 62.064729], [34.307407, 62.110356], [34.284152, 62.12949], [34.30358, 62.137143], [34.28739, 62.15451], [34.236465, 62.184241], [34.277088, 62.206024], [34.284152, 62.211617], [34.281209, 62.216033], [34.260603, 62.228985], [34.257071, 62.234578], [34.258543, 62.239287], [34.261781, 62.243703], [34.263547, 62.249001], [34.264136, 62.262836], [34.263841, 62.270196], [34.257954, 62.276083], [34.207912, 62.310818], [34.154043, 62.337605], [34.116365, 62.384998], [34.075743, 62.422676], [34.023346, 62.417672], [34.037475, 62.403837], [34.020402, 62.380582], [34.005095, 62.374695], [33.989788, 62.382643], [33.942984, 62.432979], [33.932093, 62.452407], [33.927677, 62.475367], [33.928855, 62.486259], [33.932976, 62.505687], [33.935036, 62.524526], [33.938275, 62.525409], [33.942984, 62.524526], [33.948283, 62.52747], [33.950343, 62.52747], [33.960646, 62.534829], [33.969771, 62.54366], [33.968888, 62.547192], [33.981546, 62.54572], [34.052488, 62.522466], [34.068383, 62.513929], [34.070738, 62.513929], [34.07015, 62.511869], [34.071916, 62.499505], [34.071033, 62.475662], [34.0675, 62.453584], [34.073682, 62.437689], [34.10253, 62.431213], [34.139914, 62.403837], [34.164052, 62.392062], [34.172, 62.384115], [34.174943, 62.369396], [34.201142, 62.338488], [34.372756, 62.259893], [34.32242, 62.245175], [34.300342, 62.232223], [34.304463, 62.211617], [34.299754, 62.196016], [34.310939, 62.183653], [34.329484, 62.174233], [34.418677, 62.139498], [34.45871, 62.130667], [34.50051, 62.107412], [34.524059, 62.102408], [34.549669, 62.100053], [34.57469, 62.093871], [34.707448, 62.037942], [34.745421, 62.033232], [34.74336, 62.061491], [34.684193, 62.10594], [34.65564, 62.133022], [34.655346, 62.157454], [34.5585, 62.231928], [34.583226, 62.227513], [34.594707, 62.227513], [34.606187, 62.231928], [34.600005, 62.239582], [34.61384, 62.246941], [34.623849, 62.244292], [34.640333, 62.225747], [34.709803, 62.166874], [34.723344, 62.16187], [34.728937, 62.170995], [34.724521, 62.178943], [34.702444, 62.201314], [34.69479, 62.211617], [34.690964, 62.224275], [34.690375, 62.2334], [34.688903, 62.241937], [34.681838, 62.252534], [34.670064, 62.262542], [34.642982, 62.279615], [34.544076, 62.362332], [34.512285, 62.403837], [34.495211, 62.419438], [34.456944, 62.441221], [34.44517, 62.451818], [34.439577, 62.463887], [34.444875, 62.475367], [34.455472, 62.472424], [34.510518, 62.444754], [34.553496, 62.40472], [34.579694, 62.384998], [34.630913, 62.368513], [34.655346, 62.349085], [34.69479, 62.30758], [34.72717, 62.281087], [34.76691, 62.255183], [34.794874, 62.250473], [34.791636, 62.28668], [34.770442, 62.341137], [34.761022, 62.34938], [34.73659, 62.353501], [34.711863, 62.363803], [34.689197, 62.378227], [34.671241, 62.39324], [34.606187, 62.437394], [34.570274, 62.454468], [34.556439, 62.466242], [34.543782, 62.505098], [34.527003, 62.51599], [34.506692, 62.523643], [34.489619, 62.533651], [34.47755, 62.547781], [34.470485, 62.562205], [34.461654, 62.595762], [34.478727, 62.59223], [34.487558, 62.581044], [34.494034, 62.566915], [34.503159, 62.554257], [34.5167, 62.544837], [34.59765, 62.504509], [34.67183, 62.478017], [34.702444, 62.459177], [34.711275, 62.448286], [34.727759, 62.421204], [34.73659, 62.410607], [34.791636, 62.376755], [34.803411, 62.365275], [34.812242, 62.353795], [34.825488, 62.328185], [34.832258, 62.30287], [34.837263, 62.290212], [34.846388, 62.280498], [34.845505, 62.291684], [34.845799, 62.301987], [34.848154, 62.31229], [34.852569, 62.321415], [34.868171, 62.295805], [34.874352, 62.267546], [34.86611, 62.251062], [34.839029, 62.259893], [34.856396, 62.236049], [34.862872, 62.228985], [34.866993, 62.220448], [34.869348, 62.194544], [34.872292, 62.184241], [34.888482, 62.166579], [35.050971, 62.06002], [35.101896, 62.039414], [35.161652, 62.034116], [35.153704, 62.049717], [35.162535, 62.061786], [35.177547, 62.0715], [35.188439, 62.081214], [35.19256, 62.100936], [35.186378, 62.118304], [35.17166, 62.130961], [35.15076, 62.135671], [35.132215, 62.142442], [35.096597, 62.171289], [35.07923, 62.17806], [35.060979, 62.182769], [35.041846, 62.194544], [35.024184, 62.210145], [35.010349, 62.225747], [35.051854, 62.225747], [35.040374, 62.232223], [35.030071, 62.240465], [35.010349, 62.259893], [35.03743, 62.255477], [35.078935, 62.241642], [35.116908, 62.22398], [35.133687, 62.208085], [35.154587, 62.182475], [35.202568, 62.175116], [35.291466, 62.170701], [35.335621, 62.132139], [35.357698, 62.122719], [35.372711, 62.160398], [35.385957, 62.172761], [35.401559, 62.181003], [35.414511, 62.181003], [35.434233, 62.173055], [35.448951, 62.170112], [35.464258, 62.172172], [35.483097, 62.17806], [35.577883, 62.232811], [35.59319, 62.249001], [35.588185, 62.278732], [35.576117, 62.295805], [35.560221, 62.311112], [35.54462, 62.334956], [35.54197, 62.347025], [35.542559, 62.369691], [35.537849, 62.382937], [35.52843, 62.390885], [35.514594, 62.397655], [35.502231, 62.406486], [35.496933, 62.420616], [35.48663, 62.437394], [35.421281, 62.492735], [35.36388, 62.530708], [35.353872, 62.544249], [35.338859, 62.573685], [35.326201, 62.582222], [35.304124, 62.582516], [35.296765, 62.570447], [35.299709, 62.55308], [35.308834, 62.537478], [35.310306, 62.523937], [35.286757, 62.526587], [35.243485, 62.541011], [35.216404, 62.543954], [35.161063, 62.557201], [35.107489, 62.562205], [35.094537, 62.565443], [35.084528, 62.573979], [35.068927, 62.591936], [35.056269, 62.601355], [35.01918, 62.6199], [34.983856, 62.642861], [34.966488, 62.651397], [34.94706, 62.655813], [34.920862, 62.657284], [34.928221, 62.645804], [34.938818, 62.636973], [34.962367, 62.623138], [34.935875, 62.623138], [34.902611, 62.638151], [34.870526, 62.645804], [34.846388, 62.623138], [34.848743, 62.60165], [34.869348, 62.589286], [34.897018, 62.580161], [34.920862, 62.568386], [34.929104, 62.559261], [34.937935, 62.540128], [34.945, 62.530708], [34.956774, 62.521583], [34.97944, 62.508925], [34.989743, 62.499505], [34.994747, 62.490086], [34.99563, 62.481255], [34.99828, 62.472129], [35.014764, 62.453879], [35.020946, 62.444165], [35.03066, 62.423854], [35.023889, 62.423854], [35.017708, 62.435628], [34.989743, 62.46477], [34.983267, 62.475367], [34.974436, 62.496562], [34.968549, 62.505687], [34.959129, 62.515107], [34.937641, 62.531591], [34.927632, 62.541011], [34.915269, 62.563382], [34.905849, 62.569858], [34.886716, 62.568386], [34.896135, 62.550725], [34.90791, 62.533651], [34.895547, 62.536006], [34.887893, 62.542188], [34.876119, 62.557495], [34.866993, 62.562794], [34.84315, 62.569564], [34.832847, 62.574568], [34.816951, 62.589875], [34.79458, 62.620195], [34.739239, 62.664055], [34.713924, 62.675535], [34.702444, 62.660522], [34.711275, 62.646393], [34.770736, 62.595762], [34.739828, 62.612247], [34.718634, 62.63403], [34.700089, 62.658168], [34.678306, 62.681422], [34.625026, 62.720573], [34.564681, 62.753247], [34.575867, 62.775913], [34.574101, 62.796519], [34.562326, 62.815947], [34.544076, 62.835375], [34.529946, 62.856275], [34.519349, 62.863928], [34.506986, 62.859513], [34.493445, 62.85127], [34.484026, 62.854803], [34.454884, 62.896308], [34.451351, 62.906611], [34.458416, 62.911026], [34.522587, 62.92074], [34.544076, 62.917797], [34.556439, 62.910438], [34.56527, 62.901312], [34.575573, 62.893364], [34.605009, 62.887477], [34.640333, 62.869521], [34.640333, 62.863339], [34.657112, 62.844206], [34.687726, 62.823895], [34.719517, 62.812709], [34.739828, 62.821834], [34.765438, 62.842439], [34.806649, 62.850682], [34.850509, 62.847149], [34.883478, 62.832137], [34.896135, 62.824189], [34.999752, 62.782978], [35.013881, 62.780034], [35.029482, 62.778857], [35.046555, 62.774736], [35.059802, 62.767671], [35.065395, 62.756485], [34.976202, 62.767082], [34.976202, 62.759723], [35.044495, 62.739118], [35.119558, 62.735291], [35.216698, 62.698201], [35.376538, 62.672886], [35.415099, 62.65699], [35.418043, 62.633147], [35.412156, 62.618723], [35.42187, 62.611952], [35.437765, 62.607243], [35.452189, 62.599295], [35.463081, 62.590464], [35.479271, 62.581927], [35.496344, 62.575746], [35.510473, 62.574568], [35.480743, 62.599589], [35.475738, 62.609303], [35.480448, 62.625787], [35.494578, 62.636973], [35.512239, 62.640211], [35.527546, 62.633147], [35.543148, 62.614013], [35.549035, 62.603121], [35.55139, 62.591936], [35.552567, 62.572213], [35.556983, 62.565737], [35.585831, 62.568386], [35.609674, 62.567209], [35.686209, 62.552785], [35.705931, 62.551608], [35.715939, 62.547192], [35.719177, 62.542777], [35.725359, 62.528942], [35.730363, 62.523643], [35.805132, 62.478311], [35.825737, 62.459177], [35.839278, 62.436511], [35.846932, 62.407075], [35.843988, 62.378816], [35.818673, 62.350851], [35.819261, 62.340254], [35.823382, 62.328774], [35.825737, 62.317883], [35.798656, 62.284031], [35.791885, 62.273139], [35.776578, 62.192189], [35.760683, 62.167168], [35.737722, 62.148034], [35.687975, 62.116832], [35.668252, 62.094755], [35.66001, 62.057959], [35.67885, 62.029994], [35.712701, 62.0088], [35.776578, 61.984074], [35.828387, 61.97171], [35.853702, 61.961702], [35.871952, 61.946101], [35.866948, 61.932854], [35.833391, 61.909894], [35.860472, 61.876336], [35.83604, 61.868977], [35.823382, 61.858675], [35.825737, 61.847194], [35.846932, 61.83542], [35.861355, 61.832182], [35.908454, 61.828061], [35.913752, 61.824823], [35.916107, 61.81658], [35.921994, 61.814814], [35.931708, 61.81452], [35.939951, 61.813637], [35.947898, 61.811282], [35.956729, 61.807455], [35.957907, 61.804512], [35.97969, 61.783612], [36.004122, 61.752115], [36.033853, 61.723561], [36.042095, 61.706488], [36.03503, 61.68706], [36.020901, 61.664689], [36.026494, 61.654386], [36.045333, 61.648204], [36.135114, 61.608171], [36.182801, 61.574024], [36.213415, 61.545177], [36.231665, 61.512502], [36.223129, 61.479239], [36.283474, 61.474235], [36.342641, 61.460989], [36.395332, 61.435968], [36.435954, 61.395934], [36.445374, 61.375917], [36.448906, 61.353251], [36.445079, 61.330291], [36.432422, 61.310569], [36.405046, 61.294379], [36.349411, 61.27966], [36.332927, 61.259349], [36.383852, 61.2149], [36.401808, 61.204303], [36.433894, 61.19871], [36.450084, 61.193706], [36.45656, 61.183698], [36.448317, 61.171923], [36.43095, 61.17104], [36.395038, 61.177516], [36.379731, 61.169568], [36.294365, 61.103042], [36.265223, 61.09009], [36.209882, 61.0739], [36.175442, 61.068307], [36.158663, 61.068896], [36.141001, 61.0739], [36.132465, 61.080965], [36.122751, 61.090973], [36.110976, 61.09686], [36.096552, 61.091267], [36.078302, 61.071839], [36.053575, 61.031806], [36.037974, 61.012378], [35.987343, 60.975288], [35.931414, 60.954977], [35.870481, 60.94644], [35.805426, 60.944674], [35.816612, 60.939375], [35.828387, 60.93702], [35.840455, 60.936432], [35.853113, 60.937315], [35.843988, 60.936137], [35.835157, 60.933194], [35.826915, 60.928778], [35.818967, 60.922891], [35.921994, 60.92819], [35.94937, 60.922891], [35.927882, 60.887273], [35.921994, 60.881974], [35.904627, 60.877853], [35.876368, 60.859014], [35.859884, 60.854599]], [[35.140752, 61.984957], [35.143107, 62.005857], [35.140458, 62.017926], [35.129272, 62.025873], [35.106311, 62.034116], [35.096303, 62.037648], [35.082762, 62.040297], [35.070693, 62.03912], [35.065395, 62.030289], [35.067455, 62.022047], [35.076581, 62.009978], [35.078347, 62.002913], [35.078641, 61.952282], [35.082174, 61.94404], [35.108078, 61.94404], [35.124562, 61.947867], [35.13457, 61.959641], [35.140752, 61.984957]], [[34.681838, 61.94404], [34.681838, 61.951399], [34.667709, 61.956992], [34.651813, 61.965234], [34.637978, 61.976126], [34.628853, 61.988489], [34.611191, 62.002324], [34.601477, 62.00674], [34.592646, 62.00674], [34.585876, 62.000264], [34.584404, 61.990844], [34.587936, 61.982602], [34.604126, 61.974948], [34.61178, 61.966117], [34.623554, 61.947867], [34.636212, 61.93933], [34.651224, 61.938153], [34.681838, 61.94404]], [[35.347101, 61.997909], [35.353577, 62.016159], [35.348867, 62.029406], [35.319431, 62.075032], [35.319431, 62.081214], [35.301475, 62.091811], [35.279986, 62.096226], [35.257615, 62.093283], [35.236126, 62.081214], [35.223174, 62.066201], [35.21552, 62.047362], [35.216404, 62.028523], [35.229944, 62.012921], [35.211105, 62.00203], [35.195504, 61.9879], [35.183435, 61.970827], [35.174604, 61.951399], [35.171955, 61.935504], [35.170777, 61.905773], [35.152232, 61.869566], [35.160474, 61.858675], [35.180491, 61.855731], [35.202568, 61.855731], [35.211694, 61.85161], [35.219053, 61.843956], [35.226706, 61.840424], [35.236126, 61.848372], [35.236126, 61.854848], [35.232299, 61.86309], [35.227001, 61.871332], [35.222585, 61.876336], [35.245546, 61.887228], [35.306773, 61.896353], [35.319431, 61.906362], [35.320608, 61.916076], [35.325907, 61.935504], [35.326201, 61.94404], [35.323552, 61.950222], [35.314132, 61.965823], [35.311778, 61.971416], [35.318254, 61.9879], [35.347101, 61.997909]]]}}, {"type": "Feature", "properties": {"featurecla": "Lake", "scalerank": 2, "name": "Lake Saimaa", "name_en": "Saimaa", "src": "ne_10m_lakes"}, "geometry": {"type": "Polygon", "coordinates": [[[28.055407, 61.088912], [28.066005, 61.089207], [28.076013, 61.088029], [28.054819, 61.096271], [28.026265, 61.103925], [28.000067, 61.105102], [27.986526, 61.094211], [27.994768, 61.090384], [28.002716, 61.083319], [28.00566, 61.076843], [27.996829, 61.0739], [27.987409, 61.075666], [27.983583, 61.079787], [27.978578, 61.082436], [27.966215, 61.081259], [27.959739, 61.076843], [27.954441, 61.069779], [27.948259, 61.063008], [27.938839, 61.060065], [27.930303, 61.061831], [27.904104, 61.0739], [27.909108, 61.083319], [27.917056, 61.09009], [27.938251, 61.101276], [27.927948, 61.113345], [27.914996, 61.113345], [27.900866, 61.111578], [27.887031, 61.118349], [27.867897, 61.14072], [27.856712, 61.146313], [27.835812, 61.149551], [27.828453, 61.149551], [27.821094, 61.150434], [27.814323, 61.152495], [27.807847, 61.155733], [27.824626, 61.160737], [27.861421, 61.156322], [27.873196, 61.15956], [27.895862, 61.179577], [27.909108, 61.187819], [27.921472, 61.191057], [27.936779, 61.193117], [27.966215, 61.202243], [27.983288, 61.204303], [28.001833, 61.202243], [28.038923, 61.193117], [28.076307, 61.190468], [28.088082, 61.188113], [28.109865, 61.177516], [28.134003, 61.169274], [28.137535, 61.166624], [28.137535, 61.153378], [28.139301, 61.147785], [28.144305, 61.142781], [28.170209, 61.13395], [28.199351, 61.137188], [28.260874, 61.155733], [28.250276, 61.158971], [28.242329, 61.162798], [28.238208, 61.168685], [28.239679, 61.177516], [28.158435, 61.177516], [28.139007, 61.181931], [28.128998, 61.192529], [28.121345, 61.206069], [28.109865, 61.218433], [28.092203, 61.225203], [28.071892, 61.229324], [28.054819, 61.237272], [28.040395, 61.275834], [28.022733, 61.277305], [27.983288, 61.265531], [27.97328, 61.266708], [27.963271, 61.272007], [27.955618, 61.273184], [27.945021, 61.271124], [27.92677, 61.262587], [27.917645, 61.259349], [27.907637, 61.25876], [27.886442, 61.260527], [27.876728, 61.259349], [27.868486, 61.254639], [27.862305, 61.247575], [27.856123, 61.241393], [27.84582, 61.239038], [27.657427, 61.259349], [27.687158, 61.245808], [27.694517, 61.236389], [27.691573, 61.218433], [27.679799, 61.201948], [27.663314, 61.197238], [27.514955, 61.225203], [27.479926, 61.224614], [27.485224, 61.236978], [27.485224, 61.247869], [27.478748, 61.255522], [27.465796, 61.259349], [27.469623, 61.244631], [27.472566, 61.239038], [27.455199, 61.240804], [27.44784, 61.250224], [27.442247, 61.260821], [27.43165, 61.265531], [27.42017, 61.26347], [27.383374, 61.245808], [27.395149, 61.271712], [27.426646, 61.280838], [27.46403, 61.279072], [27.493172, 61.273184], [27.479042, 61.288197], [27.410456, 61.314101], [27.385729, 61.330291], [27.376604, 61.334412], [27.36424, 61.336767], [27.340397, 61.337944], [27.328622, 61.341182], [27.330094, 61.346775], [27.3298, 61.348836], [27.328917, 61.350602], [27.328622, 61.355018], [27.319497, 61.348836], [27.315082, 61.342066], [27.31567, 61.335001], [27.321852, 61.32823], [27.321852, 61.320871], [27.300658, 61.319694], [27.279758, 61.314984], [27.259447, 61.313218], [27.239136, 61.320871], [27.251205, 61.32146], [27.261802, 61.323815], [27.271516, 61.327936], [27.280935, 61.334412], [27.270633, 61.340005], [27.266512, 61.341182], [27.280935, 61.355018], [27.276226, 61.356195], [27.273576, 61.357667], [27.266512, 61.361788], [27.286823, 61.375623], [27.275931, 61.37474], [27.265334, 61.376212], [27.255326, 61.378861], [27.2462, 61.382982], [27.258269, 61.394757], [27.283879, 61.403588], [27.342163, 61.416245], [27.332743, 61.422427], [27.328622, 61.423899], [27.335981, 61.428903], [27.344224, 61.433024], [27.353349, 61.435673], [27.362769, 61.436851], [27.355115, 61.449214], [27.339514, 61.455101], [27.322146, 61.455396], [27.308017, 61.451275], [27.310666, 61.447153], [27.315082, 61.436851], [27.302424, 61.436262], [27.289766, 61.437734], [27.266512, 61.44421], [27.270633, 61.454218], [27.274165, 61.458045], [27.259741, 61.457162], [27.245612, 61.458339], [27.231777, 61.460694], [27.218825, 61.464815], [27.248261, 61.495724], [27.262979, 61.499845], [27.280935, 61.485421], [27.283585, 61.490719], [27.291827, 61.500728], [27.294476, 61.505732], [27.312432, 61.488364], [27.332449, 61.475707], [27.383374, 61.458045], [27.376015, 61.474824], [27.388084, 61.475707], [27.418109, 61.464815], [27.43636, 61.465404], [27.453433, 61.468936], [27.469623, 61.470703], [27.486402, 61.464815], [27.481397, 61.480417], [27.468445, 61.485715], [27.43842, 61.485421], [27.370716, 61.503377], [27.326562, 61.50897], [27.307428, 61.516918], [27.290355, 61.526926], [27.277403, 61.536935], [27.275637, 61.547826], [27.280935, 61.562839], [27.281524, 61.579323], [27.266512, 61.595219], [27.284468, 61.611997], [27.285351, 61.622889], [27.281818, 61.633486], [27.286823, 61.64997], [27.273871, 61.65939], [27.293299, 61.67558], [27.326562, 61.68706], [27.355704, 61.683234], [27.35276, 61.675874], [27.352466, 61.673225], [27.353938, 61.67087], [27.355704, 61.663511], [27.308017, 61.622595], [27.326856, 61.605227], [27.337453, 61.599045], [27.342163, 61.605227], [27.346284, 61.621711], [27.355998, 61.632897], [27.369245, 61.634663], [27.383374, 61.622595], [27.378664, 61.608171], [27.36689, 61.597868], [27.351288, 61.58786], [27.334804, 61.574613], [27.342163, 61.567843], [27.33657, 61.564605], [27.333627, 61.561072], [27.328622, 61.554302], [27.322146, 61.556068], [27.31361, 61.551947], [27.303601, 61.543705], [27.294476, 61.533697], [27.323029, 61.532225], [27.416343, 61.509264], [27.432827, 61.509264], [27.465796, 61.513385], [27.527907, 61.513385], [27.527907, 61.519567], [27.514072, 61.51839], [27.503475, 61.521922], [27.486402, 61.533697], [27.499942, 61.546943], [27.444602, 61.548709], [27.424879, 61.554302], [27.469034, 61.561072], [27.478748, 61.564899], [27.477865, 61.573436], [27.474333, 61.583738], [27.476393, 61.591981], [27.476393, 61.601106], [27.469328, 61.61553], [27.463147, 61.632897], [27.465796, 61.64997], [27.48699, 61.632603], [27.498765, 61.627893], [27.514072, 61.628776], [27.501708, 61.61553], [27.490523, 61.599928], [27.487579, 61.584327], [27.499942, 61.571375], [27.517899, 61.566665], [27.544391, 61.564605], [27.570001, 61.565782], [27.585897, 61.571375], [27.602675, 61.580206], [27.663903, 61.589037], [27.717477, 61.61288], [27.732784, 61.622595], [27.632995, 61.61553], [27.623281, 61.616413], [27.610918, 61.619357], [27.600026, 61.624361], [27.595611, 61.632309], [27.601204, 61.638196], [27.61445, 61.638785], [27.643298, 61.636135], [27.654189, 61.63849], [27.680093, 61.647615], [27.691573, 61.64997], [27.753095, 61.642317], [27.763398, 61.646732], [27.766931, 61.656741], [27.767519, 61.666455], [27.770463, 61.67087], [27.780177, 61.673814], [27.789008, 61.681173], [27.796956, 61.690004], [27.801371, 61.697657], [27.780471, 61.700895], [27.753979, 61.700307], [27.735728, 61.703545], [27.739555, 61.717968], [27.715711, 61.726211], [27.698932, 61.736513], [27.671262, 61.759768], [27.649479, 61.767127], [27.611801, 61.761829], [27.595611, 61.773309], [27.608857, 61.780374], [27.618571, 61.789793], [27.621809, 61.801274], [27.615922, 61.814814], [27.678033, 61.800685], [27.657427, 61.78685], [27.702465, 61.779196], [27.712179, 61.773309], [27.714828, 61.763595], [27.706586, 61.749465], [27.708941, 61.742401], [27.728369, 61.737397], [27.758688, 61.742401], [27.787242, 61.753292], [27.801371, 61.766539], [27.817267, 61.759179], [27.825803, 61.745344], [27.823448, 61.732098], [27.807847, 61.725622], [27.831985, 61.701484], [27.841699, 61.696774], [27.849353, 61.70119], [27.856123, 61.708254], [27.863188, 61.711198], [27.879083, 61.705311], [27.913524, 61.681762], [27.925004, 61.67087], [27.917645, 61.672048], [27.91323, 61.672048], [27.904104, 61.67087], [27.918528, 61.664689], [27.933541, 61.659979], [27.944138, 61.653503], [27.94561, 61.642317], [27.912935, 61.622595], [27.904104, 61.61553], [27.918528, 61.617296], [27.924415, 61.619062], [27.932069, 61.622595], [27.94561, 61.608759], [27.938251, 61.6014], [27.943843, 61.593158], [27.950319, 61.586093], [27.957384, 61.580206], [27.966215, 61.574613], [28.015963, 61.544882], [28.031858, 61.523394], [28.034508, 61.485421], [28.050403, 61.489542], [28.062767, 61.489248], [28.074541, 61.490425], [28.089554, 61.498962], [28.091614, 61.503966], [28.092497, 61.519861], [28.096324, 61.526926], [28.102506, 61.528398], [28.13047, 61.526926], [28.127232, 61.531636], [28.123111, 61.538995], [28.120168, 61.54606], [28.120168, 61.550475], [28.124583, 61.551947], [28.135474, 61.55754], [28.1446, 61.564016], [28.144305, 61.567843], [28.15608, 61.563427], [28.156374, 61.555774], [28.154019, 61.545765], [28.157257, 61.533697], [28.180218, 61.516623], [28.19788, 61.530753], [28.21407, 61.556657], [28.233498, 61.574613], [28.228199, 61.576674], [28.219368, 61.581089], [28.212304, 61.582267], [28.221134, 61.591686], [28.239385, 61.607288], [28.24645, 61.61553], [28.247627, 61.62024], [28.245861, 61.631425], [28.24645, 61.636135], [28.249688, 61.639373], [28.258224, 61.645555], [28.260874, 61.64997], [28.26264, 61.661451], [28.260874, 61.690887], [28.256458, 61.710315], [28.256164, 61.721206], [28.260874, 61.732392], [28.250865, 61.732392], [28.242329, 61.731215], [28.233792, 61.72886], [28.22555, 61.725622], [28.242917, 61.742989], [28.273826, 61.756825], [28.307972, 61.765361], [28.335348, 61.766539], [28.335348, 61.759768], [28.324751, 61.760063], [28.317686, 61.758885], [28.312682, 61.75447], [28.308855, 61.745933], [28.388922, 61.744461], [28.404818, 61.738574], [28.402168, 61.757119], [28.38745, 61.764184], [28.369494, 61.768599], [28.356542, 61.780079], [28.403935, 61.771543], [28.418653, 61.766539], [28.427189, 61.756825], [28.434843, 61.743873], [28.444262, 61.737102], [28.458981, 61.745933], [28.445146, 61.752998], [28.441024, 61.764184], [28.445146, 61.793031], [28.483118, 61.763006], [28.508139, 61.750349], [28.527862, 61.752115], [28.53316, 61.768893], [28.516382, 61.783612], [28.479292, 61.800685], [28.513438, 61.815403], [28.527273, 61.825117], [28.534632, 61.841601], [28.517853, 61.841013], [28.501369, 61.842485], [28.486062, 61.847489], [28.47311, 61.855731], [28.502252, 61.861913], [28.532572, 61.853965], [28.562891, 61.841601], [28.64914, 61.82394], [28.675338, 61.810104], [28.685052, 61.812165], [28.692117, 61.817758], [28.699182, 61.820996], [28.716255, 61.818641], [28.75305, 61.808927], [28.766886, 61.807455], [28.782192, 61.813342], [28.795733, 61.822173], [28.809274, 61.826], [28.825464, 61.818052], [28.849307, 61.811576], [28.864614, 61.826294], [28.859316, 61.844251], [28.821932, 61.848372], [28.821932, 61.855731], [28.830174, 61.855731], [28.849896, 61.862207], [28.842243, 61.875453], [28.831646, 61.881341], [28.663269, 61.896648], [28.630006, 61.90489], [28.603513, 61.924023], [28.774245, 61.924023], [28.76718, 61.926673], [28.75305, 61.934915], [28.746869, 61.937858], [28.741865, 61.938447], [28.705069, 61.938742], [28.693, 61.941391], [28.585263, 61.9879], [28.51962, 61.997909], [28.453682, 62.021164], [28.395104, 62.031761], [28.363607, 62.044713], [28.308855, 62.075032], [28.357425, 62.067084], [28.404818, 62.053838], [28.440436, 62.034116], [28.451033, 62.034999], [28.473993, 62.033527], [28.486945, 62.034116], [28.445146, 62.047656], [28.452505, 62.053838], [28.424834, 62.06679], [28.358897, 62.069734], [28.308561, 62.100347], [28.274709, 62.108884], [28.239385, 62.110062], [28.212304, 62.102408], [28.287661, 62.081214], [28.257636, 62.082097], [28.199351, 62.097993], [28.170798, 62.102408], [28.177863, 62.094755], [28.153136, 62.090339], [28.101328, 62.111533], [28.076013, 62.109178], [28.083078, 62.10594], [28.096324, 62.097993], [28.103389, 62.094755], [28.071009, 62.089162], [28.034802, 62.099759], [27.998301, 62.115066], [27.966215, 62.122719], [27.940311, 62.125368], [27.911463, 62.132433], [27.884382, 62.143325], [27.863188, 62.157454], [27.892035, 62.165696], [27.922944, 62.16864], [27.986526, 62.163636], [27.986526, 62.170701], [27.933541, 62.199548], [27.914701, 62.218976], [27.917645, 62.245763], [27.89233, 62.251945], [27.883499, 62.252534], [27.886737, 62.25636], [27.888797, 62.259893], [27.891447, 62.263425], [27.89704, 62.266663], [27.885854, 62.282853], [27.864954, 62.300809], [27.841699, 62.315233], [27.821977, 62.321415], [27.821977, 62.328185], [27.938251, 62.321415], [27.925887, 62.343787], [27.903221, 62.348496], [27.852885, 62.341726], [27.828453, 62.341432], [27.817856, 62.345258], [27.815206, 62.355561], [27.823448, 62.361743], [27.8573, 62.368219], [27.869958, 62.376755], [27.861716, 62.382937], [27.830219, 62.400305], [27.818739, 62.403837], [27.816972, 62.410902], [27.787242, 62.440044], [27.780471, 62.444754], [27.790774, 62.452407], [27.784298, 62.457706], [27.773995, 62.463298], [27.773701, 62.472129], [27.743676, 62.470658], [27.736317, 62.46477], [27.76016, 62.431213], [27.770757, 62.410607], [27.77164, 62.394417], [27.761632, 62.384998], [27.739555, 62.382937], [27.721893, 62.387058], [27.663903, 62.417672], [27.657427, 62.434451], [27.595905, 62.455939], [27.585897, 62.462121], [27.578832, 62.46271], [27.57736, 62.453584], [27.580009, 62.442693], [27.585897, 62.437394], [27.595022, 62.435923], [27.618571, 62.426209], [27.626519, 62.420616], [27.625047, 62.407664], [27.605619, 62.395006], [27.579715, 62.38853], [27.558226, 62.39324], [27.483164, 62.437394], [27.472566, 62.439749], [27.45726, 62.445342], [27.446368, 62.45329], [27.448429, 62.462121], [27.460203, 62.465948], [27.506713, 62.46477], [27.506713, 62.472129], [27.489934, 62.477134], [27.460203, 62.490086], [27.441658, 62.492735], [27.439303, 62.494501], [27.418109, 62.505687], [27.386023, 62.514223], [27.376604, 62.520111], [27.3716, 62.503626], [27.382785, 62.491557], [27.401036, 62.483315], [27.418109, 62.478311], [27.418109, 62.472129], [27.340397, 62.471541], [27.305662, 62.455351], [27.294182, 62.455056], [27.270338, 62.459177], [27.254148, 62.465065], [27.256503, 62.476839], [27.266806, 62.486553], [27.274165, 62.485965], [27.262685, 62.504804], [27.243257, 62.513929], [27.221474, 62.520111], [27.201751, 62.530708], [27.192921, 62.536889], [27.173198, 62.547487], [27.164073, 62.554257], [27.125217, 62.593407], [27.119918, 62.600472], [27.117269, 62.60842], [27.116386, 62.619311], [27.120801, 62.632852], [27.130515, 62.627259], [27.139935, 62.61519], [27.143173, 62.609303], [27.194687, 62.561027], [27.214998, 62.556318], [27.310372, 62.502743], [27.31832, 62.496267], [27.328917, 62.493029], [27.338336, 62.498033], [27.338631, 62.505981], [27.321852, 62.513046], [27.329211, 62.524821], [27.341574, 62.528059], [27.355704, 62.528942], [27.370422, 62.533651], [27.358059, 62.542777], [27.342752, 62.559261], [27.333038, 62.575157], [27.338631, 62.582222], [27.355704, 62.573979], [27.375721, 62.558967], [27.393677, 62.550136], [27.404274, 62.561027], [27.386023, 62.570741], [27.388673, 62.583693], [27.403097, 62.591347], [27.421347, 62.585165], [27.429295, 62.574274], [27.434299, 62.559556], [27.437537, 62.544249], [27.43842, 62.530708], [27.445191, 62.512163], [27.460498, 62.515401], [27.48964, 62.533651], [27.508773, 62.536889], [27.536738, 62.551019], [27.551456, 62.554257], [27.553222, 62.547781], [27.552045, 62.517167], [27.5544, 62.505687], [27.565586, 62.497739], [27.615922, 62.478311], [27.622692, 62.472129], [27.63064, 62.457411], [27.636527, 62.451818], [27.645064, 62.447992], [27.678033, 62.437394], [27.705408, 62.423854], [27.714828, 62.421204], [27.72307, 62.420616], [27.731313, 62.418555], [27.739555, 62.410607], [27.722482, 62.436806], [27.69334, 62.465948], [27.658016, 62.489791], [27.612684, 62.502743], [27.603853, 62.510102], [27.597966, 62.520405], [27.595611, 62.530708], [27.601792, 62.535123], [27.616511, 62.533357], [27.65625, 62.521877], [27.675089, 62.508631], [27.69069, 62.492441], [27.698049, 62.478311], [27.715711, 62.488908], [27.73249, 62.502743], [27.735728, 62.514812], [27.691868, 62.524232], [27.629757, 62.554257], [27.620632, 62.55985], [27.614744, 62.565737], [27.60768, 62.568681], [27.584719, 62.56191], [27.572062, 62.564265], [27.560287, 62.570153], [27.551456, 62.578395], [27.537032, 62.587226], [27.518193, 62.595174], [27.507007, 62.605771], [27.514072, 62.623138], [27.524375, 62.614307], [27.53556, 62.610186], [27.548218, 62.607537], [27.562053, 62.602533], [27.553517, 62.601944], [27.534089, 62.595762], [27.559993, 62.585165], [27.574711, 62.581927], [27.599143, 62.589875], [27.615627, 62.58752], [27.631523, 62.581338], [27.643298, 62.574568], [27.615922, 62.602533], [27.622692, 62.616073], [27.617982, 62.627554], [27.607091, 62.636679], [27.595611, 62.643449], [27.600615, 62.65699], [27.585308, 62.66847], [27.592373, 62.681422], [27.599143, 62.684955], [27.616511, 62.688781], [27.623281, 62.692019], [27.627991, 62.697612], [27.628579, 62.702028], [27.630051, 62.706443], [27.636527, 62.712331], [27.632701, 62.72175], [27.628285, 62.729992], [27.615922, 62.745888], [27.630051, 62.743533], [27.648596, 62.728815], [27.660665, 62.725577], [27.672734, 62.730581], [27.678916, 62.742356], [27.680093, 62.756191], [27.678033, 62.767082], [27.668907, 62.775324], [27.655661, 62.782389], [27.645653, 62.789454], [27.64683, 62.797696], [27.643886, 62.800345], [27.634172, 62.80064], [27.622692, 62.795047], [27.615922, 62.780034], [27.603264, 62.791514], [27.608563, 62.804172], [27.622987, 62.815064], [27.636527, 62.822128], [27.648302, 62.826249], [27.660959, 62.828016], [27.673912, 62.827427], [27.69069, 62.8236], [27.698344, 62.819773], [27.683331, 62.828604], [27.643298, 62.835375], [27.647124, 62.846561], [27.643298, 62.852153], [27.63741, 62.856275], [27.636527, 62.863339], [27.641531, 62.873936], [27.64683, 62.872759], [27.655661, 62.868638], [27.671262, 62.869521], [27.689218, 62.878941], [27.699521, 62.892187], [27.700993, 62.906316], [27.698049, 62.917797], [27.662431, 62.93016], [27.650068, 62.931632], [27.637705, 62.929277], [27.622398, 62.920152], [27.60974, 62.917797], [27.611801, 62.913087], [27.614156, 62.901607], [27.615922, 62.896897], [27.597082, 62.89307], [27.582953, 62.898663], [27.569707, 62.900135], [27.5544, 62.88365], [27.564702, 62.875408], [27.568824, 62.865694], [27.571178, 62.854508], [27.575594, 62.841556], [27.550867, 62.831254], [27.533794, 62.835963], [27.503475, 62.866283], [27.477276, 62.884828], [27.453727, 62.891304], [27.390144, 62.889832], [27.395443, 62.900135], [27.397209, 62.908966], [27.393677, 62.915147], [27.383374, 62.917797], [27.396915, 62.929866], [27.40133, 62.94164], [27.394854, 62.949588], [27.376604, 62.951354], [27.384257, 62.966367], [27.389556, 62.973137], [27.396915, 62.979319], [27.356881, 62.986089], [27.342163, 62.986089], [27.355704, 62.999924], [27.343635, 63.003751], [27.308017, 63.008166], [27.300658, 63.010227], [27.293887, 63.020235], [27.277992, 63.025534], [27.259741, 63.027594], [27.2462, 63.027006], [27.254737, 63.03878], [27.269161, 63.041724], [27.285645, 63.042901], [27.300658, 63.047611], [27.226184, 63.067922], [27.220296, 63.066451], [27.212643, 63.05762], [27.204989, 63.05497], [27.195864, 63.057031], [27.189683, 63.061741], [27.182912, 63.064684], [27.171138, 63.061152], [27.164956, 63.069983], [27.164956, 63.076459], [27.171138, 63.08058], [27.184678, 63.081757], [27.170843, 63.093238], [27.166133, 63.100302], [27.164073, 63.109722], [27.215881, 63.092943], [27.241491, 63.089411], [27.266512, 63.095887], [27.232365, 63.116492], [27.224712, 63.12444], [27.217941, 63.133271], [27.209111, 63.140336], [27.194687, 63.14328], [27.183207, 63.149167], [27.149943, 63.177131], [27.129927, 63.184785], [27.171138, 63.184785], [27.166133, 63.190083], [27.156714, 63.205979], [27.176142, 63.200975], [27.200574, 63.202741], [27.2462, 63.212161], [27.237664, 63.235121], [27.225595, 63.259259], [27.210288, 63.271917], [27.19086, 63.260437], [27.184678, 63.267207], [27.187916, 63.273094], [27.189094, 63.27751], [27.189388, 63.281925], [27.19086, 63.287812], [27.182029, 63.286341], [27.174964, 63.290167], [27.169077, 63.298115], [27.164073, 63.308418], [27.181735, 63.317543], [27.198219, 63.328729], [27.205578, 63.312539], [27.225006, 63.298115], [27.247967, 63.291933], [27.266512, 63.301353], [27.23943, 63.319309], [27.227655, 63.332556], [27.229127, 63.345802], [27.235015, 63.361698], [27.224712, 63.369057], [27.208816, 63.365525], [27.198219, 63.349334], [27.191743, 63.357871], [27.191154, 63.364936], [27.194981, 63.372001], [27.201751, 63.379654], [27.201457, 63.385247], [27.177614, 63.403792], [27.167605, 63.416155], [27.159952, 63.430579], [27.161129, 63.443531], [27.177614, 63.452362], [27.166722, 63.46502], [27.165545, 63.479149], [27.170549, 63.493573], [27.177614, 63.507408], [27.151121, 63.519771], [27.115797, 63.528014], [27.023367, 63.538905], [27.011592, 63.53655], [27.007177, 63.524187], [27.01277, 63.514767], [27.039262, 63.50417], [27.047505, 63.493279], [27.011592, 63.491218], [26.979212, 63.493279], [26.981861, 63.503287], [26.978329, 63.51094], [26.969793, 63.516828], [26.958901, 63.521243], [26.971853, 63.539199], [26.952719, 63.547147], [26.897085, 63.548619], [26.900617, 63.551857], [26.902972, 63.555389], [26.90621, 63.558922], [26.911508, 63.56216], [26.884721, 63.580705], [26.877362, 63.591007], [26.893552, 63.595717], [26.912686, 63.594834], [26.927993, 63.591596], [26.941534, 63.584237], [26.955369, 63.571579], [26.973031, 63.559216], [26.988632, 63.559216], [27.003939, 63.564515], [27.020129, 63.567753], [27.035436, 63.566281], [27.043972, 63.561571], [27.057807, 63.544792], [27.071937, 63.538611], [27.090482, 63.540082], [27.122568, 63.548619], [27.129044, 63.551563], [27.138758, 63.560394], [27.146705, 63.56216], [27.149355, 63.560394], [27.152887, 63.551857], [27.156714, 63.548619], [27.185267, 63.533312], [27.197042, 63.518299], [27.197336, 63.499166], [27.19086, 63.472673], [27.207933, 63.470024], [27.226772, 63.463253], [27.26033, 63.445003], [27.272693, 63.433523], [27.279464, 63.420865], [27.286823, 63.390251], [27.260036, 63.404969], [27.23737, 63.433523], [27.212054, 63.44883], [27.177614, 63.424397], [27.2462, 63.390251], [27.274459, 63.369057], [27.274165, 63.342564], [27.293887, 63.336971], [27.307428, 63.338737], [27.318614, 63.346685], [27.331566, 63.359932], [27.341574, 63.366113], [27.354232, 63.370234], [27.365418, 63.369057], [27.370422, 63.359932], [27.367773, 63.353161], [27.36218, 63.344036], [27.357176, 63.333439], [27.355704, 63.32137], [27.353643, 63.316071], [27.348934, 63.309595], [27.34805, 63.304002], [27.355704, 63.301353], [27.364535, 63.301942], [27.371305, 63.304002], [27.377487, 63.308124], [27.383374, 63.315188], [27.395737, 63.302531], [27.383963, 63.294288], [27.361591, 63.289284], [27.341869, 63.287812], [27.335393, 63.281042], [27.321558, 63.249251], [27.308017, 63.239242], [27.362769, 63.212161], [27.321852, 63.198326], [27.347167, 63.19862], [27.358942, 63.19656], [27.370422, 63.191555], [27.346579, 63.185374], [27.334215, 63.183902], [27.321852, 63.184785], [27.334804, 63.180664], [27.348345, 63.178309], [27.36218, 63.177426], [27.376604, 63.178015], [27.376604, 63.171244], [27.355704, 63.167123], [27.340397, 63.158881], [27.322441, 63.155054], [27.294476, 63.164768], [27.254737, 63.185374], [27.232954, 63.18714], [27.218825, 63.171244], [27.237075, 63.168006], [27.245317, 63.159175], [27.251205, 63.147989], [27.26033, 63.137098], [27.272104, 63.132094], [27.301247, 63.123852], [27.308017, 63.116492], [27.299775, 63.117081], [27.282407, 63.115904], [27.274165, 63.116492], [27.274165, 63.109722], [27.328917, 63.103835], [27.355998, 63.096181], [27.376604, 63.081757], [27.365124, 63.079403], [27.353349, 63.08058], [27.328622, 63.088528], [27.350994, 63.045256], [27.400153, 63.012876], [27.460203, 62.99286], [27.514072, 62.986089], [27.562053, 62.986089], [27.575594, 62.982851], [27.588546, 62.976964], [27.602675, 62.972843], [27.617099, 62.973137], [27.629757, 62.979319], [27.630346, 62.991976], [27.587663, 63.016114], [27.575594, 63.033187], [27.620632, 63.022002], [27.64006, 63.012582], [27.643298, 62.999924], [27.664492, 62.993743], [27.675972, 62.981379], [27.684803, 62.966072], [27.698049, 62.951354], [27.71836, 62.940463], [27.744853, 62.932809], [27.771935, 62.931337], [27.794012, 62.938402], [27.798722, 62.948411], [27.811968, 62.964601], [27.816384, 62.979613], [27.794601, 62.986089], [27.780766, 62.984029], [27.767519, 62.980202], [27.756039, 62.979613], [27.746325, 62.986089], [27.74191, 62.997275], [27.746325, 63.005812], [27.767519, 63.020235], [27.72572, 63.044079], [27.725131, 63.054382], [27.721893, 63.061741], [27.715711, 63.066156], [27.705408, 63.067922], [27.721304, 63.085584], [27.740438, 63.098536], [27.757217, 63.099419], [27.767519, 63.081757], [27.773701, 63.081757], [27.781943, 63.094415], [27.798133, 63.105601], [27.816678, 63.113549], [27.831985, 63.116492], [27.849058, 63.110016], [27.852591, 63.081463], [27.869958, 63.075576], [27.869958, 63.067922], [27.854357, 63.066156], [27.83905, 63.058797], [27.826981, 63.046434], [27.821977, 63.030244], [27.830808, 63.021413], [27.850824, 63.011404], [27.87349, 63.003162], [27.890269, 62.999924], [27.911758, 63.004634], [27.922355, 63.016703], [27.928242, 63.031421], [27.935012, 63.044079], [27.950025, 63.045845], [28.010958, 63.043785], [28.027443, 63.040841], [28.035391, 63.02524], [28.063355, 63.009933], [28.097501, 62.998158], [28.1237, 62.993448], [28.186399, 62.991682], [28.216425, 62.997275], [28.233498, 63.014054], [28.219368, 63.014054], [28.219368, 63.020235], [28.276769, 63.043196], [28.29502, 63.047611], [28.305617, 63.047317], [28.325634, 63.042018], [28.336231, 63.040841], [28.345356, 63.042901], [28.355659, 63.047023], [28.366845, 63.049672], [28.376853, 63.047611], [28.383918, 63.023768], [28.377147, 63.020824], [28.362724, 63.019647], [28.335348, 63.020235], [28.302085, 63.031127], [28.284423, 63.029655], [28.267055, 63.014054], [28.281185, 63.015231], [28.288838, 63.010816], [28.293842, 63.00434], [28.301201, 62.999924], [28.348888, 62.993448], [28.348888, 62.986089], [28.277358, 62.986089], [28.239974, 62.990799], [28.226727, 62.987561], [28.233498, 62.973137], [28.219957, 62.966955], [28.203473, 62.964895], [28.174331, 62.965778], [28.162262, 62.964012], [28.1237, 62.951354], [28.1237, 62.945173], [28.185222, 62.945173], [28.169621, 62.929571], [28.134886, 62.905728], [28.1237, 62.889832], [28.15608, 62.887772], [28.192287, 62.881001], [28.225256, 62.868344], [28.24645, 62.848915], [28.219074, 62.849504], [28.13047, 62.841556], [28.136946, 62.838907], [28.150193, 62.831548], [28.157257, 62.829193], [28.152548, 62.820657], [28.146955, 62.813886], [28.13047, 62.801228], [28.146955, 62.799462], [28.164617, 62.793281], [28.179335, 62.783272], [28.185222, 62.77032], [28.189343, 62.752953], [28.200823, 62.738235], [28.21613, 62.727049], [28.233498, 62.719395], [28.222901, 62.718218], [28.213481, 62.714097], [28.205533, 62.707032], [28.198763, 62.698201], [28.215247, 62.697024], [28.230554, 62.706149], [28.247038, 62.712919], [28.267055, 62.70556], [28.275886, 62.693197], [28.274709, 62.6826], [28.271176, 62.67112], [28.273826, 62.657284], [28.233498, 62.650808], [28.233498, 62.643449], [28.335348, 62.62932], [28.405995, 62.600178], [28.421596, 62.595762], [28.433077, 62.593702], [28.486651, 62.573979], [28.534632, 62.574568], [28.562008, 62.57133], [28.620881, 62.556906], [28.6512, 62.554257], [28.631478, 62.54837], [28.623236, 62.547192], [28.623236, 62.541011], [28.642664, 62.535712], [28.654438, 62.526881], [28.671806, 62.505687], [28.698593, 62.482432], [28.714489, 62.472718], [28.732739, 62.46477], [28.89199, 62.426503], [28.912007, 62.410607], [28.946448, 62.406781], [28.959988, 62.399421], [28.96617, 62.382937], [28.934379, 62.387058], [28.900527, 62.398244], [28.866969, 62.405014], [28.836355, 62.396478], [28.852251, 62.385292], [28.887869, 62.368808], [28.897583, 62.355561], [28.876978, 62.357916], [28.821637, 62.376167], [28.793673, 62.393829], [28.780132, 62.394417], [28.753639, 62.390296], [28.739804, 62.392651], [28.706541, 62.410607], [28.60734, 62.419144], [28.586146, 62.42768], [28.564363, 62.453584], [28.546996, 62.467125], [28.527862, 62.472129], [28.524624, 62.48567], [28.504901, 62.495384], [28.458981, 62.505687], [28.515793, 62.509808], [28.543169, 62.508631], [28.568778, 62.499505], [28.576138, 62.494207], [28.587323, 62.483315], [28.596743, 62.478311], [28.625591, 62.470658], [28.63972, 62.469774], [28.6512, 62.472129], [28.607046, 62.507747], [28.511083, 62.560733], [28.431605, 62.568386], [28.412471, 62.576923], [28.376264, 62.598117], [28.356542, 62.602533], [28.356542, 62.595762], [28.362135, 62.59429], [28.376853, 62.588403], [28.358014, 62.568975], [28.3274, 62.570741], [28.294137, 62.579278], [28.267055, 62.582222], [28.250865, 62.573391], [28.205239, 62.52747], [28.215247, 62.517756], [28.21407, 62.509808], [28.208477, 62.500977], [28.202589, 62.476545], [28.195525, 62.469774], [28.184928, 62.466536], [28.170798, 62.46477], [28.170798, 62.460649], [28.172564, 62.457411], [28.177863, 62.451818], [28.174331, 62.450935], [28.171681, 62.450641], [28.170504, 62.449463], [28.170798, 62.444754], [28.186105, 62.44181], [28.202295, 62.427092], [28.219368, 62.423854], [28.200235, 62.417966], [28.173153, 62.418849], [28.146072, 62.424442], [28.127232, 62.434451], [28.108687, 62.440927], [28.087199, 62.439749], [28.067771, 62.442104], [28.055407, 62.459177], [28.075424, 62.460355], [28.085727, 62.459177], [28.093086, 62.455351], [28.09809, 62.455056], [28.1237, 62.46477], [28.11693, 62.472129], [28.129293, 62.477134], [28.135474, 62.478605], [28.144305, 62.478311], [28.134591, 62.488319], [28.134591, 62.502155], [28.14195, 62.514518], [28.154608, 62.520111], [28.155197, 62.523937], [28.11693, 62.547192], [28.128704, 62.55514], [28.126349, 62.561322], [28.119284, 62.567209], [28.11693, 62.574568], [28.121051, 62.583105], [28.137535, 62.602533], [28.111337, 62.608714], [28.077485, 62.635501], [28.055407, 62.643449], [28.056585, 62.652869], [28.050698, 62.658756], [28.0401, 62.662289], [28.027443, 62.664055], [28.046576, 62.676418], [28.071597, 62.674063], [28.098385, 62.666704], [28.1237, 62.664055], [28.111925, 62.671414], [28.076013, 62.684366], [28.080428, 62.706738], [28.056585, 62.715274], [28.024499, 62.717923], [28.003599, 62.722339], [27.999773, 62.729992], [28.000361, 62.748832], [27.996829, 62.756485], [27.98476, 62.76355], [27.969159, 62.76826], [27.952086, 62.769437], [27.938251, 62.767082], [27.921177, 62.755308], [27.906459, 62.739412], [27.88968, 62.725283], [27.866426, 62.719395], [27.814618, 62.714391], [27.789008, 62.707621], [27.767519, 62.698201], [27.776056, 62.69614], [27.779, 62.69408], [27.781649, 62.690548], [27.78783, 62.684366], [27.778411, 62.683188], [27.766931, 62.680245], [27.757217, 62.675241], [27.749857, 62.659639], [27.741321, 62.655813], [27.718949, 62.650808], [27.776939, 62.626965], [27.794012, 62.623138], [27.810791, 62.626082], [27.826686, 62.633441], [27.84376, 62.636973], [27.863188, 62.62932], [27.853768, 62.624021], [27.82963, 62.606359], [27.821977, 62.602533], [27.811968, 62.606065], [27.80873, 62.612835], [27.80667, 62.619606], [27.801371, 62.623138], [27.795778, 62.622255], [27.791952, 62.620195], [27.784298, 62.612541], [27.776939, 62.609009], [27.771052, 62.610481], [27.765753, 62.613719], [27.76016, 62.615485], [27.748091, 62.617251], [27.725425, 62.623138], [27.712179, 62.623138], [27.717772, 62.619606], [27.726897, 62.612247], [27.732784, 62.609303], [27.730724, 62.604888], [27.72778, 62.592819], [27.72572, 62.588403], [27.735139, 62.584871], [27.74191, 62.585165], [27.748386, 62.587226], [27.775467, 62.589286], [27.779, 62.58752], [27.799016, 62.573979], [27.810791, 62.562499], [27.817856, 62.55043], [27.815206, 62.541011], [27.815206, 62.533651], [27.832279, 62.530708], [27.853768, 62.521583], [27.874962, 62.510102], [27.890269, 62.499505], [27.901161, 62.485376], [27.898511, 62.473601], [27.887031, 62.463004], [27.869958, 62.451818], [27.8782, 62.44181], [27.89233, 62.432685], [27.909992, 62.426209], [27.948259, 62.420321], [27.986821, 62.405897], [28.007132, 62.403837], [28.017434, 62.406781], [28.022439, 62.410902], [28.024794, 62.415023], [28.036862, 62.427386], [28.043633, 62.430918], [28.051875, 62.42768], [28.055113, 62.421499], [28.056291, 62.413845], [28.055113, 62.406192], [28.046576, 62.392357], [28.047754, 62.387647], [28.050109, 62.383231], [28.048048, 62.376755], [28.034508, 62.365275], [27.994768, 62.338488], [27.986526, 62.324947], [27.977695, 62.315233], [27.937073, 62.300221], [27.925004, 62.28668], [27.939428, 62.258421], [27.985054, 62.245469], [28.076013, 62.231928], [28.073069, 62.235755], [28.069243, 62.245763], [28.097501, 62.24959], [28.149898, 62.246058], [28.177863, 62.252534], [28.170798, 62.258127], [28.162556, 62.262542], [28.153431, 62.265486], [28.144305, 62.266663], [28.144305, 62.273139], [28.190521, 62.270196], [28.205239, 62.266663], [28.25322, 62.247824], [28.273826, 62.245763], [28.299141, 62.249296], [28.252043, 62.267546], [28.233498, 62.280498], [28.307677, 62.293156], [28.342118, 62.294333], [28.376853, 62.280498], [28.360663, 62.273434], [28.349477, 62.264897], [28.3483, 62.254006], [28.363312, 62.239582], [28.381563, 62.234283], [28.414237, 62.241937], [28.443674, 62.229868], [28.490478, 62.224569], [28.500486, 62.222214], [28.508139, 62.207202], [28.526684, 62.201903], [28.549056, 62.203964], [28.568778, 62.211617], [28.566129, 62.21721], [28.562597, 62.231928], [28.582908, 62.223392], [28.58909, 62.218388], [28.583791, 62.232223], [28.57496, 62.246352], [28.569073, 62.259304], [28.572016, 62.269901], [28.580847, 62.272845], [28.613816, 62.266663], [28.622058, 62.269313], [28.619409, 62.2752], [28.613227, 62.28197], [28.610284, 62.28668], [28.618232, 62.306991], [28.621175, 62.30758], [28.625002, 62.299338], [28.634422, 62.294039], [28.661503, 62.294039], [28.670923, 62.296983], [28.678282, 62.301987], [28.68623, 62.305225], [28.699182, 62.300809], [28.685347, 62.314645], [28.715666, 62.31435], [28.728913, 62.318177], [28.740098, 62.328185], [28.693, 62.341726], [28.68623, 62.347613], [28.654438, 62.363215], [28.64443, 62.376755], [28.727146, 62.355561], [28.65591, 62.382937], [28.63766, 62.396478], [28.660914, 62.399421], [28.693294, 62.394123], [28.72538, 62.385292], [28.746869, 62.376755], [28.748046, 62.373223], [28.746869, 62.368513], [28.74628, 62.364098], [28.750401, 62.362332], [28.755111, 62.361154], [28.77395, 62.352323], [28.79956, 62.343787], [28.810746, 62.338194], [28.821932, 62.328185], [28.810746, 62.324653], [28.786314, 62.322298], [28.777483, 62.317883], [28.779249, 62.313761], [28.791318, 62.294039], [28.800149, 62.291095], [28.80633, 62.284914], [28.811335, 62.277555], [28.81575, 62.273139], [28.82517, 62.269018], [28.846658, 62.26372], [28.856667, 62.259893], [28.925548, 62.218388], [28.958222, 62.191306], [28.9803, 62.163636], [28.95675, 62.158926], [28.932907, 62.171878], [28.908769, 62.189245], [28.883748, 62.197782], [28.85755, 62.203081], [28.83665, 62.215738], [28.817222, 62.231634], [28.794556, 62.245763], [28.787785, 62.239582], [28.791318, 62.235166], [28.794556, 62.233694], [28.798088, 62.2334], [28.802209, 62.231928], [28.802504, 62.225452], [28.839299, 62.194544], [28.856372, 62.184536], [28.932024, 62.163636], [28.895523, 62.157748], [28.685347, 62.204552], [28.699182, 62.190717], [28.723614, 62.184241], [28.774245, 62.17806], [28.776011, 62.175116], [28.77395, 62.170112], [28.77395, 62.165696], [28.781015, 62.163636], [28.802504, 62.164813], [28.808391, 62.163636], [28.827525, 62.154216], [28.834884, 62.147151], [28.842537, 62.135671], [28.828408, 62.13626], [28.802209, 62.142736], [28.787785, 62.143325], [28.79014, 62.140381], [28.791318, 62.138909], [28.79279, 62.138026], [28.794556, 62.135671], [28.77866, 62.130667], [28.770418, 62.129195], [28.76041, 62.12949], [28.81104, 62.11536], [28.87374, 62.118892], [29.027986, 62.150095], [29.032402, 62.153039], [29.037406, 62.157454], [29.041233, 62.16187], [29.041822, 62.163636], [29.0586, 62.163341], [29.088331, 62.153333], [29.103638, 62.150095], [29.226682, 62.157454], [29.188121, 62.178648], [29.103932, 62.186891], [29.062133, 62.197782], [29.078617, 62.204258], [29.098045, 62.206024], [29.13749, 62.204552], [29.157507, 62.200431], [29.194891, 62.182181], [29.209904, 62.17806], [29.240517, 62.17806], [29.246405, 62.176293], [29.25553, 62.172172], [29.302334, 62.160398], [29.322056, 62.158926], [29.34325, 62.163636], [29.316463, 62.170112], [29.313225, 62.176882], [29.32706, 62.182181], [29.353259, 62.184241], [29.366505, 62.187479], [29.368566, 62.195133], [29.367094, 62.204258], [29.370038, 62.211617], [29.377985, 62.215444], [29.387405, 62.217504], [29.411543, 62.218388], [29.411543, 62.225747], [29.274664, 62.245763], [29.283789, 62.250179], [29.293797, 62.252534], [29.3041, 62.253122], [29.31558, 62.252534], [29.311459, 62.260776], [29.305572, 62.266663], [29.297624, 62.270784], [29.288204, 62.273139], [29.295269, 62.275789], [29.308221, 62.283736], [29.31558, 62.28668], [29.304394, 62.303459], [29.297624, 62.30964], [29.288204, 62.314645], [29.292914, 62.319354], [29.301745, 62.334956], [29.293209, 62.341432], [29.284083, 62.352029], [29.277313, 62.363509], [29.274664, 62.373223], [29.268482, 62.386469], [29.254058, 62.395006], [29.220501, 62.403837], [29.220501, 62.410607], [29.242284, 62.40943], [29.296152, 62.412668], [29.31558, 62.417672], [29.325, 62.425031], [29.33177, 62.435923], [29.335597, 62.448286], [29.335303, 62.459177], [29.319113, 62.489203], [29.263478, 62.532768], [29.240517, 62.561027], [29.231686, 62.556612], [29.223739, 62.554846], [29.206077, 62.554257], [29.214319, 62.567209], [29.225799, 62.570741], [29.239634, 62.571036], [29.254647, 62.574568], [29.263772, 62.582516], [29.275547, 62.602827], [29.281434, 62.609303], [29.308516, 62.614602], [29.339718, 62.608714], [29.365917, 62.59429], [29.377397, 62.574568], [29.364445, 62.578689], [29.350904, 62.581633], [29.33648, 62.58281], [29.322351, 62.582222], [29.363856, 62.541011], [29.359735, 62.528059], [29.367388, 62.516873], [29.381812, 62.508925], [29.398002, 62.505687], [29.38976, 62.526881], [29.388877, 62.533946], [29.391821, 62.541011], [29.401829, 62.549547], [29.41272, 62.551902], [29.419196, 62.548075], [29.414781, 62.537478], [29.411543, 62.523054], [29.424201, 62.514223], [29.453343, 62.505687], [29.458347, 62.503626], [29.473654, 62.499505], [29.475714, 62.493912], [29.473654, 62.487142], [29.472771, 62.48096], [29.49161, 62.475662], [29.54489, 62.448286], [29.580802, 62.439749], [29.597287, 62.431213], [29.605823, 62.420321], [29.611416, 62.409135], [29.618481, 62.40001], [29.64674, 62.392651], [29.662341, 62.385881], [29.677942, 62.382937], [29.692661, 62.390296], [29.677354, 62.404131], [29.679414, 62.417378], [29.677059, 62.427386], [29.626429, 62.434745], [29.601997, 62.443576], [29.581097, 62.456822], [29.569322, 62.472129], [29.607589, 62.467125], [29.624368, 62.466831], [29.631433, 62.475367], [29.623779, 62.485376], [29.587867, 62.493618], [29.576093, 62.499505], [29.571677, 62.526587], [29.591694, 62.543366], [29.623191, 62.551902], [29.651744, 62.554257], [29.63261, 62.564854], [29.617303, 62.57604], [29.589633, 62.602533], [29.613771, 62.614307], [29.64203, 62.623727], [29.671761, 62.62932], [29.699431, 62.62932], [29.696782, 62.625787], [29.692661, 62.623138], [29.721214, 62.607831], [29.800104, 62.576334], [29.816294, 62.557495], [29.810995, 62.535712], [29.809523, 62.533651], [29.807757, 62.534829], [29.804519, 62.533651], [29.802459, 62.531297], [29.802459, 62.52747], [29.807463, 62.522466], [29.81335, 62.521583], [29.819237, 62.521583], [29.823064, 62.520111], [29.831895, 62.508925], [29.863686, 62.478311], [29.894594, 62.441221], [29.904603, 62.444459], [29.926975, 62.44858], [29.947286, 62.448875], [29.949346, 62.441221], [29.919321, 62.415023], [29.911373, 62.410607], [29.896361, 62.411785], [29.869574, 62.422971], [29.85044, 62.423854], [29.85044, 62.417672], [29.856033, 62.406192], [29.848085, 62.393829], [29.832778, 62.384998], [29.816294, 62.382937], [29.830129, 62.369691], [29.82954, 62.361154], [29.82483, 62.354384], [29.816882, 62.352323], [29.790684, 62.367041], [29.773316, 62.366747], [29.741231, 62.355561], [29.741231, 62.34938], [29.751239, 62.350263], [29.759481, 62.349085], [29.767429, 62.346142], [29.775377, 62.341726], [29.772139, 62.338194], [29.770667, 62.334956], [29.76949, 62.331718], [29.768018, 62.328185], [29.835427, 62.315233], [29.856622, 62.30758], [29.785385, 62.30758], [29.776554, 62.310229], [29.755655, 62.320237], [29.747412, 62.321415], [29.742408, 62.316999], [29.741231, 62.303753], [29.737698, 62.300809], [29.722097, 62.301398], [29.713561, 62.303164], [29.675293, 62.322298], [29.657043, 62.326125], [29.639381, 62.324359], [29.623779, 62.314645], [29.639675, 62.304931], [29.654393, 62.293745], [29.657631, 62.284325], [29.637615, 62.280498], [29.626429, 62.283736], [29.605823, 62.297571], [29.59346, 62.300809], [29.541946, 62.300809], [29.541946, 62.294039], [29.559608, 62.287269], [29.569911, 62.275494], [29.575504, 62.264897], [29.579919, 62.259893], [29.590222, 62.256066], [29.603174, 62.246058], [29.627606, 62.222214], [29.654688, 62.206613], [29.697076, 62.193072], [29.739759, 62.186007], [29.768018, 62.191012], [29.761836, 62.204552], [29.768607, 62.209262], [29.770667, 62.209851], [29.771845, 62.211028], [29.775377, 62.218388], [29.817471, 62.208379], [29.837782, 62.199843], [29.872223, 62.17541], [29.895478, 62.170701], [29.974956, 62.170995], [29.983787, 62.167168], [30.003509, 62.153627], [30.019699, 62.137437], [30.020288, 62.131844], [30.007925, 62.12949], [29.999682, 62.12684], [29.982315, 62.114183], [29.973484, 62.109178], [29.948757, 62.11065], [29.939338, 62.109178], [29.934039, 62.102702], [29.929329, 62.092105], [29.922559, 62.084157], [29.911962, 62.085041], [29.857505, 62.123897], [29.832778, 62.13155], [29.825419, 62.135671], [29.812761, 62.146563], [29.800987, 62.153333], [29.789212, 62.153627], [29.768018, 62.150095], [29.666168, 62.157454], [29.682358, 62.14568], [29.699431, 62.135671], [29.685007, 62.123014], [29.667345, 62.12949], [29.648506, 62.142736], [29.630844, 62.150095], [29.605823, 62.151567], [29.594637, 62.153627], [29.583452, 62.157454], [29.574032, 62.163636], [29.567556, 62.170701], [29.560491, 62.176293], [29.548717, 62.17806], [29.55637, 62.170701], [29.544007, 62.164225], [29.53076, 62.164519], [29.518103, 62.169523], [29.508094, 62.17806], [29.522224, 62.165108], [29.530466, 62.154216], [29.534293, 62.142147], [29.535176, 62.126252], [29.527522, 62.113888], [29.513982, 62.101819], [29.507211, 62.090633], [29.521635, 62.081214], [29.496614, 62.074738], [29.470416, 62.083569], [29.443923, 62.096226], [29.417725, 62.102408], [29.436564, 62.076798], [29.460996, 62.058548], [29.521635, 62.034116], [29.516631, 62.028817], [29.508094, 62.012921], [29.528994, 62.007623], [29.566378, 61.984074], [29.607001, 61.973771], [29.650567, 61.95346], [29.67235, 61.951399], [29.661752, 61.959936], [29.637909, 61.968472], [29.627606, 61.974948], [29.621719, 61.984074], [29.622308, 61.990255], [29.623779, 61.995848], [29.620836, 62.002913], [29.607001, 62.016454], [29.633494, 62.032349], [29.643208, 62.034999], [29.653805, 62.035587], [29.666168, 62.034116], [29.701786, 62.015276], [29.761248, 61.949044], [29.802459, 61.930499], [29.794805, 61.919019], [29.767429, 61.913132], [29.754772, 61.903124], [29.762425, 61.898119], [29.770667, 61.893998], [29.779792, 61.891055], [29.788918, 61.889288], [29.774788, 61.875748], [29.751828, 61.875159], [29.727101, 61.881635], [29.707085, 61.889288], [29.741231, 61.841601], [29.718565, 61.818935], [29.6906, 61.833948], [29.660281, 61.853965], [29.631433, 61.848372], [29.645562, 61.844251], [29.660281, 61.842485], [29.67441, 61.838069], [29.68589, 61.828061], [29.6697, 61.828355], [29.661752, 61.822468], [29.657631, 61.813931], [29.651744, 61.807455], [29.636732, 61.800096], [29.62584, 61.797741], [29.566967, 61.800979], [29.536353, 61.797741], [29.507211, 61.790382], [29.479835, 61.780079], [29.511627, 61.773015], [29.524873, 61.766539], [29.527817, 61.752115], [29.520163, 61.741812], [29.508094, 61.742989], [29.493671, 61.748877], [29.480424, 61.752115], [29.470416, 61.748877], [29.463057, 61.741223], [29.44981, 61.721795], [29.438624, 61.718263], [29.428027, 61.727094], [29.411543, 61.752115], [29.406244, 61.744756], [29.400357, 61.739163], [29.392998, 61.735336], [29.383873, 61.732392], [29.385345, 61.726211], [29.383873, 61.722973], [29.383873, 61.717968], [29.41272, 61.712964], [29.424495, 61.708254], [29.432148, 61.697657], [29.420668, 61.697069], [29.410365, 61.695302], [29.400651, 61.69177], [29.390937, 61.68706], [29.377397, 61.684411], [29.328827, 61.690887], [29.30204, 61.689121], [29.298801, 61.683822], [29.329121, 61.663511], [29.309399, 61.646438], [29.298213, 61.639079], [29.284966, 61.636135], [29.270248, 61.635547], [29.257591, 61.632897], [29.247288, 61.626421], [29.240517, 61.61553], [29.281434, 61.61553], [29.263478, 61.608171], [29.252881, 61.601695], [29.2414, 61.598457], [29.220501, 61.6014], [29.164866, 61.621123], [29.144849, 61.622595], [29.151031, 61.618473], [29.152503, 61.615235], [29.151619, 61.608759], [29.140434, 61.613469], [29.128365, 61.615824], [29.116296, 61.616413], [29.103638, 61.61553], [29.103638, 61.608759], [29.124244, 61.6014], [29.104816, 61.597574], [29.083916, 61.603461], [29.062721, 61.611703], [29.041822, 61.61553], [29.053891, 61.605227], [29.096279, 61.589037], [29.102755, 61.583738], [29.10717, 61.577557], [29.113058, 61.571964], [29.124244, 61.567843], [29.103344, 61.561956], [29.059778, 61.576968], [29.041822, 61.574613], [29.035934, 61.579617], [29.02887, 61.584327], [29.021216, 61.587565], [29.004143, 61.590214], [29.002671, 61.592864], [29.003554, 61.596985], [29.000611, 61.6014], [28.987364, 61.609348], [28.814867, 61.683822], [28.774245, 61.690298], [28.733622, 61.690887], [28.721848, 61.689415], [28.715961, 61.683528], [28.712723, 61.67087], [28.719493, 61.651442], [28.718904, 61.640845], [28.706541, 61.636135], [28.69977, 61.641139], [28.676221, 61.6641], [28.665036, 61.67087], [28.667685, 61.646438], [28.651789, 61.638785], [28.596743, 61.642317], [28.597332, 61.637901], [28.598509, 61.634958], [28.603513, 61.628776], [28.599981, 61.622006], [28.602925, 61.614058], [28.609106, 61.606404], [28.617349, 61.6014], [28.631478, 61.59934], [28.656205, 61.606993], [28.671806, 61.608759], [28.669157, 61.615824], [28.667685, 61.618473], [28.665036, 61.622595], [28.710073, 61.615235], [28.727146, 61.61553], [28.748046, 61.620828], [28.760115, 61.621417], [28.796616, 61.607876], [28.821932, 61.602283], [28.817222, 61.601695], [28.81575, 61.6014], [28.810157, 61.592275], [28.821932, 61.584033], [28.841065, 61.577851], [28.856667, 61.574613], [28.839299, 61.569903], [28.828113, 61.573436], [28.808391, 61.589037], [28.790729, 61.595219], [28.773656, 61.596985], [28.703892, 61.592864], [28.685347, 61.589037], [28.671806, 61.582267], [28.662386, 61.569609], [28.666802, 61.563427], [28.699182, 61.554302], [28.692706, 61.546354], [28.684464, 61.541056], [28.675338, 61.538995], [28.665036, 61.539878], [28.674455, 61.53664], [28.684758, 61.533991], [28.695355, 61.533108], [28.706541, 61.533697], [28.669745, 61.518684], [28.658265, 61.509853], [28.675044, 61.505732], [28.68152, 61.508676], [28.683875, 61.513091], [28.687996, 61.513974], [28.70713, 61.499256], [28.711545, 61.494546], [28.711839, 61.488659], [28.706541, 61.479239], [28.670334, 61.463344], [28.574666, 61.500139], [28.534632, 61.498962], [28.541991, 61.491602], [28.550234, 61.485715], [28.559064, 61.481594], [28.568778, 61.479239], [28.56348, 61.464521], [28.568484, 61.450686], [28.578492, 61.439206], [28.58909, 61.430669], [28.559064, 61.404471], [28.505196, 61.394757], [28.350066, 61.398583], [28.343296, 61.392402], [28.341529, 61.374446], [28.346828, 61.372679], [28.363312, 61.369147], [28.391277, 61.366792], [28.446912, 61.372679], [28.47311, 61.369147], [28.44544, 61.34913], [28.41777, 61.346187], [28.303556, 61.363848], [28.29502, 61.361788], [28.298258, 61.352957], [28.309444, 61.345009], [28.345356, 61.324698], [28.360074, 61.324404], [28.387156, 61.32823], [28.403935, 61.32617], [28.436315, 61.316456], [28.452505, 61.314101], [28.482824, 61.319988], [28.526684, 61.348247], [28.554943, 61.355018], [28.551411, 61.347364], [28.551705, 61.344126], [28.553766, 61.341182], [28.554943, 61.334412], [28.583202, 61.348542], [28.613522, 61.35178], [28.678576, 61.348247], [28.669451, 61.353546], [28.662681, 61.359433], [28.656793, 61.366498], [28.6512, 61.375623], [28.669157, 61.372091], [28.687113, 61.36326], [28.7348, 61.331763], [28.750401, 61.325287], [28.76718, 61.321754], [28.787785, 61.320871], [28.795733, 61.304976], [28.866675, 61.287314], [28.884042, 61.269358], [28.879038, 61.242276], [28.864909, 61.22638], [28.84342, 61.217255], [28.76041, 61.197238], [28.747457, 61.191057], [28.737449, 61.184581], [28.725969, 61.179577], [28.695355, 61.175161], [28.669157, 61.165447], [28.58909, 61.155733], [28.510494, 61.126591], [28.483118, 61.122175], [28.423068, 61.119232], [28.395987, 61.112756], [28.369494, 61.101276], [28.335936, 61.078021], [28.321513, 61.0739], [28.308855, 61.074783], [28.293842, 61.078315], [28.278535, 61.07861], [28.264112, 61.070662], [28.242034, 61.064186], [28.127232, 61.059476], [28.054524, 61.070956], [28.04481, 61.074489], [28.041867, 61.081259], [28.046282, 61.086557], [28.055407, 61.088912]], [[28.56554, 61.245808], [28.559653, 61.241393], [28.568778, 61.231973], [28.581436, 61.223731], [28.586146, 61.221376], [28.604691, 61.207247], [28.622353, 61.202537], [28.641781, 61.206658], [28.66062, 61.217255], [28.671806, 61.211073], [28.678576, 61.218433], [28.658854, 61.220493], [28.645607, 61.228735], [28.633539, 61.238744], [28.617349, 61.245808], [28.604102, 61.241982], [28.56554, 61.245808]], [[27.951497, 61.484243], [27.972985, 61.479239], [27.955324, 61.493074], [27.95238, 61.501316], [27.95915, 61.513385], [27.946198, 61.527515], [27.932658, 61.526043], [27.919706, 61.518095], [27.907637, 61.513385], [27.845526, 61.510736], [27.828453, 61.513385], [27.823448, 61.517507], [27.821094, 61.529575], [27.815206, 61.533697], [27.806081, 61.534874], [27.777233, 61.533697], [27.766931, 61.536051], [27.748091, 61.543999], [27.739555, 61.543411], [27.712179, 61.533697], [27.718066, 61.521039], [27.71836, 61.508676], [27.715711, 61.495135], [27.729546, 61.487481], [27.758688, 61.488953], [27.773701, 61.479239], [27.751329, 61.478945], [27.754862, 61.470703], [27.771346, 61.459517], [27.78783, 61.451275], [27.741027, 61.449508], [27.717772, 61.45098], [27.698049, 61.458045], [27.705408, 61.464815], [27.692162, 61.477179], [27.673028, 61.475118], [27.65154, 61.468053], [27.629757, 61.464815], [27.60974, 61.46982], [27.57736, 61.484538], [27.5544, 61.485421], [27.542331, 61.479534], [27.528496, 61.479828], [27.499942, 61.485421], [27.499942, 61.479239], [27.548218, 61.464815], [27.540859, 61.458045], [27.771935, 61.438323], [27.801371, 61.430669], [27.778705, 61.422721], [27.733667, 61.416834], [27.712179, 61.402705], [27.817561, 61.404176], [27.849353, 61.410358], [27.872607, 61.419778], [27.90381, 61.436851], [27.919706, 61.454218], [27.89704, 61.464815], [27.898511, 61.472469], [27.897334, 61.477179], [27.892918, 61.480711], [27.883499, 61.485421], [27.902632, 61.487776], [27.951497, 61.484243]], [[27.66979, 61.286725], [27.718949, 61.273184], [27.678033, 61.287314], [27.682448, 61.304387], [27.658016, 61.32146], [27.671262, 61.334412], [27.654189, 61.340005], [27.645947, 61.341477], [27.636527, 61.341182], [27.639765, 61.345009], [27.641826, 61.348247], [27.645064, 61.351485], [27.650068, 61.355018], [27.650068, 61.361788], [27.641531, 61.364143], [27.638588, 61.368853], [27.636527, 61.382982], [27.616511, 61.389164], [27.54969, 61.391519], [27.527907, 61.389164], [27.534089, 61.402705], [27.502297, 61.40712], [27.452844, 61.426254], [27.421347, 61.430669], [27.388673, 61.424487], [27.333332, 61.398878], [27.300658, 61.395934], [27.300658, 61.389164], [27.411927, 61.358844], [27.448429, 61.355018], [27.520253, 61.355312], [27.555871, 61.347658], [27.582659, 61.32823], [27.52408, 61.334412], [27.466974, 61.347953], [27.452255, 61.348247], [27.440775, 61.335001], [27.458143, 61.320871], [27.51731, 61.288786], [27.552633, 61.283781], [27.568824, 61.279955], [27.580009, 61.27289], [27.587957, 61.266414], [27.597082, 61.26141], [27.612978, 61.259349], [27.62593, 61.263176], [27.647124, 61.281426], [27.657427, 61.287314], [27.66979, 61.286725]], [[28.239974, 61.394168], [28.269116, 61.391224], [28.290016, 61.399467], [28.287661, 61.416245], [28.421596, 61.416245], [28.437786, 61.418306], [28.486945, 61.430669], [28.528451, 61.433024], [28.541403, 61.436851], [28.533455, 61.447448], [28.513732, 61.460989], [28.507256, 61.472174], [28.504313, 61.470703], [28.50078, 61.470703], [28.495482, 61.472763], [28.486945, 61.479239], [28.493716, 61.485421], [28.469283, 61.489542], [28.46163, 61.49484], [28.458981, 61.505732], [28.43867, 61.511031], [28.410116, 61.512797], [28.388922, 61.507498], [28.390688, 61.491602], [28.373026, 61.49278], [28.365078, 61.49484], [28.356542, 61.498962], [28.372732, 61.474529], [28.376853, 61.464815], [28.362135, 61.451863], [28.342707, 61.445976], [28.294431, 61.44421], [28.206122, 61.457751], [28.185222, 61.451275], [28.213481, 61.45098], [28.219663, 61.442149], [28.217013, 61.427725], [28.219368, 61.410358], [28.239974, 61.394168]], [[28.242623, 61.538995], [28.22555, 61.513385], [28.241151, 61.512797], [28.255281, 61.514857], [28.268527, 61.519567], [28.28089, 61.526926], [28.290899, 61.512502], [28.304439, 61.516035], [28.318275, 61.526926], [28.329166, 61.533697], [28.331227, 61.530753], [28.339469, 61.524571], [28.351243, 61.519567], [28.363312, 61.519567], [28.365373, 61.523099], [28.368316, 61.530164], [28.373026, 61.536935], [28.380385, 61.539878], [28.384212, 61.543411], [28.383623, 61.550475], [28.383918, 61.557834], [28.390688, 61.561072], [28.397753, 61.559012], [28.416003, 61.54812], [28.421596, 61.543411], [28.432488, 61.540761], [28.446617, 61.547532], [28.459275, 61.558423], [28.46634, 61.567843], [28.471933, 61.574024], [28.47311, 61.577557], [28.47311, 61.582267], [28.454565, 61.586976], [28.430427, 61.589626], [28.383918, 61.589037], [28.368316, 61.583738], [28.337997, 61.565194], [28.325339, 61.561072], [28.295314, 61.559601], [28.266467, 61.553419], [28.242623, 61.538995]], [[28.291193, 61.694125], [28.292665, 61.684411], [28.287366, 61.669398], [28.273826, 61.642317], [28.28089, 61.640845], [28.293254, 61.636724], [28.301201, 61.636135], [28.294725, 61.629659], [28.28089, 61.608759], [28.310915, 61.623183], [28.322396, 61.631425], [28.329166, 61.642317], [28.342118, 61.617002], [28.360074, 61.607876], [28.541403, 61.622595], [28.524624, 61.643494], [28.51697, 61.654975], [28.514321, 61.667043], [28.506079, 61.676463], [28.467223, 61.687355], [28.452505, 61.697657], [28.466045, 61.702073], [28.494304, 61.7059], [28.507256, 61.711198], [28.500486, 61.717968], [28.475465, 61.722973], [28.451916, 61.720029], [28.404818, 61.705016], [28.404818, 61.697657], [28.414237, 61.695302], [28.421302, 61.692359], [28.426306, 61.688238], [28.431605, 61.683234], [28.42925, 61.676169], [28.427778, 61.673814], [28.428367, 61.671459], [28.431605, 61.663511], [28.414532, 61.657329], [28.398342, 61.656741], [28.38539, 61.661451], [28.376853, 61.67087], [28.376853, 61.677052], [28.383623, 61.710021], [28.383918, 61.717968], [28.369494, 61.726505], [28.346828, 61.730921], [28.305028, 61.732392], [28.290016, 61.729154], [28.281479, 61.720618], [28.281185, 61.708549], [28.291193, 61.694125]], [[28.858138, 61.903712], [28.870502, 61.903124], [28.8758, 61.905184], [28.88993, 61.914015], [28.897583, 61.916664], [28.884042, 61.903124], [28.896406, 61.899591], [28.909946, 61.898119], [28.920544, 61.894881], [28.924959, 61.886345], [28.925548, 61.876042], [28.926725, 61.867505], [28.928786, 61.861029], [28.932024, 61.855731], [28.940855, 61.847783], [28.960871, 61.838069], [28.969408, 61.831593], [28.975001, 61.822762], [28.978239, 61.814226], [28.983243, 61.806572], [28.99384, 61.800685], [28.986481, 61.793031], [29.007675, 61.780079], [29.022688, 61.786261], [29.037406, 61.785967], [29.069197, 61.780079], [29.096573, 61.780962], [29.111586, 61.779491], [29.124244, 61.773309], [29.116884, 61.766539], [29.126598, 61.762417], [29.133663, 61.763301], [29.144849, 61.766539], [29.15839, 61.766833], [29.15839, 61.766539], [29.163394, 61.764184], [29.166926, 61.754764], [29.172225, 61.752115], [29.179584, 61.752998], [29.190475, 61.758296], [29.207549, 61.761534], [29.220206, 61.766833], [29.22992, 61.774486], [29.234041, 61.783612], [29.228743, 61.788322], [29.20225, 61.80039], [29.192536, 61.807455], [29.209315, 61.812459], [29.224622, 61.811871], [29.254647, 61.807455], [29.267893, 61.808338], [29.277607, 61.810988], [29.301745, 61.820996], [29.292914, 61.83542], [29.293797, 61.8469], [29.301156, 61.853965], [29.312637, 61.854848], [29.307338, 61.858675], [29.301745, 61.862207], [29.309104, 61.869566], [29.291737, 61.875453], [29.323822, 61.914898], [29.31558, 61.930499], [29.34325, 61.94404], [29.324411, 61.956992], [29.330887, 61.969355], [29.350021, 61.977598], [29.370038, 61.978775], [29.412132, 61.967589], [29.429794, 61.959641], [29.432148, 61.951399], [29.432148, 61.94404], [29.513982, 61.937858], [29.513982, 61.94404], [29.482779, 61.958464], [29.47071, 61.967295], [29.459524, 61.978775], [29.454226, 61.9879], [29.446572, 62.009978], [29.438919, 62.019692], [29.464234, 62.028523], [29.449516, 62.042063], [29.40124, 62.064729], [29.378869, 62.090633], [29.369743, 62.105646], [29.363856, 62.122719], [29.355614, 62.127723], [29.345311, 62.128901], [29.334125, 62.128606], [29.322351, 62.12949], [29.294092, 62.137732], [29.280845, 62.14303], [29.268188, 62.150095], [29.29262, 62.12007], [29.29939, 62.102702], [29.284966, 62.094755], [29.277607, 62.071794], [29.26701, 62.055604], [29.247877, 62.047656], [29.280551, 62.032055], [29.288204, 62.026462], [29.292031, 62.017926], [29.292325, 61.996437], [29.294975, 61.984957], [29.280257, 61.987606], [29.262595, 62.002913], [29.247288, 62.00674], [29.219618, 62.008506], [29.208432, 62.012333], [29.199895, 62.019692], [29.207843, 62.023813], [29.226682, 62.040297], [29.15839, 62.081214], [29.173697, 62.083569], [29.241106, 62.075032], [29.247288, 62.080036], [29.235219, 62.107118], [29.237279, 62.119776], [29.226388, 62.134199], [29.183116, 62.141264], [29.141905, 62.136849], [29.138079, 62.116538], [29.123949, 62.109178], [29.113058, 62.111239], [29.102461, 62.117715], [29.090097, 62.122719], [29.042705, 62.122425], [29.027692, 62.126252], [29.003554, 62.128901], [28.976473, 62.121542], [28.932024, 62.102408], [28.877566, 62.091222], [28.699182, 62.075032], [28.699182, 62.068262], [28.706541, 62.061197], [28.693589, 62.060608], [28.678576, 62.055015], [28.678576, 62.034116], [28.68829, 62.02293], [28.744219, 61.986134], [28.766297, 61.978481], [28.828113, 61.967589], [28.876683, 61.937858], [28.876683, 61.930499], [28.865498, 61.929911], [28.845481, 61.925201], [28.835767, 61.924023], [28.82723, 61.921963], [28.822226, 61.916959], [28.821343, 61.911954], [28.825464, 61.909894], [28.858138, 61.903712]], [[27.815206, 62.478311], [27.815206, 62.485965], [27.809613, 62.490674], [27.802549, 62.498328], [27.796661, 62.507453], [27.789891, 62.528647], [27.780177, 62.531297], [27.768991, 62.530413], [27.76016, 62.530708], [27.70953, 62.550136], [27.683331, 62.557201], [27.657427, 62.561027], [27.68863, 62.546015], [27.729252, 62.533357], [27.764576, 62.517756], [27.780471, 62.492735], [27.787242, 62.484493], [27.79519, 62.479488], [27.804609, 62.477428], [27.815206, 62.478311]], [[27.842582, 62.925156], [27.821977, 62.931632], [27.829925, 62.920152], [27.834634, 62.915442], [27.841993, 62.911026], [27.82963, 62.901607], [27.83434, 62.88836], [27.866426, 62.850093], [27.869075, 62.843911], [27.871135, 62.823306], [27.874668, 62.817713], [27.881144, 62.815064], [27.890269, 62.814769], [27.883499, 62.829193], [27.916468, 62.825072], [27.967098, 62.796224], [28.041867, 62.739118], [28.051875, 62.734408], [28.061295, 62.736174], [28.082195, 62.745888], [28.071597, 62.745594], [28.061295, 62.747065], [28.050992, 62.749715], [28.041867, 62.753247], [28.075719, 62.762372], [28.137829, 62.743239], [28.165205, 62.745888], [28.141067, 62.764139], [28.111925, 62.774441], [28.07984, 62.778857], [28.048048, 62.780034], [28.059529, 62.799462], [28.078368, 62.809765], [28.1237, 62.822128], [28.1237, 62.829193], [28.05894, 62.830076], [28.041867, 62.835375], [28.059529, 62.841556], [28.098679, 62.843911], [28.11693, 62.848915], [28.11693, 62.855686], [28.080723, 62.854803], [28.063355, 62.856863], [28.048048, 62.863339], [28.067771, 62.869521], [28.110454, 62.869815], [28.13047, 62.87688], [28.105744, 62.8863], [28.055702, 62.878058], [28.034508, 62.88365], [28.04481, 62.890715], [28.059529, 62.89307], [28.070714, 62.89307], [28.082195, 62.896897], [28.051875, 62.896602], [28.038629, 62.900429], [28.027443, 62.911026], [28.043338, 62.91603], [28.074835, 62.91868], [28.089554, 62.924861], [28.074835, 62.935164], [28.06571, 62.966072], [28.055407, 62.979319], [28.033919, 62.985795], [28.013019, 62.980791], [27.995652, 62.968427], [27.986526, 62.951354], [27.993297, 62.951354], [27.993297, 62.945173], [27.982405, 62.945467], [27.961211, 62.950765], [27.951791, 62.951354], [27.947081, 62.949294], [27.93619, 62.940757], [27.932069, 62.938402], [27.904104, 62.934281], [27.893213, 62.936636], [27.883499, 62.945173], [27.900278, 62.95312], [27.917645, 62.958713], [27.898806, 62.96725], [27.878789, 62.971371], [27.860538, 62.967544], [27.849353, 62.951354], [27.863482, 62.943406], [27.888209, 62.922212], [27.904104, 62.917797], [27.881733, 62.909849], [27.861716, 62.915147], [27.842582, 62.925156]]]}}, {"type": "Feature", "properties": {"featurecla": "Lake", "scalerank": 3, "name": "P\u00e4ij\u00e4nne", "name_en": "P\u00e4ij\u00e4nne", "src": "ne_10m_lakes"}, "geometry": {"type": "Polygon", "coordinates": [[[26.304824, 61.414185], [26.327784, 61.42802], [26.356043, 61.430669], [26.347801, 61.421249], [26.311006, 61.392402], [26.303058, 61.382393], [26.291283, 61.361788], [26.283335, 61.351485], [26.271266, 61.344126], [26.22564, 61.334412], [26.215632, 61.32823], [26.190905, 61.307331], [26.202385, 61.296439], [26.212982, 61.297322], [26.224757, 61.302915], [26.238886, 61.307331], [26.245362, 61.305564], [26.24654, 61.29585], [26.253016, 61.293495], [26.260669, 61.294673], [26.277154, 61.299677], [26.286573, 61.300855], [26.269206, 61.27966], [26.265968, 61.279955], [26.267734, 61.273184], [26.271855, 61.264059], [26.276859, 61.257877], [26.280392, 61.259349], [26.275682, 61.250518], [26.266851, 61.239038], [26.25596, 61.22903], [26.245657, 61.224614], [26.229172, 61.230207], [26.223874, 61.243159], [26.22564, 61.269358], [26.220636, 61.278777], [26.207978, 61.275539], [26.192082, 61.26818], [26.177364, 61.265531], [26.17913, 61.270535], [26.182074, 61.282604], [26.184135, 61.287314], [26.169122, 61.28908], [26.160291, 61.285548], [26.146162, 61.269358], [26.138214, 61.262882], [26.129677, 61.25876], [26.108189, 61.252579], [26.120552, 61.241687], [26.144101, 61.234917], [26.1703, 61.231679], [26.190905, 61.231973], [26.190905, 61.224614], [26.184723, 61.20813], [26.210627, 61.174278], [26.211216, 61.155733], [26.206506, 61.160443], [26.196204, 61.166036], [26.190905, 61.169862], [26.174126, 61.156616], [26.167356, 61.149257], [26.168828, 61.140132], [26.177364, 61.122175], [26.185606, 61.133067], [26.195615, 61.140132], [26.206506, 61.141898], [26.217987, 61.136599], [26.210627, 61.120115], [26.226229, 61.10628], [26.273327, 61.088029], [26.23035, 61.091267], [26.211216, 61.088618], [26.169416, 61.05771], [26.16088, 61.045935], [26.163529, 61.032689], [26.172949, 61.040048], [26.183252, 61.044169], [26.193849, 61.044463], [26.204446, 61.040342], [26.144101, 61.008551], [26.129677, 60.991772], [26.120552, 60.977054], [26.101713, 60.946146], [26.087878, 60.930544], [26.080813, 60.943496], [26.070804, 60.977937], [26.060502, 60.985591], [26.047255, 60.97676], [26.040779, 60.957332], [26.032832, 60.942613], [26.015758, 60.947912], [26.008988, 60.964396], [26.023117, 60.977937], [26.081696, 60.998543], [26.094648, 61.005607], [26.147928, 61.061242], [26.159114, 61.079198], [26.163529, 61.097743], [26.153226, 61.09686], [26.13056, 61.104808], [26.094648, 61.122175], [26.092587, 61.127768], [26.090527, 61.143664], [26.087878, 61.149551], [26.080224, 61.154261], [26.058441, 61.16162], [26.050199, 61.166624], [26.035775, 61.178399], [25.985439, 61.204303], [25.970426, 61.172806], [25.953942, 61.181343], [25.935986, 61.202831], [25.917146, 61.211073], [25.910376, 61.20342], [25.883, 61.163092], [25.870343, 61.151318], [25.85739, 61.141898], [25.845322, 61.139543], [25.834724, 61.149551], [25.846499, 61.156616], [25.87623, 61.183698], [25.867105, 61.18723], [25.859451, 61.186347], [25.853269, 61.183992], [25.848854, 61.183698], [25.840612, 61.188407], [25.81353, 61.209602], [25.809998, 61.213723], [25.805582, 61.216666], [25.794397, 61.218433], [25.770553, 61.212251], [25.762605, 61.211073], [25.76025, 61.215783], [25.794397, 61.242276], [25.784977, 61.24993], [25.664582, 61.286136], [25.643388, 61.287314], [25.623665, 61.282898], [25.613363, 61.275539], [25.609536, 61.26612], [25.608653, 61.256111], [25.623665, 61.231385], [25.658106, 61.222848], [25.696962, 61.21961], [25.724927, 61.211073], [25.684893, 61.186641], [25.553312, 61.169862], [25.552135, 61.166036], [25.552135, 61.151612], [25.550074, 61.146019], [25.538005, 61.136011], [25.498855, 61.114816], [25.544187, 61.090384], [25.565676, 61.074489], [25.574507, 61.060065], [25.580688, 61.060065], [25.58216, 61.073017], [25.586281, 61.082436], [25.592463, 61.087735], [25.601294, 61.088029], [25.607475, 61.083025], [25.613951, 61.063303], [25.622194, 61.053883], [25.617484, 61.047407], [25.608653, 61.026507], [25.61925, 61.024447], [25.626903, 61.018854], [25.63073, 61.010317], [25.629258, 60.999426], [25.623665, 60.99295], [25.614834, 60.990889], [25.591874, 60.991772], [25.583926, 60.99501], [25.568914, 61.00914], [25.557139, 61.012378], [25.544776, 61.013261], [25.533296, 61.015616], [25.522404, 61.020031], [25.512396, 61.026507], [25.532118, 61.041814], [25.539772, 61.050056], [25.546542, 61.060065], [25.522404, 61.070956], [25.495028, 61.088618], [25.467064, 61.099804], [25.440277, 61.091267], [25.437627, 61.082436], [25.446753, 61.075077], [25.458821, 61.068013], [25.464709, 61.060065], [25.458233, 61.045641], [25.444103, 61.040048], [25.429679, 61.040048], [25.423203, 61.043286], [25.405542, 61.066246], [25.36698, 61.064774], [25.327241, 61.058593], [25.30693, 61.067718], [25.317821, 61.083025], [25.380521, 61.091562], [25.402598, 61.101276], [25.396122, 61.100393], [25.382581, 61.101276], [25.376105, 61.101276], [25.394944, 61.139837], [25.435272, 61.160443], [25.485314, 61.168685], [25.532412, 61.169862], [25.532412, 61.177516], [25.506214, 61.183109], [25.492085, 61.193412], [25.490024, 61.209602], [25.498855, 61.231973], [25.512984, 61.244631], [25.518872, 61.253462], [25.515928, 61.262587], [25.503859, 61.267297], [25.491202, 61.269063], [25.482959, 61.273773], [25.485314, 61.287314], [25.470596, 61.291729], [25.457644, 61.289669], [25.430563, 61.279955], [25.436744, 61.269652], [25.453523, 61.258466], [25.45735, 61.249046], [25.448519, 61.240804], [25.429091, 61.236683], [25.408191, 61.236389], [25.395239, 61.239038], [25.381698, 61.259349], [25.384642, 61.284076], [25.397005, 61.308802], [25.409368, 61.32823], [25.385525, 61.33765], [25.360798, 61.327936], [25.334894, 61.313218], [25.30693, 61.307331], [25.321059, 61.338533], [25.297216, 61.346775], [25.261303, 61.350602], [25.238637, 61.369147], [25.259537, 61.371208], [25.279848, 61.375623], [25.268368, 61.380627], [25.231867, 61.389164], [25.261597, 61.395934], [25.295155, 61.395934], [25.307518, 61.399172], [25.273078, 61.416245], [25.149445, 61.458045], [25.149445, 61.464815], [25.204785, 61.461577], [25.217737, 61.464815], [25.224508, 61.477179], [25.212144, 61.483655], [25.193011, 61.485715], [25.177409, 61.485421], [25.193894, 61.493369], [25.211556, 61.498962], [25.211556, 61.505732], [25.193305, 61.508381], [25.175054, 61.51574], [25.157687, 61.526926], [25.143263, 61.539878], [25.160925, 61.545765], [25.17947, 61.545765], [25.240109, 61.538406], [25.25365, 61.54135], [25.279848, 61.561072], [25.273961, 61.567254], [25.271606, 61.571081], [25.268368, 61.573141], [25.259243, 61.574613], [25.259243, 61.582267], [25.286618, 61.588448], [25.310462, 61.582855], [25.3555, 61.561072], [25.374045, 61.558129], [25.391412, 61.561956], [25.40613, 61.572258], [25.416139, 61.589037], [25.403481, 61.588154], [25.391412, 61.589037], [25.379343, 61.591392], [25.368452, 61.595219], [25.380815, 61.600223], [25.397888, 61.604638], [25.426736, 61.608759], [25.434095, 61.613175], [25.464709, 61.642317], [25.455289, 61.650853], [25.445869, 61.662628], [25.435272, 61.672931], [25.423498, 61.677052], [25.348141, 61.677052], [25.367863, 61.68235], [25.376105, 61.683234], [25.376105, 61.690887], [25.35756, 61.695597], [25.344903, 61.702662], [25.344314, 61.710609], [25.361681, 61.717968], [25.361681, 61.725622], [25.323414, 61.734747], [25.28338, 61.738574], [25.268368, 61.73357], [25.258948, 61.724445], [25.250706, 61.719146], [25.238637, 61.725622], [25.243347, 61.731804], [25.251883, 61.752115], [25.233633, 61.762123], [25.195071, 61.790088], [25.17005, 61.800685], [25.17005, 61.807455], [25.228334, 61.803923], [25.238637, 61.800685], [25.245702, 61.807455], [25.266307, 61.797447], [25.273078, 61.793031], [25.273961, 61.788027], [25.271606, 61.771543], [25.273078, 61.766539], [25.288385, 61.762417], [25.338132, 61.760357], [25.351673, 61.763006], [25.367569, 61.769777], [25.386702, 61.772131], [25.402598, 61.776547], [25.436744, 61.83542], [25.460882, 61.85838], [25.465003, 61.870743], [25.449991, 61.883107], [25.435272, 61.883695], [25.368746, 61.876336], [25.280142, 61.876336], [25.263069, 61.871627], [25.247468, 61.862501], [25.230689, 61.856908], [25.211556, 61.862207], [25.23746, 61.878397], [25.277199, 61.889288], [25.374633, 61.899002], [25.382581, 61.904007], [25.376105, 61.910483], [25.3555, 61.916664], [25.321648, 61.920785], [25.307518, 61.92579], [25.293389, 61.937858], [25.40613, 61.930499], [25.425264, 61.926967], [25.485314, 61.903124], [25.489141, 61.919019], [25.502093, 61.925495], [25.517989, 61.929322], [25.532412, 61.937858], [25.526231, 61.94404], [25.517694, 61.939036], [25.508569, 61.93727], [25.499738, 61.939036], [25.491496, 61.94404], [25.497972, 61.953754], [25.50327, 61.964351], [25.509452, 61.973477], [25.519166, 61.978775], [25.535945, 61.976715], [25.548014, 61.970239], [25.559788, 61.96965], [25.574507, 61.984957], [25.559494, 61.99261], [25.527408, 62.004385], [25.512396, 62.012921], [25.655457, 61.999381], [25.680478, 62.000264], [25.709325, 62.01351], [25.7211, 62.017042], [25.73052, 62.02293], [25.732286, 62.034116], [25.724338, 62.041475], [25.710208, 62.045301], [25.660461, 62.049717], [25.643093, 62.055899], [25.63073, 62.066201], [25.622194, 62.081214], [25.632202, 62.086807], [25.643093, 62.088867], [25.666937, 62.088573], [25.676945, 62.090633], [25.669881, 62.095343], [25.649569, 62.102408], [25.629553, 62.113005], [25.619839, 62.115654], [25.60512, 62.116538], [25.597761, 62.113005], [25.585398, 62.098287], [25.577745, 62.094755], [25.490024, 62.098287], [25.455878, 62.112416], [25.45735, 62.143325], [25.436155, 62.153333], [25.446753, 62.168051], [25.467652, 62.172172], [25.478249, 62.150095], [25.490907, 62.153039], [25.513573, 62.161575], [25.526231, 62.163636], [25.521521, 62.15245], [25.522404, 62.142147], [25.532412, 62.122719], [25.575095, 62.127723], [25.641916, 62.125663], [25.703438, 62.130961], [25.732286, 62.157454], [25.729342, 62.16187], [25.721983, 62.16864], [25.712858, 62.175116], [25.692841, 62.182181], [25.685482, 62.191306], [25.683716, 62.200431], [25.687542, 62.204552], [25.754363, 62.203375], [25.760545, 62.206613], [25.766432, 62.218388], [25.748476, 62.226335], [25.724927, 62.231928], [25.724927, 62.239582], [25.826777, 62.241054], [25.874169, 62.254594], [25.917146, 62.28668], [25.852975, 62.30964], [25.842084, 62.317883], [25.854152, 62.332012], [25.882411, 62.332601], [25.938341, 62.321415], [25.924211, 62.332012], [25.912437, 62.345553], [25.909787, 62.359094], [25.924211, 62.369691], [25.917735, 62.382643], [25.922151, 62.392945], [25.943934, 62.410607], [25.905372, 62.442104], [25.902723, 62.446814], [25.897718, 62.450346], [25.886533, 62.451818], [25.848854, 62.451818], [25.857685, 62.440044], [25.870343, 62.431213], [25.875641, 62.423559], [25.863278, 62.417672], [25.850914, 62.417378], [25.786743, 62.444754], [25.803816, 62.455351], [25.863278, 62.472129], [25.862395, 62.476545], [25.861512, 62.477722], [25.859451, 62.477722], [25.855036, 62.478311], [25.863278, 62.485965], [25.787921, 62.533063], [25.746121, 62.54837], [25.697551, 62.554257], [25.706676, 62.545132], [25.711092, 62.534829], [25.710503, 62.523937], [25.704321, 62.513046], [25.682833, 62.526292], [25.678123, 62.541599], [25.684893, 62.558378], [25.697551, 62.574568], [25.674885, 62.578689], [25.633968, 62.592819], [25.611891, 62.595762], [25.602471, 62.592819], [25.592463, 62.587814], [25.584221, 62.587814], [25.580688, 62.599295], [25.584221, 62.603121], [25.592463, 62.608126], [25.608653, 62.615485], [25.608653, 62.623138], [25.58893, 62.62932], [25.618367, 62.6408], [25.650453, 62.639328], [25.711386, 62.62932], [25.735229, 62.631969], [25.768493, 62.639917], [25.799401, 62.652869], [25.814119, 62.670825], [25.782622, 62.715569], [25.772614, 62.741767], [25.793808, 62.753247], [25.804111, 62.743239], [25.815002, 62.722045], [25.833841, 62.702616], [25.868871, 62.698201], [25.868871, 62.70556], [25.855036, 62.712331], [25.867399, 62.71027], [25.888299, 62.700262], [25.900073, 62.698201], [25.908315, 62.702322], [25.910082, 62.711742], [25.910376, 62.721161], [25.913908, 62.725577], [25.922445, 62.729109], [25.928627, 62.738235], [25.931276, 62.749715], [25.930098, 62.759723], [25.924211, 62.770909], [25.917735, 62.771498], [25.909199, 62.76826], [25.896541, 62.767082], [25.849737, 62.778857], [25.842084, 62.777091], [25.838257, 62.76826], [25.828543, 62.76561], [25.803816, 62.767082], [25.794691, 62.770909], [25.794102, 62.780034], [25.79734, 62.78916], [25.800578, 62.794458], [25.812058, 62.801228], [25.826777, 62.802112], [25.842378, 62.799462], [25.855036, 62.794458], [25.851209, 62.808293], [25.851503, 62.820068], [25.85062, 62.830665], [25.842084, 62.841556], [25.887416, 62.840085], [25.906844, 62.845972], [25.917146, 62.863339], [25.856507, 62.879529], [25.827954, 62.891598], [25.807349, 62.911026], [25.831781, 62.910438], [25.896541, 62.88365], [25.897424, 62.890126], [25.896247, 62.89307], [25.889771, 62.896897], [25.962773, 62.903667], [25.992209, 62.896897], [25.982495, 62.907788], [25.944228, 62.930749], [25.872403, 62.959596], [25.855036, 62.973137], [25.880645, 62.986089], [25.865044, 63.00169], [25.831192, 63.014937], [25.800873, 63.020235], [25.788509, 63.024651], [25.745238, 63.05497], [25.718745, 63.06439], [25.703732, 63.067039], [25.684304, 63.067922], [25.69078, 63.047906], [25.674002, 63.044962], [25.64692, 63.051732], [25.622194, 63.061152], [25.562732, 63.097064], [25.54036, 63.102363], [25.54036, 63.095887], [25.564204, 63.064684], [25.562143, 63.057325], [25.532412, 63.033187], [25.529469, 63.024062], [25.530058, 63.015231], [25.529174, 63.006106], [25.522698, 62.996686], [25.51946, 62.987855], [25.523876, 62.97873], [25.532412, 62.970782], [25.54036, 62.965778], [25.522993, 62.965484], [25.511218, 62.958125], [25.500916, 62.949294], [25.488258, 62.945173], [25.481193, 62.948411], [25.471185, 62.964895], [25.464709, 62.973137], [25.434684, 62.984323], [25.35756, 62.990505], [25.327535, 63.006695], [25.344608, 63.018764], [25.347257, 63.03201], [25.351673, 63.040841], [25.376105, 63.040841], [25.457644, 63.017586], [25.484726, 63.014054], [25.504448, 63.022002], [25.503859, 63.039663], [25.492085, 63.059091], [25.461176, 63.084407], [25.435861, 63.113254], [25.416139, 63.123263], [25.425853, 63.128267], [25.436155, 63.129444], [25.446753, 63.127384], [25.45735, 63.123263], [25.451757, 63.130622], [25.445869, 63.13592], [25.439099, 63.139747], [25.430563, 63.14328], [25.443515, 63.148873], [25.459116, 63.150933], [25.472657, 63.146812], [25.484726, 63.122085], [25.499444, 63.118259], [25.5174, 63.119436], [25.532412, 63.123263], [25.529469, 63.146223], [25.537711, 63.18243], [25.526231, 63.191555], [25.537711, 63.196854], [25.550369, 63.195971], [25.562732, 63.191261], [25.574507, 63.184785], [25.60983, 63.229528], [25.618072, 63.253961], [25.625432, 63.241597], [25.636029, 63.212161], [25.614246, 63.201564], [25.604826, 63.19391], [25.601294, 63.184785], [25.604826, 63.180958], [25.625726, 63.164768], [25.63544, 63.16153], [25.647509, 63.146518], [25.656634, 63.14328], [25.666643, 63.141808], [25.778207, 63.088822], [25.828837, 63.071749], [25.863278, 63.075576], [25.847088, 63.091766], [25.827071, 63.105601], [25.804405, 63.116492], [25.780561, 63.123263], [25.788215, 63.130916], [25.798223, 63.136804], [25.814119, 63.14328], [25.82972, 63.146223], [25.835608, 63.14534], [25.839729, 63.141808], [25.889771, 63.116492], [25.899485, 63.115609], [25.911553, 63.116787], [25.9248, 63.115904], [25.938341, 63.109722], [25.92686, 63.09206], [25.922739, 63.080286], [25.928627, 63.070572], [25.945405, 63.058503], [26.149988, 62.973137], [26.117903, 62.963129], [26.089055, 62.96931], [26.033126, 62.999924], [26.011049, 63.00905], [25.988088, 63.014054], [25.974253, 63.008461], [25.97808, 62.986089], [25.995742, 62.966661], [26.022234, 62.954592], [26.076397, 62.940168], [26.142335, 62.896897], [26.151166, 62.887183], [26.154698, 62.878352], [26.159997, 62.871876], [26.173832, 62.869521], [26.199442, 62.868638], [26.224757, 62.864811], [26.245362, 62.856275], [26.397549, 62.747949], [26.412267, 62.732053], [26.415799, 62.718512], [26.396371, 62.712331], [26.385185, 62.718218], [26.373116, 62.729404], [26.35987, 62.736174], [26.345152, 62.729109], [26.324546, 62.701733], [26.309534, 62.699378], [26.293344, 62.714685], [26.269206, 62.750303], [26.229467, 62.780329], [26.060502, 62.86069], [26.044606, 62.862751], [26.039896, 62.848915], [26.045784, 62.840379], [26.077869, 62.817713], [26.094648, 62.799757], [26.077575, 62.80064], [26.033126, 62.814769], [26.015464, 62.803583], [25.998391, 62.77974], [25.988971, 62.756485], [25.995447, 62.745888], [26.012815, 62.737351], [26.027239, 62.697318], [26.039896, 62.684366], [26.039896, 62.678184], [26.01723, 62.68731], [25.97808, 62.718218], [25.958063, 62.725577], [25.960124, 62.714685], [25.960124, 62.703794], [25.962478, 62.695257], [25.971309, 62.692019], [25.981907, 62.68937], [25.994859, 62.6826], [26.035186, 62.653752], [26.108189, 62.623138], [26.052848, 62.618134], [26.033126, 62.623138], [26.024295, 62.629614], [26.014287, 62.639034], [26.002806, 62.647276], [25.988677, 62.650808], [25.932453, 62.65493], [25.924211, 62.660522], [25.917735, 62.667587], [25.903606, 62.668765], [25.88771, 62.666998], [25.87623, 62.664055], [25.864161, 62.658756], [25.845322, 62.648159], [25.834724, 62.643449], [25.818829, 62.641389], [25.803522, 62.641094], [25.791453, 62.63609], [25.786743, 62.619311], [25.79057, 62.611364], [25.842967, 62.574862], [25.844733, 62.568681], [25.828248, 62.561027], [25.809409, 62.558378], [25.798812, 62.563677], [25.790864, 62.572802], [25.780561, 62.582222], [25.751419, 62.590758], [25.742, 62.579867], [25.750831, 62.562794], [25.801167, 62.547781], [25.822361, 62.532474], [25.855036, 62.499505], [25.877702, 62.484787], [25.927449, 62.462121], [25.947172, 62.448286], [25.964833, 62.423559], [25.971898, 62.417672], [25.981612, 62.414728], [26.006927, 62.41149], [26.00575, 62.423854], [25.996625, 62.446225], [26.006633, 62.461238], [26.026355, 62.471246], [26.046961, 62.478311], [26.034892, 62.485376], [26.028122, 62.495384], [26.027239, 62.507159], [26.033126, 62.520111], [26.048138, 62.530708], [26.060796, 62.52953], [26.064917, 62.519816], [26.053731, 62.505687], [26.069627, 62.505098], [26.077869, 62.511574], [26.081107, 62.52276], [26.081696, 62.537478], [26.086406, 62.548958], [26.097592, 62.543954], [26.109366, 62.531297], [26.115842, 62.520111], [26.108189, 62.520111], [26.131149, 62.480077], [26.142335, 62.472129], [26.114076, 62.463593], [26.064917, 62.46948], [26.039896, 62.459177], [26.055792, 62.448875], [26.056086, 62.440338], [26.051671, 62.432096], [26.053731, 62.423854], [26.06374, 62.418849], [26.07728, 62.414728], [26.089644, 62.40943], [26.094648, 62.400305], [26.111132, 62.392062], [26.187667, 62.376167], [26.211216, 62.376755], [26.204151, 62.379405], [26.184135, 62.390296], [26.200325, 62.412373], [26.207095, 62.429741], [26.200325, 62.445931], [26.177364, 62.46477], [26.186784, 62.471835], [26.182368, 62.480077], [26.172066, 62.489497], [26.163529, 62.499505], [26.180897, 62.505687], [26.176187, 62.516873], [26.161763, 62.531297], [26.149988, 62.547192], [26.190905, 62.541011], [26.181485, 62.557201], [26.178836, 62.565737], [26.180602, 62.571624], [26.191199, 62.578689], [26.196204, 62.576629], [26.200325, 62.57133], [26.229761, 62.560733], [26.240358, 62.559556], [26.246245, 62.568386], [26.243596, 62.576629], [26.236237, 62.58281], [26.226817, 62.586637], [26.217987, 62.588403], [26.217987, 62.595762], [26.241536, 62.59429], [26.260081, 62.585165], [26.277742, 62.580455], [26.316599, 62.605182], [26.35781, 62.614013], [26.375766, 62.623138], [26.343974, 62.631969], [26.337793, 62.638445], [26.348684, 62.650808], [26.363991, 62.657579], [26.38283, 62.658756], [26.40167, 62.655813], [26.417565, 62.650808], [26.413444, 62.6408], [26.410795, 62.636679], [26.435816, 62.626671], [26.448474, 62.624021], [26.465841, 62.623138], [26.497632, 62.624904], [26.508524, 62.622255], [26.522948, 62.612541], [26.541198, 62.606948], [26.554445, 62.616368], [26.560626, 62.629909], [26.557388, 62.636679], [26.497044, 62.688193], [26.460837, 62.727343], [26.45024, 62.73588], [26.437877, 62.739118], [26.424041, 62.744711], [26.399315, 62.768554], [26.377826, 62.777385], [26.379298, 62.785333], [26.386363, 62.794458], [26.396371, 62.801228], [26.383419, 62.810648], [26.355455, 62.824189], [26.341619, 62.835375], [26.337793, 62.83979], [26.338381, 62.841556], [26.340442, 62.8445], [26.341619, 62.852448], [26.33897, 62.85598], [26.325429, 62.863928], [26.321014, 62.869521], [26.310711, 62.886594], [26.314244, 62.891304], [26.335438, 62.889832], [26.347801, 62.885122], [26.370467, 62.868049], [26.383419, 62.863339], [26.374, 62.848915], [26.377238, 62.842734], [26.386657, 62.83979], [26.396371, 62.835375], [26.406968, 62.823011], [26.414327, 62.817124], [26.444941, 62.809471], [26.467313, 62.796519], [26.480265, 62.780623], [26.472023, 62.767082], [26.506463, 62.748832], [26.520887, 62.736468], [26.526775, 62.722339], [26.537077, 62.7035], [26.561509, 62.68937], [26.609196, 62.670825], [26.617733, 62.664349], [26.624209, 62.658168], [26.631568, 62.653163], [26.65394, 62.649631], [26.666303, 62.645804], [26.678078, 62.640211], [26.687497, 62.633147], [26.709869, 62.621961], [26.768742, 62.616662], [26.793763, 62.609303], [26.780516, 62.602533], [26.791997, 62.598117], [26.805243, 62.598412], [26.816429, 62.604299], [26.821433, 62.615485], [26.817312, 62.621961], [26.798178, 62.637856], [26.793763, 62.647276], [26.80436, 62.663466], [26.829675, 62.674358], [26.85764, 62.682894], [26.876773, 62.692019], [26.851164, 62.707032], [26.816429, 62.720278], [26.779928, 62.729404], [26.749608, 62.732936], [26.729591, 62.741767], [26.692502, 62.782095], [26.663948, 62.794458], [26.663948, 62.801228], [26.689852, 62.800051], [26.700449, 62.8027], [26.704865, 62.811531], [26.698978, 62.818596], [26.670424, 62.822423], [26.650113, 62.829782], [26.635101, 62.832137], [26.621265, 62.836258], [26.615378, 62.845383], [26.615084, 62.855097], [26.613023, 62.8654], [26.607725, 62.873642], [26.582115, 62.882179], [26.526775, 62.917797], [26.483503, 62.934281], [26.462603, 62.944878], [26.451417, 62.958713], [26.4941, 62.954003], [26.530013, 62.941935], [26.623915, 62.897486], [26.637455, 62.888655], [26.643343, 62.880412], [26.648053, 62.862162], [26.659533, 62.849504], [26.675134, 62.841262], [26.708692, 62.829193], [26.72076, 62.823306], [26.752552, 62.796224], [26.766387, 62.788276], [26.777867, 62.787393], [26.780516, 62.801228], [26.776101, 62.806527], [26.758439, 62.811826], [26.753141, 62.814769], [26.752552, 62.821834], [26.756967, 62.833903], [26.756379, 62.838318], [26.747842, 62.847738], [26.741366, 62.858041], [26.739894, 62.869815], [26.745781, 62.88365], [26.717522, 62.891893], [26.703982, 62.907494], [26.708397, 62.925156], [26.732829, 62.938402], [26.698978, 62.960774], [26.670719, 62.986089], [26.690735, 62.982262], [26.708103, 62.972843], [26.739011, 62.951354], [26.787875, 62.926922], [26.814957, 62.918974], [26.842038, 62.917797], [26.832324, 62.924567], [26.814663, 62.945173], [26.796118, 62.957536], [26.773746, 62.96931], [26.72547, 62.985206], [26.703687, 62.995803], [26.69103, 63.014054], [26.703982, 63.012288], [26.728414, 63.015231], [26.739011, 63.014054], [26.75108, 63.00905], [26.780516, 62.989916], [26.800828, 62.979908], [26.821433, 62.973137], [26.835857, 62.972254], [26.85764, 62.977847], [26.872947, 62.979319], [26.896496, 62.986089], [26.908859, 63.001985], [26.919456, 63.019941], [26.937707, 63.033187], [26.965966, 63.037603], [26.997168, 63.034954], [27.054275, 63.020235], [27.044855, 63.003457], [27.028371, 63.002279], [26.992753, 63.017292], [26.983628, 63.019941], [26.970676, 63.021413], [26.958901, 63.020235], [26.951836, 63.014054], [26.955074, 63.005517], [26.967438, 62.99963], [26.993342, 62.993448], [26.985099, 62.99286], [26.965966, 62.986089], [26.991575, 62.972843], [27.037496, 62.935164], [27.06134, 62.924861], [27.02631, 62.921329], [26.951248, 62.968722], [26.911508, 62.979319], [26.911508, 62.973137], [26.916807, 62.969899], [26.919456, 62.966367], [26.921517, 62.962834], [26.92446, 62.958713], [26.906799, 62.952237], [26.920339, 62.936342], [26.94801, 62.919563], [26.973031, 62.911026], [26.962728, 62.906022], [26.95007, 62.902784], [26.936529, 62.901901], [26.92446, 62.904256], [26.914746, 62.910732], [26.902383, 62.927511], [26.897085, 62.931632], [26.877068, 62.928099], [26.860583, 62.915147], [26.857345, 62.900135], [26.876773, 62.889832], [26.86912, 62.88365], [26.890314, 62.87011], [26.943005, 62.846855], [26.965966, 62.841556], [26.965966, 62.848915], [26.941239, 62.858629], [26.930642, 62.865989], [26.92446, 62.87688], [27.11197, 62.85127], [27.136108, 62.841556], [27.132576, 62.83979], [27.131987, 62.83979], [27.131693, 62.838907], [27.129927, 62.835375], [27.184678, 62.822128], [27.170254, 62.821834], [27.146411, 62.816241], [27.133165, 62.814769], [27.121979, 62.817124], [27.099607, 62.826838], [27.064283, 62.834197], [27.020423, 62.854508], [26.993342, 62.855686], [27.007471, 62.852153], [27.019834, 62.846855], [27.025722, 62.839201], [27.020718, 62.829193], [27.019834, 62.815947], [27.01748, 62.809176], [27.013358, 62.801228], [27.027194, 62.793575], [27.022189, 62.785038], [27.00806, 62.777679], [26.993342, 62.773853], [26.978623, 62.774736], [26.939179, 62.78445], [26.814663, 62.835375], [26.821727, 62.819479], [26.836446, 62.810942], [26.854107, 62.804466], [26.86912, 62.794458], [26.877068, 62.780917], [26.887076, 62.751187], [26.897085, 62.739118], [26.91298, 62.729698], [26.965966, 62.70556], [27.008649, 62.679362], [27.030137, 62.669648], [27.054275, 62.664055], [27.054275, 62.657284], [27.022189, 62.661406], [26.953308, 62.684366], [26.92446, 62.678184], [26.946538, 62.667882], [26.957135, 62.660522], [26.965966, 62.650808], [26.960962, 62.64551], [26.951836, 62.62932], [26.979212, 62.626671], [27.005999, 62.618723], [27.031315, 62.606065], [27.054275, 62.588403], [27.022778, 62.585165], [26.979212, 62.599295], [26.867354, 62.653458], [26.844982, 62.659639], [26.835268, 62.654046], [26.839684, 62.634618], [26.851753, 62.620783], [26.86912, 62.612247], [26.889725, 62.609303], [26.889725, 62.602533], [26.861467, 62.597529], [26.823199, 62.584576], [26.795529, 62.563088], [26.801122, 62.533651], [26.793763, 62.526292], [26.79759, 62.522171], [26.808775, 62.520405], [26.822022, 62.520111], [26.848515, 62.524232], [26.861761, 62.524821], [26.876773, 62.520111], [26.840272, 62.503332], [26.835268, 62.496267], [26.838506, 62.487436], [26.846748, 62.480077], [26.856757, 62.477134], [26.866176, 62.482138], [26.880011, 62.494795], [26.901206, 62.509808], [26.915924, 62.515107], [26.911508, 62.499505], [26.918279, 62.498033], [26.930642, 62.493618], [26.937707, 62.492735], [26.930053, 62.489791], [26.911508, 62.478311], [26.925049, 62.473601], [26.942711, 62.464182], [26.955663, 62.452701], [26.955369, 62.441221], [26.941239, 62.433862], [26.923872, 62.434156], [26.906799, 62.439749], [26.877951, 62.458294], [26.864999, 62.459472], [26.849986, 62.457706], [26.829086, 62.459177], [26.81378, 62.464476], [26.80436, 62.473601], [26.802005, 62.485081], [26.807892, 62.499505], [26.771685, 62.493618], [26.711046, 62.451524], [26.683671, 62.451818], [26.736067, 62.509808], [26.756967, 62.543954], [26.739011, 62.561027], [26.766976, 62.574568], [26.726942, 62.585754], [26.70928, 62.594585], [26.694562, 62.606065], [26.679255, 62.612835], [26.663948, 62.606359], [26.635689, 62.582222], [26.645403, 62.577217], [26.655412, 62.573391], [26.677489, 62.568386], [26.675134, 62.559556], [26.678078, 62.554551], [26.68632, 62.55308], [26.698094, 62.554257], [26.690735, 62.54572], [26.673957, 62.538656], [26.666303, 62.520994], [26.655706, 62.51599], [26.629213, 62.513046], [26.629213, 62.505687], [26.632451, 62.498328], [26.638633, 62.490086], [26.646875, 62.482726], [26.656883, 62.478311], [26.611846, 62.470069], [26.601837, 62.46477], [26.597716, 62.453584], [26.604487, 62.447697], [26.615084, 62.441516], [26.623032, 62.431213], [26.594478, 62.426503], [26.567691, 62.417672], [26.563864, 62.38176], [26.530601, 62.382348], [26.487035, 62.397067], [26.451417, 62.403837], [26.452006, 62.391179], [26.441409, 62.383526], [26.427279, 62.375578], [26.417565, 62.362332], [26.417565, 62.357327], [26.415505, 62.341432], [26.417565, 62.334956], [26.428751, 62.328774], [26.441409, 62.328185], [26.4523, 62.32583], [26.458482, 62.314645], [26.452595, 62.301104], [26.433461, 62.304931], [26.383419, 62.324653], [26.354277, 62.346142], [26.358693, 62.355267], [26.366052, 62.363803], [26.369584, 62.366158], [26.375766, 62.386764], [26.391367, 62.394712], [26.411384, 62.398244], [26.431106, 62.403837], [26.393428, 62.424148], [26.383419, 62.431213], [26.383419, 62.437394], [26.412267, 62.4371], [26.425513, 62.439161], [26.437877, 62.444754], [26.486447, 62.4162], [26.513822, 62.407958], [26.526775, 62.417672], [26.512056, 62.429152], [26.482914, 62.440927], [26.463781, 62.454762], [26.479382, 62.472129], [26.489685, 62.46006], [26.502048, 62.452701], [26.516472, 62.451524], [26.533545, 62.459177], [26.528541, 62.468303], [26.542081, 62.473307], [26.574461, 62.478311], [26.586825, 62.484198], [26.593006, 62.488614], [26.601837, 62.505687], [26.595361, 62.515695], [26.593301, 62.537184], [26.588002, 62.541011], [26.576816, 62.544249], [26.570046, 62.551019], [26.565042, 62.557789], [26.557388, 62.561027], [26.465841, 62.568386], [26.383419, 62.598117], [26.355455, 62.602533], [26.332494, 62.597234], [26.319248, 62.583399], [26.308651, 62.565443], [26.293932, 62.547192], [26.285396, 62.541305], [26.273327, 62.534829], [26.260375, 62.52953], [26.249189, 62.52747], [26.239475, 62.531002], [26.231527, 62.538067], [26.223874, 62.542188], [26.214749, 62.537478], [26.21416, 62.521877], [26.227701, 62.503921], [26.244479, 62.488025], [26.252427, 62.478311], [26.232999, 62.447403], [26.232705, 62.430918], [26.281275, 62.419733], [26.298937, 62.40943], [26.312477, 62.394123], [26.321014, 62.376755], [26.305118, 62.361743], [26.306296, 62.344964], [26.311594, 62.327008], [26.307768, 62.30758], [26.300703, 62.30758], [26.291578, 62.313761], [26.199442, 62.351734], [26.171477, 62.36763], [26.148517, 62.372929], [26.105245, 62.376755], [26.089349, 62.381171], [26.074631, 62.390002], [26.058736, 62.395595], [26.039896, 62.390296], [26.064917, 62.372929], [26.119375, 62.350263], [26.142335, 62.334956], [26.15146, 62.320237], [26.159997, 62.301693], [26.172066, 62.287563], [26.184135, 62.28668], [26.199736, 62.290507], [26.20474, 62.284914], [26.197381, 62.274905], [26.177364, 62.266663], [26.15617, 62.265486], [26.094648, 62.273139], [26.11908, 62.288446], [26.105245, 62.295217], [26.077575, 62.299338], [26.060502, 62.30758], [26.083168, 62.310523], [26.082285, 62.324359], [26.06845, 62.341432], [26.037541, 62.371751], [26.029005, 62.375284], [25.983378, 62.377933], [25.975431, 62.383526], [25.97808, 62.396478], [25.957474, 62.379405], [25.94776, 62.36763], [25.943934, 62.355561], [25.948938, 62.342904], [25.958652, 62.335544], [25.964245, 62.327891], [25.958063, 62.314645], [25.980729, 62.306402], [26.053731, 62.259893], [25.995742, 62.274317], [25.964539, 62.277555], [25.943934, 62.273139], [25.947466, 62.265486], [25.949821, 62.253711], [25.950704, 62.228985], [25.952764, 62.216916], [25.955708, 62.208379], [25.953648, 62.198076], [25.94099, 62.181003], [25.928038, 62.150684], [25.946877, 62.13155], [25.979257, 62.115949], [26.00575, 62.094755], [25.989854, 62.095049], [25.964833, 62.117126], [25.947172, 62.122719], [25.935986, 62.123897], [25.906549, 62.130667], [25.896541, 62.135671], [25.888887, 62.14303], [25.88771, 62.145385], [25.889182, 62.148623], [25.889771, 62.157454], [25.892125, 62.170112], [25.906844, 62.214855], [25.890359, 62.225158], [25.877996, 62.221037], [25.865633, 62.211323], [25.848854, 62.204552], [25.853858, 62.184241], [25.838257, 62.170112], [25.817651, 62.156865], [25.807349, 62.139498], [25.804994, 62.119776], [25.799106, 62.095049], [25.79057, 62.071205], [25.780561, 62.053838], [25.822361, 62.046184], [25.868282, 62.032055], [25.893303, 62.02764], [25.905372, 62.023813], [25.910376, 62.016159], [25.91332, 62.00674], [25.920384, 62.001736], [25.927155, 61.998792], [25.930098, 61.995848], [25.922151, 61.982602], [25.903606, 61.987017], [25.868871, 62.00674], [25.84856, 62.013216], [25.82501, 62.017926], [25.802933, 62.017042], [25.786743, 62.00674], [25.793513, 61.999969], [25.799695, 61.99055], [25.801167, 61.982307], [25.793808, 61.978775], [25.784388, 61.980836], [25.778207, 61.985545], [25.773202, 61.990255], [25.76967, 61.992316], [25.75348, 61.987606], [25.761428, 61.97642], [25.779384, 61.964646], [25.794397, 61.958464], [25.775852, 61.942568], [25.747887, 61.938447], [25.727576, 61.945806], [25.732286, 61.96494], [25.721983, 61.97642], [25.708148, 61.981424], [25.696079, 61.977303], [25.69078, 61.961702], [25.685776, 61.958464], [25.675179, 61.967001], [25.656634, 61.984957], [25.645743, 61.986429], [25.632202, 61.986134], [25.620133, 61.982602], [25.614834, 61.974948], [25.617189, 61.968472], [25.626903, 61.962291], [25.629258, 61.954932], [25.636029, 61.946101], [25.667526, 61.927556], [25.676945, 61.916664], [25.646037, 61.925495], [25.627492, 61.927261], [25.614834, 61.924023], [25.610713, 61.915487], [25.61454, 61.906656], [25.622782, 61.899591], [25.632496, 61.896942], [25.649569, 61.893998], [25.661344, 61.888994], [25.67253, 61.888994], [25.687542, 61.899886], [25.699611, 61.904595], [25.715801, 61.904007], [25.745238, 61.896942], [25.745238, 61.889288], [25.726104, 61.889877], [25.71433, 61.882224], [25.704321, 61.871332], [25.69078, 61.862207], [25.670764, 61.85838], [25.601294, 61.862207], [25.607475, 61.844839], [25.600705, 61.820113], [25.585692, 61.795975], [25.567147, 61.780079], [25.579216, 61.759474], [25.596584, 61.748877], [25.617484, 61.749465], [25.676062, 61.784789], [25.687837, 61.797152], [25.684304, 61.814814], [25.700789, 61.81658], [25.728753, 61.826294], [25.745238, 61.828061], [25.745238, 61.820996], [25.738173, 61.818052], [25.725515, 61.810399], [25.718451, 61.807455], [25.723749, 61.798624], [25.724338, 61.790971], [25.719922, 61.785084], [25.711092, 61.780079], [25.720511, 61.765067], [25.727282, 61.750349], [25.729342, 61.736808], [25.724927, 61.725622], [25.716979, 61.721501], [25.676945, 61.705016], [25.656929, 61.692064], [25.649275, 61.68971], [25.649569, 61.697657], [25.63544, 61.685883], [25.622194, 61.67087], [25.644271, 61.674991], [25.653691, 61.674403], [25.66311, 61.67087], [25.655457, 61.635252], [25.699023, 61.614058], [25.75554, 61.597279], [25.786743, 61.574613], [25.720217, 61.597574], [25.593346, 61.619357], [25.571563, 61.61553], [25.546542, 61.595219], [25.568619, 61.584916], [25.611302, 61.594041], [25.636029, 61.589037], [25.625137, 61.574613], [25.606592, 61.568432], [25.585398, 61.565782], [25.567147, 61.561072], [25.577745, 61.552536], [25.585692, 61.543116], [25.587753, 61.533991], [25.580688, 61.526926], [25.584515, 61.523688], [25.591285, 61.516329], [25.595112, 61.513385], [25.579216, 61.508087], [25.563615, 61.509853], [25.548014, 61.510147], [25.532412, 61.498962], [25.560671, 61.484538], [25.596584, 61.472174], [25.633085, 61.466582], [25.66311, 61.472174], [25.66311, 61.479239], [25.658106, 61.480417], [25.643388, 61.485421], [25.659578, 61.489836], [25.679889, 61.49278], [25.696962, 61.489836], [25.704321, 61.475707], [25.697256, 61.456279], [25.701966, 61.449214], [25.724927, 61.44421], [25.705793, 61.436851], [25.689603, 61.440089], [25.674002, 61.447153], [25.623665, 61.455396], [25.613068, 61.454218], [25.614834, 61.44421], [25.498855, 61.451275], [25.506803, 61.443621], [25.510335, 61.435379], [25.510041, 61.426254], [25.505625, 61.416245], [25.581571, 61.401527], [25.595112, 61.395934], [25.589225, 61.383865], [25.547425, 61.370324], [25.532412, 61.361788], [25.539477, 61.360022], [25.552724, 61.355606], [25.560671, 61.355018], [25.541243, 61.326759], [25.526231, 61.293495], [25.542127, 61.302326], [25.554784, 61.318811], [25.570091, 61.329408], [25.595112, 61.320871], [25.587753, 61.31675], [25.574507, 61.305859], [25.567147, 61.300855], [25.571269, 61.295556], [25.583337, 61.283781], [25.58893, 61.279955], [25.631908, 61.300855], [25.795868, 61.256406], [25.855036, 61.259349], [25.849737, 61.260232], [25.834724, 61.265531], [25.851209, 61.284076], [25.875347, 61.280543], [25.903017, 61.269652], [25.930098, 61.265531], [25.924211, 61.259349], [25.944228, 61.253756], [25.986028, 61.255817], [26.00575, 61.252579], [26.019291, 61.244042], [26.022823, 61.234328], [26.015758, 61.225203], [25.998391, 61.218433], [26.016053, 61.204892], [26.05432, 61.190762], [26.070804, 61.18046], [26.088761, 61.176338], [26.112015, 61.183698], [26.134387, 61.197238], [26.149988, 61.211073], [26.126145, 61.223437], [26.100535, 61.232268], [26.083756, 61.244042], [26.087878, 61.265531], [26.104951, 61.283487], [26.201502, 61.342066], [26.214454, 61.346481], [26.245362, 61.350308], [26.25331, 61.356784], [26.258314, 61.36532], [26.265968, 61.375623], [26.304824, 61.414185]]]}}, {"type": "Feature", "properties": {"featurecla": "Lake", "scalerank": 3, "name": "Lake Pskov", "name_en": "Pihkva", "src": "ne_10m_lakes"}, "geometry": {"type": "Polygon", "coordinates": [[[27.506713, 58.237113], [27.52879, 58.227987], [27.574416, 58.234758], [27.592373, 58.22681], [27.60032, 58.210914], [27.602087, 58.192075], [27.596788, 58.175885], [27.582659, 58.168526], [27.603558, 58.165877], [27.606208, 58.155279], [27.603558, 58.142916], [27.60974, 58.134968], [27.622987, 58.137618], [27.65831, 58.15734], [27.694223, 58.165877], [27.712768, 58.173236], [27.732196, 58.177357], [27.753095, 58.172058], [27.765753, 58.172058], [27.798722, 58.187365], [27.815206, 58.189426], [27.814912, 58.186776], [27.81815, 58.180006], [27.823154, 58.172647], [27.828453, 58.168526], [27.838755, 58.165582], [27.849941, 58.164405], [27.860833, 58.164699], [27.908814, 58.177651], [27.928536, 58.179712], [27.94561, 58.175885], [27.953263, 58.169115], [27.969747, 58.149098], [27.979756, 58.14115], [28.031564, 58.116718], [28.04481, 58.113185], [28.046282, 58.107004], [28.05894, 58.07845], [28.065416, 58.069031], [28.139596, 58.024287], [28.151076, 58.014573], [28.157257, 58.003976], [28.154314, 57.991319], [28.145483, 57.982193], [28.140184, 57.973068], [28.147838, 57.960116], [28.1655, 57.938039], [28.169621, 57.917139], [28.162262, 57.895945], [28.144305, 57.874162], [28.132531, 57.862976], [28.126644, 57.859149], [27.960622, 57.855028], [27.940311, 57.861798], [27.932069, 57.887408], [27.920294, 57.903304], [27.893507, 57.911546], [27.841993, 57.92126], [27.887914, 57.931563], [27.89704, 57.935684], [27.898806, 57.94687], [27.890269, 57.955701], [27.87614, 57.961294], [27.849941, 57.964826], [27.814912, 57.974246], [27.804609, 57.980427], [27.800782, 57.983665], [27.78783, 57.990141], [27.777822, 58.011041], [27.773701, 58.017517], [27.749857, 58.029292], [27.710707, 58.039006], [27.673912, 58.040477], [27.657427, 58.028114], [27.658016, 58.017811], [27.657427, 58.014573], [27.639765, 58.000738], [27.633584, 57.993379], [27.615922, 57.963648], [27.602087, 57.984843], [27.594139, 58.00898], [27.590312, 58.033707], [27.589429, 58.05549], [27.592961, 58.079334], [27.589723, 58.089342], [27.558226, 58.09729], [27.548512, 58.107298], [27.534089, 58.134968], [27.48228, 58.190898], [27.469034, 58.210031], [27.466974, 58.220923], [27.506713, 58.237113]]]}}, {"type": "Feature", "properties": {"featurecla": "Lake", "scalerank": 4, "name": "Lake Peipus", "name_en": "Peipus", "src": "ne_10m_lakes"}, "geometry": {"type": "Polygon", "coordinates": [[[27.466974, 58.220923], [27.465207, 58.251537], [27.462264, 58.257718], [27.451078, 58.262134], [27.410456, 58.291864], [27.417815, 58.303345], [27.415165, 58.31247], [27.408395, 58.321301], [27.404274, 58.332781], [27.404274, 58.353975], [27.408101, 58.360746], [27.415165, 58.36575], [27.418403, 58.370754], [27.411044, 58.377524], [27.396326, 58.383706], [27.326856, 58.404017], [27.282996, 58.404606], [27.26033, 58.408433], [27.237075, 58.424034], [27.229716, 58.445522], [27.232365, 58.494387], [27.229716, 58.52088], [27.197336, 58.609483], [27.161129, 58.663058], [27.098135, 58.727523], [27.074586, 58.744302], [26.980684, 58.778154], [26.955369, 58.795816], [26.946538, 58.819659], [26.951836, 58.848507], [26.964788, 58.876177], [26.979212, 58.895311], [27.011003, 58.922981], [27.044561, 58.944175], [27.081357, 58.959777], [27.287117, 59.001576], [27.537032, 59.016295], [27.733962, 58.993628], [27.737494, 58.981854], [27.730135, 58.966253], [27.718949, 58.950357], [27.727191, 58.915033], [27.794012, 58.862636], [27.801371, 58.819954], [27.797544, 58.811123], [27.784887, 58.794344], [27.780471, 58.785219], [27.779588, 58.775505], [27.78106, 58.754605], [27.780471, 58.744302], [27.765753, 58.694555], [27.761926, 58.667473], [27.770463, 58.655698], [27.783415, 58.646868], [27.829925, 58.572982], [27.834929, 58.551788], [27.835517, 58.489383], [27.833163, 58.472015], [27.825803, 58.455531], [27.81138, 58.439635], [27.78577, 58.422562], [27.782826, 58.431687], [27.788419, 58.452293], [27.78783, 58.469955], [27.70953, 58.419913], [27.69334, 58.393714], [27.660665, 58.363984], [27.653306, 58.36104], [27.633584, 58.360157], [27.629757, 58.356919], [27.632112, 58.346911], [27.637705, 58.342495], [27.644475, 58.339551], [27.650068, 58.332781], [27.656544, 58.320712], [27.658605, 58.313353], [27.651245, 58.308643], [27.629757, 58.305405], [27.609151, 58.307466], [27.575888, 58.323067], [27.558521, 58.326599], [27.543214, 58.322478], [27.535855, 58.311881], [27.534089, 58.297163], [27.534089, 58.281562], [27.530851, 58.270376], [27.523197, 58.258601], [27.506713, 58.237113], [27.466974, 58.220923]], [[27.469623, 58.387827], [27.465796, 58.381351], [27.49641, 58.371931], [27.511423, 58.370754], [27.527907, 58.373698], [27.519959, 58.381645], [27.511128, 58.386944], [27.491111, 58.39342], [27.487873, 58.394009], [27.481103, 58.394303], [27.474627, 58.391948], [27.469623, 58.387827]]]}}, {"type": "Feature", "properties": {"featurecla": "Lake", "scalerank": 4, "name": null, "name_en": null, "src": "ne_10m_lakes"}, "geometry": {"type": "Polygon", "coordinates": [[[27.565291, 60.971461], [27.547335, 60.969106], [27.543214, 60.962925], [27.548218, 60.940847], [27.544097, 60.93025], [27.534972, 60.930839], [27.525552, 60.938787], [27.520253, 60.950856], [27.502592, 60.93967], [27.494055, 60.944674], [27.488756, 60.95586], [27.479926, 60.964691], [27.459614, 60.965279], [27.439598, 60.96057], [27.42017, 60.958803], [27.400742, 60.967929], [27.391911, 60.981175], [27.388967, 60.993244], [27.383374, 61.002075], [27.366595, 61.005607], [27.349817, 60.999131], [27.336865, 60.985885], [27.323913, 60.975877], [27.308017, 60.978231], [27.311549, 60.981469], [27.313315, 60.984707], [27.315082, 60.991772], [27.320969, 61.002958], [27.328917, 61.012378], [27.338336, 61.02062], [27.348934, 61.026507], [27.345696, 61.037104], [27.355998, 61.045052], [27.369539, 61.04623], [27.381608, 61.028862], [27.408101, 61.019148], [27.418109, 61.012378], [27.410456, 60.989123], [27.433416, 60.97676], [27.467268, 60.97205], [27.557932, 60.975582], [27.615922, 60.985591], [27.637999, 61.002664], [27.65154, 61.005313], [27.658899, 60.982647], [27.66302, 60.979409], [27.668613, 60.978231], [27.6745, 60.978231], [27.683331, 60.981175], [27.683331, 60.987651], [27.678033, 60.999426], [27.678621, 61.007373], [27.676561, 61.012672], [27.678033, 61.019148], [27.688041, 61.029745], [27.703642, 61.034749], [27.736905, 61.02739], [27.753095, 61.032689], [27.738672, 61.040048], [27.726897, 61.049762], [27.714239, 61.05771], [27.698049, 61.060065], [27.698049, 61.053883], [27.705408, 61.053883], [27.698049, 61.046524], [27.687747, 61.051822], [27.657721, 61.063008], [27.650068, 61.067718], [27.649479, 61.07861], [27.661548, 61.080081], [27.677444, 61.07596], [27.688041, 61.070662], [27.697461, 61.070662], [27.709824, 61.077432], [27.72307, 61.082731], [27.736022, 61.077432], [27.749269, 61.069779], [27.766342, 61.066835], [27.801371, 61.067718], [27.793718, 61.058298], [27.789597, 61.055944], [27.780471, 61.053883], [27.804315, 61.037693], [27.82492, 61.018265], [27.847292, 61.002664], [27.876728, 60.999426], [27.858772, 60.983236], [27.829041, 60.974993], [27.770463, 60.971461], [27.761043, 60.969401], [27.731018, 60.958803], [27.710118, 60.949089], [27.629168, 60.939964], [27.617099, 60.940553], [27.60297, 60.944674], [27.592078, 60.952033], [27.584719, 60.960864], [27.577066, 60.968223], [27.565291, 60.971461]]]}}, {"type": "Feature", "properties": {"featurecla": "Lake", "scalerank": 4, "name": null, "name_en": null, "src": "ne_10m_lakes"}, "geometry": {"type": "Polygon", "coordinates": [[[29.199306, 62.695552], [29.241695, 62.692019], [29.261417, 62.684366], [29.244344, 62.702616], [29.241695, 62.711447], [29.247877, 62.719395], [29.222856, 62.728521], [29.20225, 62.740295], [29.196068, 62.756779], [29.21373, 62.780034], [29.234336, 62.791809], [29.264655, 62.801523], [29.296741, 62.805938], [29.322351, 62.801228], [29.317052, 62.796813], [29.317641, 62.793869], [29.320584, 62.79122], [29.322351, 62.786805], [29.349726, 62.767082], [29.344134, 62.760018], [29.337952, 62.756191], [29.330887, 62.754425], [29.322351, 62.753247], [29.348255, 62.750303], [29.358263, 62.73588], [29.363856, 62.716157], [29.377397, 62.698201], [29.367094, 62.680539], [29.375631, 62.672886], [29.390349, 62.677007], [29.404773, 62.712036], [29.421257, 62.724105], [29.441568, 62.730875], [29.459524, 62.732936], [29.496909, 62.727343], [29.529583, 62.713214], [29.554898, 62.692019], [29.569322, 62.664055], [29.543712, 62.667882], [29.532527, 62.672003], [29.521635, 62.678184], [29.501324, 62.69614], [29.493671, 62.698201], [29.48484, 62.695552], [29.482779, 62.692019], [29.482779, 62.687898], [29.479835, 62.684366], [29.467472, 62.677301], [29.456581, 62.667587], [29.455698, 62.657873], [29.473654, 62.650808], [29.453048, 62.643744], [29.433915, 62.640211], [29.414487, 62.639917], [29.391821, 62.643449], [29.370921, 62.649337], [29.322351, 62.670825], [29.302923, 62.651692], [29.256707, 62.647865], [29.206666, 62.654635], [29.175463, 62.667293], [29.148087, 62.688193], [29.147204, 62.69614], [29.155741, 62.701439], [29.168398, 62.703794], [29.178995, 62.701733], [29.199306, 62.695552]]]}}, {"type": "Feature", "properties": {"featurecla": "Lake", "scalerank": 4, "name": "Lake Vygozero", "name_en": "Vygozero", "src": "ne_10m_lakes"}, "geometry": {"type": "Polygon", "coordinates": [[[34.511401, 63.798534], [34.605598, 63.829442], [34.661822, 63.835918], [34.666531, 63.827676], [34.654168, 63.78882], [34.655346, 63.774396], [34.603832, 63.772041], [34.588525, 63.763799], [34.600005, 63.746432], [34.625026, 63.737601], [34.656523, 63.738484], [34.792519, 63.760856], [34.812242, 63.760856], [34.829315, 63.752025], [34.854924, 63.726415], [34.872292, 63.719939], [34.855219, 63.696979], [34.852569, 63.691974], [34.85463, 63.686381], [34.86405, 63.682555], [34.86611, 63.67755], [34.863167, 63.655179], [34.867876, 63.649292], [34.885244, 63.642227], [34.969138, 63.619855], [34.983267, 63.611024], [34.992981, 63.600427], [35.010349, 63.575112], [34.981795, 63.574229], [34.96796, 63.570108], [34.970315, 63.559805], [34.989743, 63.540966], [34.973553, 63.541849], [34.927632, 63.56216], [34.943234, 63.523009], [34.947943, 63.513884], [34.957952, 63.501521], [34.965017, 63.495633], [34.972376, 63.493279], [34.97944, 63.491807], [34.984445, 63.488863], [34.989449, 63.487391], [34.996514, 63.489452], [35.007994, 63.496222], [35.014764, 63.498871], [35.020946, 63.500049], [35.047144, 63.497694], [35.193443, 63.468552], [35.216404, 63.472673], [35.227001, 63.496222], [35.28499, 63.506819], [35.349456, 63.505642], [35.38007, 63.492984], [35.38684, 63.469141], [35.403325, 63.462076], [35.424519, 63.459427], [35.445419, 63.448535], [35.44954, 63.442059], [35.453367, 63.428224], [35.45896, 63.421159], [35.468968, 63.415566], [35.479859, 63.41174], [35.489573, 63.406735], [35.496933, 63.39761], [35.478976, 63.397021], [35.458371, 63.399671], [35.439237, 63.405264], [35.424519, 63.414683], [35.409801, 63.420571], [35.361231, 63.424397], [35.198153, 63.417333], [35.181374, 63.411445], [35.190794, 63.404086], [35.198447, 63.396138], [35.204923, 63.387013], [35.209339, 63.375827], [35.120146, 63.375827], [35.108078, 63.370529], [35.099247, 63.36317], [35.088944, 63.358754], [35.072165, 63.362875], [35.056858, 63.376416], [35.035958, 63.415566], [35.023889, 63.431168], [35.010054, 63.439116], [34.996219, 63.440882], [34.9659, 63.438527], [34.949415, 63.440882], [34.937346, 63.446475], [34.926455, 63.452951], [34.914092, 63.459132], [34.856102, 63.477972], [34.82225, 63.484153], [34.798701, 63.479443], [34.806649, 63.469729], [34.825488, 63.431168], [34.831964, 63.410562], [34.832847, 63.400848], [34.830492, 63.394372], [34.821073, 63.383481], [34.819012, 63.375827], [34.821661, 63.361992], [34.827549, 63.34904], [34.836085, 63.33756], [34.846388, 63.328729], [34.862872, 63.321664], [34.882006, 63.315777], [34.899079, 63.307535], [34.90791, 63.293994], [34.90791, 63.286635], [34.906144, 63.281042], [34.890248, 63.262497], [34.890837, 63.25867], [34.895252, 63.254844], [34.90997, 63.232766], [34.922628, 63.223052], [34.936463, 63.215104], [34.947943, 63.205979], [34.984739, 63.166534], [34.989743, 63.157409], [34.985328, 63.142397], [34.97267, 63.139158], [34.956774, 63.14328], [34.942056, 63.150639], [34.946177, 63.134154], [34.954125, 63.114138], [34.958835, 63.094415], [34.952065, 63.078519], [34.943822, 63.068217], [34.943528, 63.059091], [34.946766, 63.050261], [34.949121, 63.03672], [34.954419, 63.023768], [34.955597, 63.017292], [34.953831, 63.014937], [34.945294, 63.01111], [34.942056, 63.006695], [34.935286, 62.986972], [34.933814, 62.958125], [34.930576, 62.948116], [34.923217, 62.941051], [34.910854, 62.938402], [34.889071, 62.93016], [34.849331, 62.895719], [34.825488, 62.889832], [34.848743, 62.915442], [34.871409, 62.948411], [34.876119, 62.978141], [34.846388, 62.993448], [34.846388, 62.999924], [34.880534, 62.99963], [34.880534, 63.009933], [34.864638, 63.02524], [34.852569, 63.040841], [34.852569, 63.064096], [34.869348, 63.062035], [34.89172, 63.047317], [34.90791, 63.033187], [34.911737, 63.052027], [34.922039, 63.069394], [34.926455, 63.087939], [34.914092, 63.109722], [34.900845, 63.117081], [34.869054, 63.125618], [34.856102, 63.133566], [34.853158, 63.142985], [34.859929, 63.151816], [34.86876, 63.160941], [34.872292, 63.171244], [34.866993, 63.180958], [34.855807, 63.1892], [34.844033, 63.196265], [34.835791, 63.202152], [34.833141, 63.213338], [34.844327, 63.218931], [34.858751, 63.223641], [34.86611, 63.232472], [34.863755, 63.237182], [34.857279, 63.24248], [34.839029, 63.254844], [34.839912, 63.259553], [34.844033, 63.264558], [34.846388, 63.271034], [34.839912, 63.283986], [34.824899, 63.291933], [34.807826, 63.297821], [34.795168, 63.304886], [34.793402, 63.311067], [34.791636, 63.342564], [34.788398, 63.351689], [34.779273, 63.367879], [34.777507, 63.379654], [34.781922, 63.392017], [34.788104, 63.402026], [34.785749, 63.408796], [34.763966, 63.411445], [34.750131, 63.414683], [34.723049, 63.428518], [34.709214, 63.431168], [34.696556, 63.426752], [34.686548, 63.419688], [34.674774, 63.415272], [34.655346, 63.418216], [34.652108, 63.421748], [34.616784, 63.448535], [34.584109, 63.461782], [34.441048, 63.472673], [34.469013, 63.476205], [34.509047, 63.476205], [34.540838, 63.481504], [34.544076, 63.500049], [34.532596, 63.506525], [34.495506, 63.509469], [34.482554, 63.513884], [34.472545, 63.528308], [34.478727, 63.53655], [34.494034, 63.540377], [34.510224, 63.540966], [34.531124, 63.549502], [34.529063, 63.564809], [34.51199, 63.572757], [34.486086, 63.558333], [34.475783, 63.554801], [34.466069, 63.561277], [34.45194, 63.578644], [34.453412, 63.584826], [34.475195, 63.609847], [34.46813, 63.616028], [34.462537, 63.623682], [34.461065, 63.632218], [34.465186, 63.640461], [34.469013, 63.651352], [34.459888, 63.659006], [34.438105, 63.668131], [34.427802, 63.674018], [34.411612, 63.679611], [34.37099, 63.688442], [34.362453, 63.69639], [34.348912, 63.716112], [34.325658, 63.72406], [34.294161, 63.717878], [34.265313, 63.70316], [34.249712, 63.68491], [34.2503, 63.669897], [34.263547, 63.609847], [34.246474, 63.617206], [34.228223, 63.612496], [34.208795, 63.603076], [34.187895, 63.595717], [34.196726, 63.601016], [34.205851, 63.61073], [34.212916, 63.622504], [34.216743, 63.6384], [34.22263, 63.650763], [34.218804, 63.659006], [34.211739, 63.664304], [34.205263, 63.667836], [34.202025, 63.671369], [34.19967, 63.676667], [34.195843, 63.6802], [34.19496, 63.683438], [34.202025, 63.688442], [34.218215, 63.693152], [34.226163, 63.696684], [34.229401, 63.702277], [34.23205, 63.712874], [34.238232, 63.718761], [34.316532, 63.742016], [34.333606, 63.757618], [34.325069, 63.787348], [34.307113, 63.801478], [34.284152, 63.810603], [34.264724, 63.823849], [34.257365, 63.849459], [34.32448, 63.821495], [34.351562, 63.817373], [34.35215, 63.842689], [34.329484, 63.866238], [34.323303, 63.878601], [34.338315, 63.883605], [34.357743, 63.879779], [34.397777, 63.864177], [34.420443, 63.863], [34.441932, 63.854169], [34.451351, 63.842983], [34.457827, 63.829737], [34.469013, 63.815313], [34.491385, 63.801183], [34.511401, 63.798534]], [[34.791342, 63.602782], [34.764849, 63.602488], [34.774269, 63.591302], [34.789576, 63.584237], [34.807826, 63.581293], [34.825488, 63.581882], [34.821073, 63.591891], [34.813125, 63.598661], [34.802822, 63.602193], [34.797229, 63.602488], [34.798701, 63.602488], [34.791342, 63.602782]], [[34.595884, 63.490924], [34.585287, 63.479443], [34.600005, 63.476205], [34.645632, 63.475028], [34.655346, 63.469729], [34.662999, 63.457366], [34.680366, 63.448241], [34.700678, 63.443825], [34.715985, 63.445003], [34.740122, 63.462665], [34.735118, 63.481798], [34.702444, 63.513884], [34.68802, 63.520654], [34.661822, 63.524481], [34.633268, 63.524481], [34.612957, 63.521243], [34.617078, 63.509763], [34.60913, 63.500343], [34.595884, 63.490924]]]}}, {"type": "Feature", "properties": {"featurecla": "Lake", "scalerank": 4, "name": "Lake Vygozero", "name_en": "Vygozero", "src": "ne_10m_lakes"}, "geometry": {"type": "Polygon", "coordinates": [[[34.797229, 63.602488], [34.784571, 63.602488], [34.791342, 63.602782], [34.797229, 63.602488]]]}}, {"type": "Feature", "properties": {"featurecla": "Lake", "scalerank": 4, "name": "Lake Segozerskoye", "name_en": "Segozero", "src": "ne_10m_lakes"}, "geometry": {"type": "Polygon", "coordinates": [[[33.349252, 63.428518], [33.382221, 63.424397], [33.44492, 63.424397], [33.456695, 63.426458], [33.467586, 63.432051], [33.477006, 63.439999], [33.485542, 63.448535], [33.492902, 63.462665], [33.492313, 63.484153], [33.502616, 63.493279], [33.526165, 63.492395], [33.578856, 63.460604], [33.602111, 63.452362], [33.610059, 63.462665], [33.601228, 63.486214], [33.578267, 63.527425], [33.598578, 63.521832], [33.617418, 63.510057], [33.64656, 63.485919], [33.640378, 63.493279], [33.661572, 63.4765], [33.671286, 63.460015], [33.667165, 63.442648], [33.64656, 63.424397], [33.659512, 63.410857], [33.671581, 63.407619], [33.7019, 63.411445], [33.727215, 63.411151], [33.750765, 63.408502], [33.797568, 63.39761], [33.803161, 63.417921], [33.818174, 63.426752], [33.837308, 63.432051], [33.855558, 63.441765], [33.867921, 63.437349], [33.888821, 63.422631], [33.911782, 63.410857], [33.930915, 63.414683], [33.950932, 63.422631], [33.974776, 63.419099], [33.99126, 63.409679], [33.989199, 63.400848], [33.951815, 63.382009], [33.935625, 63.370234], [33.924439, 63.356105], [33.9265, 63.319898], [33.961824, 63.296643], [34.068678, 63.265441], [34.092227, 63.253077], [34.119603, 63.232472], [34.177887, 63.20539], [34.187895, 63.191555], [34.169645, 63.19185], [34.161697, 63.19391], [34.153749, 63.198326], [34.156104, 63.191555], [34.15787, 63.188612], [34.161108, 63.184785], [34.144918, 63.183019], [34.085457, 63.205979], [33.961824, 63.212161], [33.966239, 63.194793], [33.956525, 63.18714], [33.941218, 63.184785], [33.852909, 63.188906], [33.83142, 63.184785], [33.827005, 63.179486], [33.822884, 63.171833], [33.816113, 63.16624], [33.804339, 63.168006], [33.742228, 63.192733], [33.698073, 63.204213], [33.674524, 63.205979], [33.578267, 63.191555], [33.446392, 63.201269], [33.432851, 63.2101], [33.421371, 63.246307], [33.406359, 63.258376], [33.372212, 63.27486], [33.359555, 63.257199], [33.352196, 63.249251], [33.344836, 63.246896], [33.33836, 63.2519], [33.337772, 63.260142], [33.34101, 63.268384], [33.344836, 63.27486], [33.324231, 63.285752], [33.275072, 63.297821], [33.262414, 63.315188], [33.271245, 63.314894], [33.281842, 63.316954], [33.291557, 63.32137], [33.296561, 63.328729], [33.295678, 63.337266], [33.290379, 63.339915], [33.283314, 63.340504], [33.277133, 63.342564], [33.26889, 63.34698], [33.262414, 63.347568], [33.256233, 63.34904], [33.249462, 63.356694], [33.245047, 63.365819], [33.241809, 63.375827], [33.279782, 63.366996], [33.392229, 63.286929], [33.410774, 63.277804], [33.427553, 63.27486], [33.443743, 63.278981], [33.452279, 63.287812], [33.453751, 63.300176], [33.447864, 63.315188], [33.437267, 63.326668], [33.411363, 63.343447], [33.400177, 63.356694], [33.401354, 63.362875], [33.405475, 63.372001], [33.40783, 63.379948], [33.403415, 63.383481], [33.393112, 63.384364], [33.368091, 63.390251], [33.358966, 63.394078], [33.21355, 63.414389], [33.200892, 63.438527], [33.230918, 63.419393], [33.265652, 63.412328], [33.300682, 63.41851], [33.332473, 63.438527], [33.349252, 63.428518]]]}}, {"type": "Feature", "properties": {"featurecla": "Lake", "scalerank": 4, "name": "Pielinen", "name_en": "Pielinen", "src": "ne_10m_lakes"}, "geometry": {"type": "Polygon", "coordinates": [[[29.871045, 63.328729], [29.877227, 63.334911], [29.967008, 63.304886], [29.993795, 63.301353], [30.013518, 63.294583], [30.053551, 63.262497], [30.076512, 63.253077], [30.076512, 63.246896], [30.031768, 63.246896], [30.020877, 63.262791], [30.014989, 63.267207], [29.995561, 63.273977], [29.957294, 63.281925], [29.946108, 63.281042], [29.940515, 63.276921], [29.922265, 63.256904], [29.916672, 63.247779], [29.919615, 63.243658], [29.941398, 63.236887], [29.952879, 63.237182], [29.962298, 63.236299], [29.969952, 63.222464], [29.9779, 63.215693], [29.994384, 63.205979], [29.985259, 63.203036], [29.983787, 63.200092], [29.985553, 63.195382], [29.987025, 63.188317], [29.983787, 63.179781], [29.977016, 63.178015], [29.969952, 63.176837], [29.966714, 63.171244], [29.969363, 63.154465], [29.978488, 63.145635], [29.989968, 63.139453], [30.00086, 63.130033], [30.009102, 63.116787], [30.007925, 63.111194], [30.003509, 63.104424], [30.00086, 63.088528], [30.002626, 63.073221], [30.00763, 63.064979], [30.070624, 63.011404], [30.119783, 62.978141], [30.227226, 62.924861], [30.224282, 62.921035], [30.220456, 62.911026], [30.256074, 62.890126], [30.288748, 62.863339], [30.276973, 62.862751], [30.266376, 62.860396], [30.256957, 62.85598], [30.24842, 62.848915], [30.336141, 62.832725], [30.377352, 62.81683], [30.404433, 62.787393], [30.274913, 62.807999], [30.305232, 62.810648], [30.316713, 62.814769], [30.293752, 62.825661], [30.267848, 62.832431], [30.244005, 62.830371], [30.227226, 62.814769], [30.231936, 62.811826], [30.236057, 62.805938], [30.240767, 62.801228], [30.207798, 62.795636], [30.172474, 62.794458], [30.155107, 62.78916], [30.154224, 62.777679], [30.165115, 62.759723], [30.14657, 62.730875], [30.1189, 62.727343], [30.088875, 62.727932], [30.062676, 62.712331], [30.049136, 62.719395], [30.071213, 62.736174], [30.09594, 62.739412], [30.116545, 62.747065], [30.124787, 62.777091], [30.143038, 62.795636], [30.207504, 62.815358], [30.19985, 62.829193], [30.244005, 62.863634], [30.24842, 62.87688], [30.238117, 62.886888], [30.217806, 62.893364], [30.195435, 62.896897], [30.179539, 62.896897], [30.159817, 62.904845], [30.136856, 62.920446], [30.118311, 62.938697], [30.110658, 62.955181], [30.101827, 62.964895], [30.083282, 62.971371], [30.064443, 62.971371], [30.055906, 62.962246], [30.060321, 62.954003], [30.082399, 62.939874], [30.090052, 62.931632], [30.071213, 62.930454], [30.046192, 62.937813], [30.022349, 62.948705], [30.00763, 62.958713], [30.018227, 62.97667], [30.012635, 62.994626], [29.997328, 63.008461], [29.980254, 63.014054], [29.95229, 63.016703], [29.928446, 63.024062], [29.906958, 63.034659], [29.833367, 63.083229], [29.819532, 63.088528], [29.793628, 63.094121], [29.797749, 63.107662], [29.813939, 63.124735], [29.823064, 63.140042], [29.826596, 63.143868], [29.832189, 63.152405], [29.832189, 63.160941], [29.809818, 63.168006], [29.798337, 63.181841], [29.788918, 63.184785], [29.781559, 63.182136], [29.754772, 63.164768], [29.713266, 63.152699], [29.683241, 63.132682], [29.65616, 63.12238], [29.627901, 63.120319], [29.603468, 63.130033], [29.594637, 63.137392], [29.590516, 63.14328], [29.592283, 63.150344], [29.60023, 63.161236], [29.599347, 63.166534], [29.590516, 63.187729], [29.589633, 63.198326], [29.580214, 63.192733], [29.575504, 63.185374], [29.571971, 63.176837], [29.566084, 63.168006], [29.559608, 63.168006], [29.540769, 63.181253], [29.531644, 63.184785], [29.438919, 63.191555], [29.442157, 63.187729], [29.44981, 63.175071], [29.453343, 63.171244], [29.439508, 63.171244], [29.38976, 63.180958], [29.382107, 63.188317], [29.376808, 63.195382], [29.373864, 63.198326], [29.353848, 63.202152], [29.328827, 63.211866], [29.310282, 63.225113], [29.309104, 63.239242], [29.29733, 63.238065], [29.286144, 63.239537], [29.276135, 63.244541], [29.268188, 63.253077], [29.301156, 63.2519], [29.314403, 63.255432], [29.322351, 63.267207], [29.302628, 63.266913], [29.296152, 63.276627], [29.291442, 63.288401], [29.277902, 63.293994], [29.263183, 63.297526], [29.21373, 63.32137], [29.21373, 63.328729], [29.230509, 63.334322], [29.247877, 63.342564], [29.166338, 63.362287], [29.144849, 63.375827], [29.140728, 63.385541], [29.141905, 63.394372], [29.139845, 63.401143], [29.116001, 63.406147], [29.105993, 63.411445], [29.090097, 63.424397], [28.938794, 63.521243], [28.975295, 63.519477], [28.99178, 63.515061], [29.007675, 63.507408], [29.016801, 63.500049], [29.02416, 63.492395], [29.033285, 63.485036], [29.048592, 63.479443], [29.116884, 63.466491], [29.136901, 63.453834], [29.144849, 63.452362], [29.152503, 63.454717], [29.160745, 63.459427], [29.164866, 63.464431], [29.161333, 63.466491], [29.144555, 63.474439], [29.122772, 63.493279], [29.104227, 63.514767], [29.096279, 63.530957], [29.089214, 63.554506], [29.073024, 63.570402], [29.054479, 63.584531], [29.041822, 63.602488], [29.073024, 63.596012], [29.102755, 63.583943], [29.127482, 63.567458], [29.144849, 63.548619], [29.145438, 63.543026], [29.14426, 63.535961], [29.14426, 63.530074], [29.148087, 63.527425], [29.157507, 63.526542], [29.16516, 63.523304], [29.170164, 63.518005], [29.172225, 63.510646], [29.180173, 63.498871], [29.199306, 63.496517], [29.237279, 63.500049], [29.2414, 63.496811], [29.240223, 63.489452], [29.236691, 63.482387], [29.234041, 63.479443], [29.247877, 63.467375], [29.256413, 63.462076], [29.268188, 63.459132], [29.287027, 63.460015], [29.304689, 63.463842], [29.321762, 63.464431], [29.375336, 63.437349], [29.451282, 63.42999], [29.487195, 63.418216], [29.487783, 63.410562], [29.497497, 63.403792], [29.508094, 63.399376], [29.517808, 63.39761], [29.520752, 63.393489], [29.527522, 63.373472], [29.531644, 63.366408], [29.559902, 63.343742], [29.590222, 63.324902], [29.604057, 63.32137], [29.61642, 63.32343], [29.627901, 63.327257], [29.637615, 63.328729], [29.651155, 63.326374], [29.68589, 63.315188], [29.696782, 63.314305], [29.715621, 63.315777], [29.72769, 63.315188], [29.76007, 63.302531], [29.775377, 63.301353], [29.763308, 63.318721], [29.748884, 63.329023], [29.746824, 63.333733], [29.77155, 63.334911], [29.789506, 63.32608], [29.795688, 63.307829], [29.785385, 63.293111], [29.754772, 63.293994], [29.831601, 63.281336], [29.87134, 63.286046], [29.904897, 63.308418], [29.893711, 63.309007], [29.883997, 63.312833], [29.876344, 63.319309], [29.871045, 63.328729]]]}}, {"type": "Feature", "properties": {"featurecla": "Lake", "scalerank": 4, "name": null, "name_en": null, "src": "ne_10m_lakes"}, "geometry": {"type": "Polygon", "coordinates": [[[30.849806, 61.952577], [30.866585, 61.954932], [30.906324, 61.951399], [30.887779, 61.966706], [30.843624, 61.984074], [30.830378, 61.999381], [30.871589, 61.99261], [30.885719, 61.992316], [30.869234, 62.009389], [30.869528, 62.024107], [30.874238, 62.038237], [30.871589, 62.053838], [30.854222, 62.066201], [30.803297, 62.080036], [30.782102, 62.094755], [30.810067, 62.094755], [30.828023, 62.090045], [30.92222, 62.086218], [30.9337, 62.081214], [30.94518, 62.091811], [30.962548, 62.08769], [30.980798, 62.075327], [30.994928, 62.061491], [30.963725, 62.062669], [30.954011, 62.061491], [30.946358, 62.058548], [30.936643, 62.053838], [30.931934, 62.049717], [30.939882, 62.047656], [30.963136, 62.046479], [30.986097, 62.042946], [31.008174, 62.036176], [31.029074, 62.026462], [31.039965, 62.017926], [31.05174, 61.998792], [31.071757, 61.974654], [31.072934, 61.966117], [31.045853, 61.929911], [31.03555, 61.921374], [31.019949, 61.917547], [30.973145, 61.914015], [30.954305, 61.908716], [30.935172, 61.905773], [30.912506, 61.909894], [30.882775, 61.923435], [30.854516, 61.940802], [30.849806, 61.952577]]]}}, {"type": "Feature", "properties": {"featurecla": "Lake", "scalerank": 4, "name": null, "name_en": null, "src": "ne_10m_lakes"}, "geometry": {"type": "Polygon", "coordinates": [[[28.884042, 61.622595], [28.879627, 61.607288], [28.876683, 61.6014], [28.890224, 61.599045], [28.895817, 61.599045], [28.904648, 61.6014], [28.904648, 61.595219], [28.850779, 61.601989], [28.860493, 61.604344], [28.869324, 61.608465], [28.877272, 61.614352], [28.884042, 61.622595]]]}}, {"type": "Feature", "properties": {"featurecla": "Lake", "scalerank": 4, "name": "Lake Geneva", "name_en": "Geneva", "src": "ne_10m_lakes"}, "geometry": {"type": "Polygon", "coordinates": [[[6.871199, 46.458721], [6.916531, 46.441942], [6.93537, 46.423103], [6.913881, 46.404264], [6.867666, 46.402497], [6.697229, 46.423103], [6.499417, 46.409268], [6.494707, 46.406324], [6.48411, 46.392195], [6.479106, 46.388957], [6.464682, 46.385719], [6.43289, 46.371589], [6.417584, 46.368351], [6.408164, 46.365407], [6.39374, 46.351278], [6.383732, 46.34804], [6.376078, 46.350689], [6.355473, 46.371589], [6.294834, 46.373944], [6.237138, 46.312422], [6.182975, 46.238831], [6.133228, 46.204685], [6.136171, 46.213221], [6.140293, 46.220286], [6.145885, 46.226468], [6.153245, 46.231177], [6.160015, 46.268856], [6.176499, 46.300059], [6.318383, 46.451067], [6.334573, 46.46137], [6.352823, 46.467257], [6.419055, 46.473145], [6.435834, 46.479621], [6.495001, 46.513178], [6.510897, 46.517594], [6.597734, 46.522304], [6.620106, 46.51936], [6.784361, 46.478443], [6.871199, 46.458721]]]}}, {"type": "Feature", "properties": {"featurecla": "Lake", "scalerank": 4, "name": "Lough Neagh", "name_en": "Neagh", "src": "ne_10m_lakes"}, "geometry": {"type": "Polygon", "coordinates": [[[-6.522516, 54.715929], [-6.520014, 54.728881], [-6.510447, 54.739478], [-6.497348, 54.746543], [-6.484102, 54.74772], [-6.470855, 54.740656], [-6.472769, 54.730647], [-6.476743, 54.719167], [-6.469384, 54.70857], [-6.461583, 54.706215], [-6.444363, 54.706804], [-6.435826, 54.704154], [-6.42729, 54.700033], [-6.419636, 54.697973], [-6.411541, 54.69709], [-6.401974, 54.696795], [-6.384165, 54.699739], [-6.349283, 54.71063], [-6.314107, 54.712985], [-6.278194, 54.724171], [-6.259649, 54.722699], [-6.24655, 54.715929], [-6.239338, 54.706509], [-6.238455, 54.695618], [-6.244784, 54.683843], [-6.254645, 54.675601], [-6.293501, 54.654113], [-6.298652, 54.647637], [-6.313665, 54.620555], [-6.316314, 54.612018], [-6.307189, 54.607014], [-6.290116, 54.609664], [-6.272896, 54.609958], [-6.263329, 54.597595], [-6.267008, 54.583171], [-6.279666, 54.575223], [-6.308514, 54.566098], [-6.310721, 54.563743], [-6.313076, 54.55815], [-6.315726, 54.556089], [-6.335742, 54.555501], [-6.339716, 54.554617], [-6.340599, 54.550496], [-6.336478, 54.54667], [-6.332799, 54.54196], [-6.334712, 54.534601], [-6.341482, 54.531068], [-6.351491, 54.529008], [-6.359733, 54.526064], [-6.359733, 54.521354], [-6.336037, 54.501338], [-6.385195, 54.484853], [-6.399766, 54.483381], [-6.413013, 54.487797], [-6.43038, 54.501926], [-6.442744, 54.507814], [-6.477184, 54.511052], [-6.543122, 54.506047], [-6.575796, 54.514878], [-6.603025, 54.526653], [-6.612297, 54.536367], [-6.609795, 54.549908], [-6.603614, 54.553734], [-6.585216, 54.556089], [-6.57771, 54.558444], [-6.572705, 54.563448], [-6.565935, 54.57434], [-6.560489, 54.578755], [-6.533408, 54.594357], [-6.516482, 54.61349], [-6.510889, 54.637039], [-6.518542, 54.666476], [-6.524724, 54.679428], [-6.528845, 54.690908], [-6.528845, 54.702683], [-6.522516, 54.715929]]]}}, {"type": "Feature", "properties": {"featurecla": "Lake", "scalerank": 4, "name": "V\u00e4ttern", "name_en": "V\u00e4ttern", "src": "ne_10m_lakes"}, "geometry": {"type": "Polygon", "coordinates": [[[14.922058, 58.814066], [14.913227, 58.799054], [14.912049, 58.784041], [14.924707, 58.771678], [14.929122, 58.782275], [14.937659, 58.78934], [14.947962, 58.791106], [14.958853, 58.785219], [14.960325, 58.778154], [14.95797, 58.766968], [14.952671, 58.751072], [14.945018, 58.735471], [14.926179, 58.709861], [14.918525, 58.696615], [14.915287, 58.677776], [14.919408, 58.640097], [14.918525, 58.628323], [14.906456, 58.618609], [14.842874, 58.586817], [14.852882, 58.582402], [14.862596, 58.580341], [14.88379, 58.579753], [14.889972, 58.577692], [14.902335, 58.567684], [14.91146, 58.565623], [14.94649, 58.568272], [14.961502, 58.565034], [14.973277, 58.552082], [14.958853, 58.544134], [14.954732, 58.533832], [14.961502, 58.52559], [14.979459, 58.524706], [14.971511, 58.515876], [14.96003, 58.511166], [14.939131, 58.50469], [14.928534, 58.495564], [14.918231, 58.484084], [14.907045, 58.474076], [14.88173, 58.466422], [14.871133, 58.460535], [14.859947, 58.458475], [14.832865, 58.474665], [14.817264, 58.477019], [14.801663, 58.475253], [14.788416, 58.469955], [14.772226, 58.45818], [14.723362, 58.411671], [14.714236, 58.405195], [14.702756, 58.399896], [14.690393, 58.396364], [14.678618, 58.394892], [14.670376, 58.391065], [14.620334, 58.333958], [14.616802, 58.326599], [14.62004, 58.316297], [14.634169, 58.305111], [14.637407, 58.295397], [14.632698, 58.286271], [14.599729, 58.261251], [14.595608, 58.251831], [14.602672, 58.22887], [14.603261, 58.216802], [14.59443, 58.202966], [14.544977, 58.158812], [14.540267, 58.151453], [14.523488, 58.112008], [14.514069, 58.10406], [14.493463, 58.093169], [14.459023, 58.060789], [14.444305, 58.040772], [14.438123, 58.021344], [14.427526, 58.006037], [14.35629, 57.9766], [14.338628, 57.961294], [14.285642, 57.888291], [14.276517, 57.866508], [14.27063, 57.857089], [14.26592, 57.846491], [14.264742, 57.832656], [14.26592, 57.821471], [14.267392, 57.818821], [14.252674, 57.804692], [14.229419, 57.7938], [14.202043, 57.787324], [14.17555, 57.784675], [14.155533, 57.792328], [14.146408, 57.810285], [14.137283, 57.853851], [14.125803, 57.871218], [14.112262, 57.88417], [14.10137, 57.898005], [14.096661, 57.918316], [14.094011, 57.921554], [14.089007, 57.932446], [14.086652, 57.943926], [14.123448, 57.9766], [14.155239, 58.018106], [14.154062, 58.023993], [14.152001, 58.028409], [14.15465, 58.034885], [14.167308, 58.053724], [14.183498, 58.093169], [14.207341, 58.127904], [14.210579, 58.146154], [14.21264, 58.182067], [14.222943, 58.200612], [14.235895, 58.213858], [14.244137, 58.22681], [14.239427, 58.244766], [14.257972, 58.257424], [14.278578, 58.30305], [14.297711, 58.313059], [14.316256, 58.319535], [14.332152, 58.335725], [14.380428, 58.409316], [14.398089, 58.428155], [14.414574, 58.436397], [14.438712, 58.44199], [14.441067, 58.45612], [14.441361, 58.473781], [14.459317, 58.491149], [14.464027, 58.491443], [14.478745, 58.489383], [14.486693, 58.491149], [14.491992, 58.49527], [14.49523, 58.500569], [14.500234, 58.510871], [14.511714, 58.527944], [14.516424, 58.540602], [14.510536, 58.546489], [14.510536, 58.556203], [14.521134, 58.613899], [14.553808, 58.642452], [14.74956, 58.730761], [14.767811, 58.744302], [14.776642, 58.749306], [14.785767, 58.751956], [14.792243, 58.75696], [14.797836, 58.77992], [14.804901, 58.785513], [14.822562, 58.792283], [14.852293, 58.81024], [14.859947, 58.816421], [14.867011, 58.819071], [14.887028, 58.81701], [14.897625, 58.819954], [14.907928, 58.835849], [14.907928, 58.871467], [14.918525, 58.881476], [14.929122, 58.863814], [14.976809, 58.850568], [14.993588, 58.8332], [14.978281, 58.836438], [14.972688, 58.83997], [14.966212, 58.84733], [14.949433, 58.835849], [14.931772, 58.82643], [14.922058, 58.814066]]]}}, {"type": "Feature", "properties": {"featurecla": "Lake", "scalerank": 5, "name": "Storsj\u00f6n", "name_en": "Storsj\u00f6n", "src": "ne_10m_lakes"}, "geometry": {"type": "Polygon", "coordinates": [[[14.092539, 63.212161], [14.141109, 63.20804], [14.158183, 63.212161], [14.153473, 63.225996], [14.142876, 63.233649], [14.129924, 63.238948], [14.116677, 63.246896], [14.088713, 63.28428], [14.081354, 63.291345], [14.064575, 63.28899], [14.047796, 63.289579], [14.035727, 63.31666], [14.024247, 63.324314], [13.993044, 63.334911], [14.017182, 63.333439], [14.040437, 63.328729], [14.094011, 63.30989], [14.116677, 63.308418], [14.176433, 63.315483], [14.198511, 63.315188], [14.270335, 63.285163], [14.297711, 63.281042], [14.308014, 63.283103], [14.323027, 63.292522], [14.335684, 63.293994], [14.347459, 63.29105], [14.361294, 63.284574], [14.373952, 63.276038], [14.383666, 63.267207], [14.39544, 63.2519], [14.428115, 63.240125], [14.459023, 63.23777], [14.472858, 63.249839], [14.471386, 63.260731], [14.468442, 63.270445], [14.468148, 63.279276], [14.472858, 63.287812], [14.484044, 63.293405], [14.495818, 63.292522], [14.50671, 63.287518], [14.513774, 63.281042], [14.512891, 63.259848], [14.52967, 63.248368], [14.575885, 63.232472], [14.593547, 63.217459], [14.610326, 63.199209], [14.627399, 63.184196], [14.691276, 63.168301], [14.729543, 63.144163], [14.795187, 63.088528], [14.761335, 63.092355], [14.733959, 63.108545], [14.708349, 63.128267], [14.678913, 63.14328], [14.528198, 63.173893], [14.49729, 63.174777], [14.461378, 63.162708], [14.439595, 63.158881], [14.420167, 63.152699], [14.411336, 63.140042], [14.414868, 63.126501], [14.420755, 63.1109], [14.424877, 63.096181], [14.421344, 63.08529], [14.418106, 63.066745], [14.43253, 63.044373], [14.452841, 63.020824], [14.466087, 62.999924], [14.459317, 62.999924], [14.467559, 62.965189], [14.47639, 62.841556], [14.485221, 62.83773], [14.483749, 62.829193], [14.477862, 62.820362], [14.472858, 62.814769], [14.435768, 62.797402], [14.431941, 62.794458], [14.413396, 62.796224], [14.41634, 62.808293], [14.445482, 62.841556], [14.436651, 62.853625], [14.430469, 62.859218], [14.423405, 62.861573], [14.411336, 62.863339], [14.410747, 62.860101], [14.403094, 62.855097], [14.394557, 62.853331], [14.380722, 62.873053], [14.37719, 62.87688], [14.352169, 62.888949], [14.345987, 62.893364], [14.339805, 62.901312], [14.3401, 62.905728], [14.342749, 62.910143], [14.342749, 62.917797], [14.333035, 62.988444], [14.336567, 62.994626], [14.344809, 62.984617], [14.374246, 62.915147], [14.389258, 62.898369], [14.411336, 62.889832], [14.407509, 62.898957], [14.405154, 62.907788], [14.403977, 62.928099], [14.399267, 62.936342], [14.391908, 62.943701], [14.392202, 62.949294], [14.410747, 62.951354], [14.430764, 62.961068], [14.436945, 62.982851], [14.432824, 63.00434], [14.421344, 63.014054], [14.409864, 63.020824], [14.396618, 63.036425], [14.37719, 63.067922], [14.36306, 63.104718], [14.350991, 63.118847], [14.328325, 63.130033], [14.233834, 63.152405], [14.219116, 63.161236], [14.0737, 63.189495], [14.052506, 63.201858], [14.02042, 63.232472], [13.99952, 63.248073], [13.924752, 63.27486], [14.03661, 63.25661], [14.054566, 63.243069], [14.060159, 63.236299], [14.092539, 63.212161]]]}}, {"type": "Feature", "properties": {"featurecla": "Lake", "scalerank": 5, "name": "Bodensee", "name_en": "Constance", "src": "ne_10m_lakes"}, "geometry": {"type": "Polygon", "coordinates": [[[9.718583, 47.546691], [9.732124, 47.538448], [9.744487, 47.519904], [9.702393, 47.52167], [9.689735, 47.519904], [9.687086, 47.516371], [9.681493, 47.503125], [9.676194, 47.499298], [9.669718, 47.498415], [9.648819, 47.499298], [9.642931, 47.501653], [9.641165, 47.510484], [9.634689, 47.51225], [9.627036, 47.510484], [9.614967, 47.501947], [9.607902, 47.499298], [9.592889, 47.499298], [9.57876, 47.501653], [9.565514, 47.506363], [9.552856, 47.51225], [9.517827, 47.492822], [9.494572, 47.488112], [9.402141, 47.543453], [9.39802, 47.544041], [9.382419, 47.569651], [9.380653, 47.574361], [9.371233, 47.581131], [9.206684, 47.647363], [9.18284, 47.670618], [9.206389, 47.672384], [9.205506, 47.681509], [9.18284, 47.704175], [9.174892, 47.718894], [9.169005, 47.733318], [9.161646, 47.746858], [9.148694, 47.759516], [9.131032, 47.767758], [9.090999, 47.779238], [9.073042, 47.787481], [9.040074, 47.81103], [9.032126, 47.820744], [9.071865, 47.816623], [9.17607, 47.765698], [9.203446, 47.76246], [9.210805, 47.759516], [9.215809, 47.750979], [9.222285, 47.729196], [9.2267, 47.724781], [9.322369, 47.681804], [9.341208, 47.677977], [9.38448, 47.677388], [9.403025, 47.675033], [9.456599, 47.656489], [9.488096, 47.653839], [9.498104, 47.650012], [9.507229, 47.642065], [9.511351, 47.632939], [9.514883, 47.623225], [9.521653, 47.612628], [9.537549, 47.599087], [9.552856, 47.593495], [9.594361, 47.588196], [9.634689, 47.574361], [9.676194, 47.55405], [9.718583, 47.546691]]]}}, {"type": "Feature", "properties": {"featurecla": "Lake", "scalerank": 5, "name": null, "name_en": null, "src": "ne_10m_lakes"}, "geometry": {"type": "Polygon", "coordinates": [[[27.054275, 61.677052], [27.040146, 61.671459], [27.033964, 61.67087], [27.036908, 61.666749], [27.038968, 61.663217], [27.041912, 61.659979], [27.047505, 61.656741], [27.047505, 61.64997], [27.031315, 61.649382], [27.018657, 61.656152], [27.01012, 61.667338], [27.007177, 61.68029], [27.011592, 61.69648], [27.009237, 61.702662], [26.99658, 61.705016], [26.985983, 61.702956], [26.97568, 61.697952], [26.96626, 61.690887], [26.958901, 61.683234], [26.973031, 61.672931], [26.979212, 61.67087], [26.979212, 61.663511], [26.910331, 61.665866], [26.889725, 61.67087], [26.851458, 61.693242], [26.835268, 61.697657], [26.838506, 61.711198], [26.831441, 61.717968], [26.817312, 61.71944], [26.801122, 61.717968], [26.807598, 61.695008], [26.803771, 61.680584], [26.78817, 61.676169], [26.759322, 61.683234], [26.748725, 61.689121], [26.73018, 61.704428], [26.718994, 61.711198], [26.709869, 61.71267], [26.699861, 61.711492], [26.689264, 61.712081], [26.677489, 61.717968], [26.6978, 61.687943], [26.748725, 61.658507], [26.807009, 61.636724], [26.848809, 61.628776], [26.825848, 61.655563], [26.824082, 61.667338], [26.848809, 61.67087], [26.863527, 61.665866], [26.874419, 61.655269], [26.877657, 61.641728], [26.86912, 61.628776], [26.874713, 61.626716], [26.878245, 61.624949], [26.882072, 61.623183], [26.889725, 61.622595], [26.889725, 61.61553], [26.8806, 61.609054], [26.882661, 61.602872], [26.891492, 61.597868], [26.903561, 61.595219], [26.894435, 61.590803], [26.884427, 61.588448], [26.874124, 61.58786], [26.862938, 61.589037], [26.873535, 61.581972], [26.88531, 61.577262], [26.898262, 61.574908], [26.911508, 61.574613], [26.897085, 61.561956], [26.877068, 61.554596], [26.855579, 61.553713], [26.835268, 61.561072], [26.82732, 61.571375], [26.824377, 61.582267], [26.818489, 61.591392], [26.801122, 61.595219], [26.818195, 61.565488], [26.821433, 61.561072], [26.811719, 61.553419], [26.796412, 61.553419], [26.780811, 61.558129], [26.770214, 61.56431], [26.766976, 61.58315], [26.775512, 61.60405], [26.775807, 61.621417], [26.734301, 61.634075], [26.71399, 61.647027], [26.677489, 61.677052], [26.668658, 61.682939], [26.662476, 61.684705], [26.658355, 61.689121], [26.656883, 61.701484], [26.650702, 61.707077], [26.636572, 61.712081], [26.609196, 61.717968], [26.610374, 61.730332], [26.599777, 61.732392], [26.584176, 61.731509], [26.570929, 61.735336], [26.565042, 61.739457], [26.560921, 61.740046], [26.557683, 61.741223], [26.553856, 61.745933], [26.553856, 61.75182], [26.555917, 61.758591], [26.559155, 61.764478], [26.560921, 61.766539], [26.549735, 61.779491], [26.533545, 61.792443], [26.513822, 61.802451], [26.49204, 61.807455], [26.512939, 61.78685], [26.487918, 61.786261], [26.426691, 61.792737], [26.40373, 61.800685], [26.408734, 61.805395], [26.417565, 61.820996], [26.369584, 61.838363], [26.364286, 61.845428], [26.351922, 61.845723], [26.328079, 61.841601], [26.309828, 61.842485], [26.287751, 61.846017], [26.270089, 61.856025], [26.265968, 61.876336], [26.287751, 61.87251], [26.300997, 61.868389], [26.312183, 61.870155], [26.328079, 61.883107], [26.340442, 61.896353], [26.346035, 61.906362], [26.345741, 61.91843], [26.341619, 61.937858], [26.371056, 61.977892], [26.405496, 61.987312], [26.435522, 61.987017], [26.431106, 61.971416], [26.441703, 61.968472], [26.451417, 61.962879], [26.465841, 61.951399], [26.428457, 61.951105], [26.413444, 61.948161], [26.399904, 61.940802], [26.390484, 61.929911], [26.384597, 61.91637], [26.383714, 61.90224], [26.39019, 61.889288], [26.371645, 61.876631], [26.356043, 61.862207], [26.406085, 61.85161], [26.458776, 61.848372], [26.478793, 61.853082], [26.477027, 61.865445], [26.466136, 61.881046], [26.458482, 61.896942], [26.471728, 61.893998], [26.500282, 61.88399], [26.512939, 61.883107], [26.550618, 61.913132], [26.560921, 61.930499], [26.547086, 61.93462], [26.49204, 61.930499], [26.526186, 61.944335], [26.552384, 61.950811], [26.5777, 61.946984], [26.609196, 61.930499], [26.595067, 61.907245], [26.61891, 61.876042], [26.660416, 61.85838], [26.698094, 61.876336], [26.678372, 61.882224], [26.670719, 61.883107], [26.670719, 61.889288], [26.714579, 61.891349], [26.730769, 61.888111], [26.753141, 61.876336], [26.739894, 61.865151], [26.744015, 61.854259], [26.75785, 61.849255], [26.773746, 61.855731], [26.782577, 61.848961], [26.793174, 61.854259], [26.814663, 61.876336], [26.809953, 61.88399], [26.822022, 61.892526], [26.821433, 61.903124], [26.811719, 61.91637], [26.803477, 61.914898], [26.793763, 61.903124], [26.76727, 61.903418], [26.736067, 61.909011], [26.70457, 61.91843], [26.677489, 61.930499], [26.66071, 61.942863], [26.615378, 61.992316], [26.60537, 61.999969], [26.58447, 62.011155], [26.574461, 62.019692], [26.570046, 62.028523], [26.568869, 62.037059], [26.565336, 62.045596], [26.553856, 62.053838], [26.579466, 62.048834], [26.593301, 62.034704], [26.604781, 62.019692], [26.622443, 62.012921], [26.65394, 62.015865], [26.663948, 62.012921], [26.673957, 62.004974], [26.681021, 61.995554], [26.682493, 61.986429], [26.677489, 61.978775], [26.690441, 61.973477], [26.699861, 61.965529], [26.715462, 61.947867], [26.727531, 61.937858], [26.766976, 61.916664], [26.765798, 61.931677], [26.741955, 61.95817], [26.745781, 61.971416], [26.761971, 61.973182], [26.784932, 61.96494], [26.832913, 61.936387], [26.881778, 61.899591], [26.895907, 61.885462], [26.907093, 61.86986], [26.911508, 61.855731], [26.897673, 61.860441], [26.877068, 61.878986], [26.86912, 61.883107], [26.85293, 61.879574], [26.852047, 61.870155], [26.862644, 61.860441], [26.880011, 61.855731], [26.901794, 61.843368], [26.900617, 61.81452], [26.883544, 61.755941], [26.89002, 61.745639], [26.918279, 61.746522], [26.92446, 61.735336], [26.925049, 61.729743], [26.928876, 61.715319], [26.931525, 61.711198], [26.940062, 61.706488], [26.942711, 61.709432], [26.944772, 61.71473], [26.951836, 61.717968], [27.023956, 61.717968], [27.030726, 61.712964], [27.054275, 61.677052]]]}}, {"type": "Feature", "properties": {"featurecla": "Lake", "scalerank": 5, "name": "Hj\u00e4lmaren", "name_en": "Hj\u00e4lmaren", "src": "ne_10m_lakes"}, "geometry": {"type": "Polygon", "coordinates": [[[16.367974, 59.294174], [16.403592, 59.304183], [16.426258, 59.319784], [16.412423, 59.296235], [16.377099, 59.281222], [16.128362, 59.244721], [16.055359, 59.221761], [16.020919, 59.216757], [15.95557, 59.216168], [15.942324, 59.213224], [15.928194, 59.204393], [15.90906, 59.1988], [15.888455, 59.196151], [15.870793, 59.19674], [15.880801, 59.186437], [15.909944, 59.179667], [15.91171, 59.168775], [15.901996, 59.162299], [15.866672, 59.156706], [15.825755, 59.142282], [15.700062, 59.142282], [15.667976, 59.146992], [15.610575, 59.170247], [15.579373, 59.17584], [15.574957, 59.179667], [15.586143, 59.188498], [15.617934, 59.204688], [15.646782, 59.207337], [15.658557, 59.209986], [15.637362, 59.229709], [15.558767, 59.23118], [15.534924, 59.25208], [15.544638, 59.252375], [15.569659, 59.258262], [15.545226, 59.267976], [15.452207, 59.253846], [15.411291, 59.25208], [15.341526, 59.269153], [15.266169, 59.270625], [15.239088, 59.274452], [15.227019, 59.285638], [15.256455, 59.299473], [15.431896, 59.278867], [15.446026, 59.282988], [15.491358, 59.301828], [15.518734, 59.318018], [15.537867, 59.322728], [15.57584, 59.326554], [15.607043, 59.311836], [15.645899, 59.306243], [15.723317, 59.306832], [15.751576, 59.299178], [15.783956, 59.268565], [15.816041, 59.265032], [15.815453, 59.281222], [15.82605, 59.288581], [15.833703, 59.29594], [15.823106, 59.306832], [15.838413, 59.323611], [15.850188, 59.31684], [15.856075, 59.301533], [15.854014, 59.292997], [16.022391, 59.289759], [16.056831, 59.271803], [16.082735, 59.26621], [16.108639, 59.266798], [16.146318, 59.281811], [16.226974, 59.285638], [16.26583, 59.301533], [16.289379, 59.307421], [16.306158, 59.303005], [16.331473, 59.292702], [16.367974, 59.294174]]]}}, {"type": "Feature", "properties": {"featurecla": "Lake", "scalerank": 5, "name": null, "name_en": null, "src": "ne_10m_lakes"}, "geometry": {"type": "Polygon", "coordinates": [[[24.704366, 61.64997], [24.684938, 61.641139], [24.662861, 61.645849], [24.621944, 61.663511], [24.608698, 61.665572], [24.577201, 61.663511], [24.566015, 61.661156], [24.560128, 61.655858], [24.553063, 61.642317], [24.548059, 61.636135], [24.540994, 61.624066], [24.536284, 61.619062], [24.523332, 61.614058], [24.51038, 61.616707], [24.497428, 61.621417], [24.484476, 61.622595], [24.469464, 61.615824], [24.42266, 61.582267], [24.576612, 61.536051], [24.60075, 61.513385], [24.580145, 61.516329], [24.532458, 61.515446], [24.497134, 61.533402], [24.471524, 61.537818], [24.444443, 61.537818], [24.42266, 61.533697], [24.417361, 61.530459], [24.414418, 61.522805], [24.408825, 61.519567], [24.387336, 61.514857], [24.364376, 61.513385], [24.294317, 61.520156], [24.27224, 61.513385], [24.285486, 61.499845], [24.233384, 61.493369], [24.224553, 61.479239], [24.213072, 61.477179], [24.20483, 61.472469], [24.201298, 61.465698], [24.203947, 61.458045], [24.193939, 61.44892], [24.162442, 61.442738], [24.155671, 61.433907], [24.158026, 61.421249], [24.165385, 61.416245], [24.197177, 61.416245], [24.150079, 61.402705], [24.142719, 61.395934], [24.145369, 61.385926], [24.161853, 61.368853], [24.163031, 61.355018], [24.153022, 61.340005], [24.137421, 61.338239], [24.120936, 61.341477], [24.107984, 61.341182], [24.09827, 61.333823], [24.09621, 61.324992], [24.101803, 61.315867], [24.114755, 61.307331], [24.139187, 61.317928], [24.189229, 61.330585], [24.210718, 61.341182], [24.222198, 61.332057], [24.224258, 61.327347], [24.224553, 61.317339], [24.230146, 61.314395], [24.301382, 61.289374], [24.317277, 61.280249], [24.326991, 61.265531], [24.307269, 61.266414], [24.295789, 61.272301], [24.287841, 61.280249], [24.278421, 61.287314], [24.261348, 61.292612], [24.203947, 61.293495], [24.19806, 61.297322], [24.193056, 61.303798], [24.187757, 61.307919], [24.179809, 61.304093], [24.141248, 61.265236], [24.128884, 61.259644], [24.107984, 61.259349], [24.102392, 61.261704], [24.028801, 61.256994], [24.013494, 61.250224], [24.000542, 61.239332], [23.991122, 61.224614], [24.017026, 61.207247], [24.077959, 61.17781], [24.135655, 61.163386], [24.142719, 61.163092], [24.150373, 61.168979], [24.164502, 61.18723], [24.173039, 61.191057], [24.19129, 61.187524], [24.207774, 61.181048], [24.224847, 61.17781], [24.245158, 61.183698], [24.231323, 61.211073], [24.242803, 61.209013], [24.261937, 61.199593], [24.289607, 61.194295], [24.315217, 61.18046], [24.352307, 61.173395], [24.367614, 61.162798], [24.388513, 61.128946], [24.367614, 61.133656], [24.344653, 61.146313], [24.324636, 61.153967], [24.312568, 61.142781], [24.31816, 61.135422], [24.326403, 61.113345], [24.330524, 61.108635], [24.341415, 61.104808], [24.358783, 61.096271], [24.374384, 61.085674], [24.386453, 61.071251], [24.416184, 61.046524], [24.449447, 61.039165], [24.467109, 61.032689], [24.477706, 61.019737], [24.451213, 61.018265], [24.419127, 61.022092], [24.392635, 61.033866], [24.381449, 61.057121], [24.370852, 61.070367], [24.323459, 61.094211], [24.307269, 61.122764], [24.294611, 61.122764], [24.281071, 61.116583], [24.27224, 61.108635], [24.270179, 61.098038], [24.273123, 61.0739], [24.27224, 61.067718], [24.252223, 61.065658], [24.223375, 61.07596], [24.161853, 61.111284], [24.145663, 61.125708], [24.133005, 61.132773], [24.10298, 61.134539], [24.090617, 61.139543], [24.081197, 61.146019], [24.046168, 61.15956], [24.032627, 61.161326], [24.009078, 61.15485], [24.004957, 61.15956], [23.988767, 61.168096], [23.791543, 61.203126], [23.764462, 61.218433], [23.778885, 61.224614], [23.757397, 61.282604], [23.750332, 61.314984], [23.757691, 61.341182], [23.775353, 61.311746], [23.798019, 61.259055], [23.823629, 61.224909], [23.826867, 61.218138], [23.833343, 61.213134], [23.847472, 61.211073], [23.898692, 61.211073], [23.914882, 61.206069], [23.935781, 61.196944], [23.958153, 61.191351], [23.977581, 61.197238], [23.96198, 61.20342], [23.950794, 61.215783], [23.936665, 61.245808], [23.94579, 61.248458], [23.952855, 61.248163], [23.960802, 61.246692], [23.970811, 61.245808], [23.978759, 61.247869], [23.994066, 61.257289], [24.001719, 61.259349], [24.012905, 61.264059], [24.027034, 61.274656], [24.046462, 61.293495], [24.055293, 61.323815], [24.047934, 61.350013], [24.027623, 61.368558], [23.998187, 61.375623], [23.990533, 61.381216], [23.98023, 61.395345], [23.971988, 61.411241], [23.970811, 61.423899], [23.984057, 61.435379], [24.004368, 61.436556], [24.042636, 61.430669], [24.046757, 61.428314], [24.050878, 61.42331], [24.057059, 61.418306], [24.066773, 61.416245], [24.074427, 61.418306], [24.087379, 61.426842], [24.126235, 61.445976], [24.155671, 61.464815], [24.152139, 61.479239], [24.27224, 61.545471], [24.310507, 61.552536], [24.345831, 61.562839], [24.367908, 61.589037], [24.360255, 61.590803], [24.340532, 61.6014], [24.348186, 61.608759], [24.328169, 61.609348], [24.307563, 61.605521], [24.296672, 61.608465], [24.306386, 61.628776], [24.324636, 61.648204], [24.340532, 61.652914], [24.356428, 61.647615], [24.374678, 61.636135], [24.369674, 61.626421], [24.37144, 61.621123], [24.378505, 61.618473], [24.40382, 61.61288], [24.412946, 61.61553], [24.421188, 61.62024], [24.433257, 61.622595], [24.455334, 61.624066], [24.478295, 61.629659], [24.48948, 61.639962], [24.477706, 61.656741], [24.511852, 61.67087], [24.511852, 61.677052], [24.483593, 61.677346], [24.470052, 61.679112], [24.457395, 61.683234], [24.457395, 61.690887], [24.475351, 61.684705], [24.540405, 61.683234], [24.560717, 61.679996], [24.575435, 61.679701], [24.587504, 61.685], [24.60075, 61.697657], [24.60075, 61.705016], [24.587504, 61.705016], [24.609581, 61.715908], [24.62636, 61.722384], [24.693475, 61.727388], [24.740867, 61.736513], [24.765888, 61.738574], [24.780018, 61.732392], [24.765888, 61.711198], [24.730859, 61.71738], [24.690237, 61.710904], [24.664627, 61.694419], [24.676402, 61.67087], [24.662861, 61.663511], [24.682878, 61.655269], [24.704366, 61.64997]]]}}, {"type": "Feature", "properties": {"featurecla": "Lake", "scalerank": 5, "name": "Pyh\u00e4j\u00e4rvi", "name_en": "Pyh\u00e4j\u00e4rvi", "src": "ne_10m_lakes"}, "geometry": {"type": "Polygon", "coordinates": [[[23.541334, 61.45363], [23.501594, 61.420072], [23.490114, 61.397995], [23.500123, 61.382099], [23.539273, 61.361788], [23.555169, 61.350896], [23.569592, 61.337944], [23.584605, 61.332351], [23.625227, 61.334118], [23.6423, 61.331468], [23.657019, 61.326464], [23.666733, 61.326759], [23.676447, 61.32823], [23.717952, 61.329408], [23.723545, 61.32823], [23.725311, 61.320871], [23.720601, 61.314984], [23.714125, 61.312335], [23.710004, 61.314101], [23.708827, 61.311157], [23.706177, 61.305859], [23.703528, 61.299677], [23.703234, 61.293495], [23.706766, 61.293201], [23.715597, 61.290552], [23.725017, 61.285842], [23.73061, 61.279955], [23.732376, 61.266414], [23.72796, 61.255817], [23.718246, 61.246986], [23.703234, 61.239038], [23.694403, 61.249341], [23.683217, 61.259349], [23.694697, 61.273184], [23.686161, 61.286725], [23.668499, 61.297028], [23.652603, 61.300855], [23.531914, 61.307331], [23.539567, 61.303209], [23.544572, 61.2985], [23.553108, 61.287314], [23.538684, 61.288197], [23.511897, 61.292907], [23.497768, 61.293495], [23.501594, 61.296439], [23.508365, 61.303798], [23.511897, 61.307331], [23.471275, 61.337944], [23.463621, 61.348247], [23.475985, 61.360316], [23.458617, 61.372679], [23.418878, 61.385926], [23.401805, 61.376212], [23.37649, 61.369736], [23.349408, 61.368853], [23.326448, 61.375623], [23.347053, 61.379155], [23.359711, 61.382982], [23.365598, 61.390636], [23.367364, 61.406531], [23.375312, 61.41654], [23.394151, 61.416834], [23.433008, 61.410358], [23.446254, 61.414479], [23.541922, 61.476884], [23.559878, 61.485421], [23.600206, 61.495429], [23.6423, 61.498962], [23.688221, 61.490131], [23.708238, 61.493957], [23.716775, 61.516329], [23.705883, 61.520745], [23.656136, 61.533991], [23.641712, 61.539878], [23.634941, 61.556657], [23.635236, 61.574024], [23.631703, 61.58786], [23.614336, 61.595219], [23.634353, 61.606404], [23.641712, 61.608759], [23.586666, 61.623772], [23.558407, 61.636724], [23.556346, 61.653208], [23.576657, 61.657329], [23.631115, 61.638196], [23.656136, 61.642317], [23.64701, 61.648793], [23.637002, 61.653208], [23.62611, 61.655858], [23.614336, 61.656741], [23.614336, 61.663511], [23.624933, 61.662922], [23.633175, 61.663805], [23.640829, 61.666749], [23.649071, 61.67087], [23.624344, 61.681467], [23.56606, 61.694419], [23.539273, 61.705016], [23.571064, 61.708549], [23.636413, 61.702073], [23.669676, 61.705016], [23.692048, 61.717968], [23.692931, 61.734453], [23.677035, 61.747994], [23.649071, 61.752115], [23.664378, 61.760063], [23.67262, 61.769188], [23.682923, 61.776841], [23.703528, 61.780079], [23.709121, 61.782434], [23.710593, 61.788616], [23.710004, 61.803923], [23.704706, 61.806866], [23.669676, 61.814814], [23.669676, 61.820996], [23.690576, 61.832771], [23.711182, 61.836597], [23.764462, 61.83542], [23.754159, 61.848961], [23.74209, 61.857791], [23.710004, 61.873098], [23.689399, 61.878103], [23.667027, 61.880457], [23.647599, 61.886639], [23.63553, 61.903124], [23.646422, 61.901357], [23.675858, 61.903124], [23.685278, 61.899591], [23.699113, 61.891055], [23.703528, 61.889288], [23.727372, 61.887817], [23.749449, 61.883107], [23.825101, 61.857791], [23.842762, 61.856908], [23.857775, 61.865739], [23.863957, 61.871627], [23.869255, 61.875159], [23.873082, 61.878986], [23.874259, 61.886345], [23.871021, 61.896648], [23.863074, 61.898119], [23.853948, 61.896353], [23.847178, 61.896942], [23.831871, 61.91166], [23.835109, 61.917253], [23.909289, 61.91843], [23.926362, 61.922552], [23.943435, 61.930499], [23.951383, 61.938447], [23.959625, 61.950222], [23.970222, 61.960525], [23.984352, 61.96494], [24.030861, 61.963174], [24.054116, 61.964646], [24.072955, 61.971416], [23.998775, 61.992316], [24.013199, 61.99261], [24.021441, 61.997909], [24.025268, 62.007328], [24.025268, 62.019692], [24.021441, 62.025873], [24.007018, 62.027051], [24.004957, 62.034116], [24.007018, 62.041769], [24.011139, 62.045007], [24.016732, 62.047068], [24.022325, 62.050894], [24.020264, 62.066496], [23.999364, 62.086512], [23.971988, 62.102997], [23.950205, 62.109178], [23.963746, 62.094755], [23.953738, 62.091517], [23.939903, 62.092988], [23.907523, 62.100642], [23.908111, 62.100936], [23.880147, 62.091811], [23.796547, 62.103291], [23.785067, 62.088573], [23.771526, 62.089456], [23.750038, 62.09917], [23.73738, 62.102408], [23.682923, 62.102408], [23.670559, 62.105352], [23.657019, 62.112416], [23.649071, 62.119481], [23.652603, 62.122719], [23.692931, 62.125368], [23.703234, 62.12949], [23.691754, 62.138615], [23.678213, 62.14303], [23.663789, 62.144208], [23.649071, 62.143325], [23.649071, 62.150095], [23.65849, 62.162753], [23.649954, 62.177471], [23.634353, 62.193955], [23.621401, 62.211617], [23.665261, 62.23134], [23.684689, 62.234578], [23.710004, 62.225747], [23.697052, 62.218388], [23.682334, 62.216033], [23.67262, 62.208085], [23.671737, 62.197782], [23.682923, 62.187479], [23.694109, 62.181298], [23.699407, 62.175116], [23.696758, 62.169229], [23.683217, 62.163636], [23.696169, 62.151567], [23.717069, 62.144208], [23.739146, 62.143325], [23.757691, 62.150095], [23.756219, 62.152744], [23.756514, 62.161281], [23.759163, 62.170995], [23.764462, 62.17806], [23.775353, 62.181003], [23.786539, 62.18012], [23.795664, 62.17541], [23.799491, 62.167168], [23.803023, 62.148034], [23.813915, 62.144796], [23.830988, 62.145974], [23.874554, 62.133022], [23.892804, 62.135671], [23.908994, 62.144796], [23.922829, 62.157454], [23.911938, 62.167757], [23.905168, 62.179531], [23.907523, 62.192189], [23.922829, 62.204552], [23.904285, 62.218682], [23.909877, 62.224569], [23.929011, 62.224275], [23.950205, 62.218388], [23.958153, 62.238404], [23.974049, 62.241054], [24.019087, 62.231928], [24.007606, 62.213972], [23.992888, 62.200137], [23.975521, 62.195133], [23.956976, 62.204552], [23.944024, 62.190423], [23.938725, 62.182181], [23.936665, 62.174233], [23.938725, 62.164225], [23.948145, 62.153922], [23.950205, 62.146563], [23.954621, 62.141264], [23.96404, 62.14303], [23.977581, 62.150095], [23.981408, 62.155982], [23.983468, 62.164519], [23.987884, 62.172761], [23.998775, 62.17806], [24.007018, 62.163636], [24.019087, 62.148034], [24.034393, 62.135082], [24.053233, 62.12949], [24.058237, 62.130078], [24.062358, 62.13155], [24.065596, 62.134788], [24.069717, 62.147446], [24.077076, 62.148034], [24.094149, 62.143325], [24.106807, 62.144502], [24.115932, 62.148034], [24.13536, 62.157454], [24.185991, 62.171289], [24.203653, 62.169229], [24.190406, 62.150095], [24.167446, 62.140381], [24.106807, 62.136554], [24.080609, 62.12949], [24.095032, 62.116538], [24.116521, 62.116538], [24.140953, 62.121247], [24.163031, 62.122719], [24.150962, 62.109473], [24.128296, 62.093577], [24.104158, 62.080331], [24.087379, 62.075032], [24.087379, 62.068262], [24.101803, 62.060314], [24.115932, 62.055899], [24.149195, 62.053838], [24.167152, 62.050894], [24.199237, 62.037059], [24.21425, 62.034116], [24.237505, 62.042358], [24.257816, 62.062375], [24.286075, 62.109178], [24.272828, 62.115654], [24.277244, 62.120659], [24.291373, 62.123014], [24.306386, 62.122719], [24.318749, 62.119187], [24.353484, 62.105057], [24.357605, 62.098581], [24.347303, 62.09446], [24.33229, 62.092105], [24.318749, 62.087984], [24.312568, 62.077976], [24.309035, 62.068556], [24.300499, 62.060314], [24.278421, 62.047656], [24.288724, 62.042063], [24.299616, 62.040003], [24.323753, 62.040297], [24.330524, 62.037059], [24.334645, 62.030289], [24.337883, 62.023224], [24.340532, 62.019692], [24.363198, 62.021752], [24.39234, 62.036765], [24.416184, 62.034116], [24.456512, 62.021164], [24.474173, 62.019103], [24.57308, 62.019103], [24.594568, 62.026462], [24.565132, 62.037648], [24.529808, 62.091222], [24.498311, 62.109178], [24.475057, 62.109178], [24.459161, 62.101819], [24.445031, 62.092988], [24.426486, 62.088573], [24.422365, 62.090633], [24.417656, 62.095343], [24.411768, 62.100053], [24.391457, 62.10388], [24.361138, 62.116538], [24.368791, 62.118598], [24.388513, 62.12949], [24.30197, 62.162164], [24.278421, 62.17806], [24.300793, 62.179237], [24.332584, 62.175116], [24.364081, 62.165991], [24.384981, 62.153922], [24.391751, 62.148623], [24.401466, 62.144502], [24.411474, 62.14303], [24.427664, 62.149212], [24.437672, 62.14568], [24.448269, 62.139498], [24.457395, 62.135671], [24.493307, 62.133022], [24.505082, 62.12949], [24.534224, 62.10594], [24.560128, 62.094166], [24.57308, 62.078565], [24.587504, 62.067967], [24.608109, 62.075032], [24.60075, 62.081214], [24.608109, 62.088573], [24.60075, 62.094755], [24.628715, 62.122719], [24.611641, 62.133316], [24.594274, 62.14097], [24.580733, 62.151567], [24.573963, 62.170701], [24.576612, 62.174822], [24.590153, 62.181003], [24.594568, 62.184241], [24.59398, 62.188951], [24.587504, 62.211617], [24.608109, 62.197193], [24.61488, 62.191012], [24.621061, 62.219271], [24.621944, 62.228985], [24.618412, 62.240759], [24.61017, 62.245469], [24.601044, 62.249884], [24.594568, 62.259893], [24.629892, 62.26107], [24.662861, 62.266663], [24.690531, 62.277555], [24.69789, 62.275789], [24.690237, 62.259893], [24.697596, 62.252534], [24.685527, 62.23811], [24.669337, 62.222803], [24.658445, 62.206907], [24.662861, 62.191012], [24.681995, 62.183653], [24.702306, 62.191012], [24.7235, 62.201903], [24.745283, 62.204552], [24.742928, 62.208379], [24.738512, 62.218388], [24.780018, 62.218388], [24.757057, 62.193661], [24.715258, 62.175116], [24.684349, 62.155394], [24.693769, 62.126252], [24.704955, 62.120953], [24.717613, 62.119187], [24.727621, 62.115949], [24.731742, 62.105646], [24.72556, 62.101525], [24.697007, 62.107412], [24.686999, 62.105646], [24.668159, 62.093577], [24.64932, 62.086512], [24.640195, 62.075915], [24.649614, 62.053838], [24.635191, 62.027051], [24.628715, 62.019692], [24.61694, 62.014393], [24.592508, 62.010861], [24.580145, 62.00674], [24.640489, 61.989078], [24.670809, 61.974654], [24.683761, 61.954932], [24.685527, 61.939919], [24.690531, 61.930499], [24.699951, 61.925495], [24.71408, 61.924023], [24.729682, 61.918725], [24.738218, 61.906656], [24.739101, 61.894881], [24.731742, 61.889288], [24.711137, 61.897531], [24.649614, 61.951399], [24.636662, 61.957287], [24.594568, 61.96494], [24.588092, 61.969944], [24.586032, 61.976715], [24.582794, 61.982602], [24.573374, 61.984957], [24.532458, 61.984957], [24.532458, 61.992316], [24.541583, 61.992021], [24.54747, 61.993788], [24.560422, 61.999381], [24.528631, 62.008506], [24.480355, 62.012333], [24.430902, 62.009389], [24.395873, 61.999381], [24.405587, 61.998203], [24.414418, 61.995554], [24.422954, 61.991138], [24.430608, 61.984957], [24.412946, 61.980247], [24.39028, 61.984662], [24.348186, 61.999381], [24.326697, 62.002913], [24.310507, 62.00203], [24.295789, 61.995848], [24.278421, 61.984957], [24.268707, 61.997909], [24.253695, 62.006445], [24.235739, 62.01145], [24.172156, 62.015276], [24.088262, 62.040592], [24.072955, 62.040297], [24.065007, 62.02764], [24.067951, 62.015571], [24.078842, 62.007328], [24.094149, 62.00674], [24.092383, 61.990844], [24.105335, 61.982307], [24.125941, 61.979364], [24.145663, 61.978775], [24.1542, 61.979658], [24.160381, 61.981424], [24.167152, 61.981719], [24.176866, 61.978775], [24.179515, 61.974654], [24.181576, 61.968178], [24.18658, 61.961996], [24.197177, 61.958464], [24.180692, 61.954049], [24.107984, 61.958464], [24.019087, 61.94404], [24.028506, 61.931088], [24.044402, 61.922257], [24.080609, 61.909894], [24.004957, 61.916664], [23.988178, 61.913721], [23.959625, 61.904301], [23.943435, 61.903124], [23.9505, 61.903124], [23.957564, 61.90224], [23.96404, 61.90018], [23.970811, 61.896942], [23.963452, 61.878397], [23.951677, 61.871921], [23.936665, 61.868389], [23.919297, 61.858969], [23.912821, 61.853082], [23.906639, 61.848961], [23.898986, 61.848077], [23.888094, 61.852199], [23.88103, 61.85161], [23.854537, 61.83542], [23.837169, 61.829238], [23.796842, 61.820996], [23.782123, 61.811282], [23.758574, 61.787733], [23.744445, 61.778019], [23.73061, 61.773309], [23.740912, 61.770365], [23.745328, 61.763301], [23.749155, 61.75447], [23.757691, 61.745933], [23.772998, 61.74034], [23.804201, 61.736513], [23.819213, 61.732392], [23.819213, 61.725622], [23.764462, 61.725622], [23.77447, 61.719735], [23.778885, 61.717968], [23.771232, 61.712081], [23.764462, 61.705016], [23.772115, 61.693242], [23.768877, 61.682056], [23.758574, 61.672048], [23.744739, 61.663511], [23.735614, 61.663805], [23.724722, 61.667043], [23.718246, 61.666749], [23.723545, 61.656741], [23.731493, 61.650853], [23.752687, 61.644083], [23.760929, 61.639373], [23.776236, 61.635841], [23.80214, 61.636724], [23.828633, 61.640551], [23.868961, 61.651442], [23.914587, 61.650853], [23.936665, 61.656741], [23.893393, 61.63849], [23.789188, 61.63172], [23.750921, 61.622595], [23.76505, 61.605816], [23.773292, 61.601106], [23.782123, 61.605227], [23.793015, 61.614941], [23.806556, 61.620828], [23.819213, 61.62024], [23.826572, 61.608759], [23.81362, 61.606699], [23.801551, 61.601695], [23.778885, 61.589037], [23.791543, 61.574908], [23.806261, 61.554008], [23.81156, 61.535168], [23.795959, 61.526926], [23.766228, 61.521039], [23.747683, 61.507204], [23.731787, 61.491308], [23.710004, 61.479239], [23.68204, 61.473941], [23.590492, 61.472174], [23.565766, 61.466876], [23.541334, 61.45363]]]}}, {"type": "Feature", "properties": {"featurecla": "Lake", "scalerank": 5, "name": null, "name_en": null, "src": "ne_10m_lakes"}, "geometry": {"type": "Polygon", "coordinates": [[[23.22342, 61.445387], [23.231074, 61.432141], [23.264337, 61.402705], [23.22813, 61.403882], [23.157483, 61.415951], [23.120982, 61.410358], [23.111856, 61.405354], [23.085952, 61.38622], [23.074472, 61.371208], [23.062109, 61.369736], [23.053867, 61.375329], [23.059459, 61.389164], [23.030906, 61.405059], [23.005296, 61.385926], [22.981747, 61.356784], [22.960259, 61.341182], [22.80454, 61.323521], [22.788644, 61.317339], [22.775987, 61.30998], [22.741252, 61.2985], [22.720352, 61.287314], [22.692682, 61.279955], [22.686206, 61.276422], [22.668544, 61.252579], [22.644112, 61.235506], [22.640285, 61.224614], [22.651471, 61.207541], [22.64735, 61.201065], [22.622623, 61.202831], [22.579057, 61.211073], [22.626744, 61.211073], [22.618796, 61.223142], [22.617325, 61.230796], [22.620268, 61.237272], [22.626744, 61.245808], [22.660596, 61.274067], [22.738603, 61.322637], [22.775104, 61.331468], [22.798064, 61.345009], [22.808956, 61.348247], [22.877837, 61.344715], [22.88814, 61.349719], [22.904624, 61.352957], [22.936121, 61.355018], [22.947601, 61.358256], [22.956432, 61.365909], [23.002647, 61.421544], [23.02443, 61.439794], [23.045919, 61.44421], [23.051512, 61.438323], [23.053278, 61.429492], [23.060048, 61.423016], [23.080654, 61.423899], [23.116272, 61.435085], [23.131579, 61.436851], [23.146591, 61.441266], [23.153067, 61.45098], [23.158071, 61.4604], [23.168963, 61.464815], [23.38797, 61.464815], [23.38797, 61.458045], [23.372663, 61.452746], [23.342049, 61.453924], [23.326448, 61.451275], [23.240788, 61.451275], [23.22342, 61.445387]]]}}, {"type": "Feature", "properties": {"featurecla": "Lake", "scalerank": 5, "name": null, "name_en": null, "src": "ne_10m_lakes"}, "geometry": {"type": "Polygon", "coordinates": [[[26.63981, 63.153582], [26.63304, 63.135037], [26.623032, 63.123263], [26.635689, 63.109722], [26.629213, 63.109722], [26.633923, 63.103246], [26.635395, 63.100302], [26.635689, 63.095887], [26.623032, 63.097359], [26.613318, 63.095887], [26.605664, 63.091766], [26.598305, 63.08529], [26.588885, 63.08058], [26.579171, 63.082935], [26.569752, 63.087056], [26.560921, 63.088528], [26.542376, 63.087056], [26.533839, 63.082052], [26.536783, 63.071749], [26.546203, 63.06439], [26.581232, 63.051438], [26.610374, 63.034659], [26.62362, 63.023179], [26.629213, 63.010227], [26.630979, 62.995214], [26.637455, 62.982557], [26.648347, 62.972843], [26.663948, 62.965778], [26.663948, 62.958713], [26.649524, 62.95577], [26.643343, 62.94164], [26.629508, 62.938402], [26.619794, 62.940757], [26.562981, 62.966955], [26.529129, 62.989033], [26.487918, 62.995803], [26.474966, 63.001985], [26.451417, 63.020235], [26.456716, 63.028478], [26.464664, 63.031716], [26.474378, 63.030833], [26.485564, 63.027006], [26.485564, 63.033187], [26.466136, 63.03878], [26.455244, 63.048494], [26.456421, 63.060858], [26.472023, 63.075576], [26.462603, 63.087939], [26.436405, 63.111194], [26.431106, 63.126795], [26.418743, 63.14063], [26.335438, 63.171244], [26.293638, 63.19391], [26.197675, 63.27486], [26.222402, 63.275155], [26.252722, 63.270151], [26.28098, 63.260437], [26.300703, 63.246896], [26.293932, 63.225702], [26.32072, 63.196854], [26.362519, 63.17566], [26.451417, 63.150639], [26.452889, 63.15476], [26.456716, 63.160941], [26.458482, 63.164768], [26.466136, 63.159764], [26.473789, 63.157703], [26.49204, 63.157409], [26.489979, 63.164474], [26.491451, 63.175954], [26.495572, 63.186845], [26.502342, 63.191555], [26.545614, 63.183607], [26.560921, 63.184785], [26.566219, 63.191555], [26.571518, 63.202447], [26.579171, 63.208923], [26.591535, 63.202152], [26.60272, 63.192438], [26.615967, 63.185962], [26.630096, 63.185079], [26.643343, 63.191555], [26.627153, 63.200092], [26.613906, 63.213927], [26.591535, 63.243069], [26.582115, 63.24719], [26.569457, 63.248662], [26.558566, 63.252783], [26.549441, 63.273389], [26.537666, 63.276332], [26.491156, 63.273977], [26.484092, 63.275743], [26.472023, 63.281042], [26.395488, 63.335205], [26.383419, 63.349334], [26.412856, 63.364641], [26.424336, 63.368468], [26.441409, 63.369646], [26.449945, 63.367879], [26.45495, 63.36523], [26.460248, 63.365525], [26.477321, 63.378477], [26.487035, 63.380243], [26.496749, 63.37936], [26.50558, 63.375827], [26.504697, 63.35581], [26.521476, 63.334028], [26.545908, 63.3146], [26.567691, 63.301353], [26.583881, 63.314894], [26.605958, 63.32343], [26.629213, 63.327552], [26.716934, 63.325785], [26.732829, 63.32137], [26.716934, 63.305474], [26.70722, 63.298115], [26.698094, 63.297821], [26.683965, 63.301942], [26.635689, 63.301353], [26.661005, 63.276627], [26.690735, 63.274566], [26.722527, 63.277215], [26.753141, 63.267207], [26.744015, 63.265146], [26.735184, 63.262203], [26.726942, 63.258082], [26.718994, 63.253077], [26.73489, 63.246601], [26.746959, 63.210395], [26.766976, 63.198326], [26.723704, 63.199503], [26.711635, 63.198326], [26.703687, 63.194205], [26.695445, 63.18714], [26.686026, 63.180664], [26.673957, 63.178015], [26.650996, 63.170361], [26.63981, 63.153582]]]}}, {"type": "Feature", "properties": {"featurecla": "Lake", "scalerank": 5, "name": null, "name_en": null, "src": "ne_10m_lakes"}, "geometry": {"type": "Polygon", "coordinates": [[[26.555622, 61.629365], [26.581232, 61.622595], [26.551501, 61.604344], [26.543553, 61.6014], [26.530013, 61.603755], [26.499693, 61.614058], [26.485564, 61.61553], [26.462603, 61.600812], [26.45024, 61.596102], [26.444647, 61.605227], [26.438465, 61.611409], [26.424041, 61.614941], [26.407851, 61.616119], [26.396371, 61.61553], [26.398726, 61.62024], [26.40167, 61.63172], [26.40373, 61.636135], [26.368995, 61.644966], [26.341619, 61.656741], [26.318953, 61.67352], [26.305118, 61.680584], [26.287162, 61.683234], [26.260964, 61.692064], [26.238003, 61.71267], [26.204446, 61.759768], [26.197087, 61.753587], [26.190316, 61.746227], [26.185901, 61.737985], [26.180897, 61.71738], [26.173832, 61.708549], [26.166767, 61.706488], [26.163529, 61.71473], [26.150577, 61.723561], [26.121729, 61.730921], [26.090527, 61.73357], [26.070804, 61.72886], [26.065506, 61.719146], [26.070216, 61.713553], [26.077869, 61.709726], [26.081696, 61.705016], [26.07993, 61.700307], [26.071688, 61.686766], [26.067272, 61.677052], [26.061974, 61.670282], [26.057264, 61.668221], [26.057558, 61.665866], [26.067272, 61.656741], [26.077869, 61.651442], [26.122024, 61.642317], [26.117314, 61.647027], [26.11231, 61.653503], [26.108189, 61.656741], [26.132327, 61.679407], [26.159997, 61.678818], [26.175598, 61.663511], [26.163529, 61.642317], [26.180602, 61.636724], [26.197675, 61.628776], [26.17236, 61.60611], [26.150283, 61.577557], [26.145279, 61.552536], [26.1703, 61.539878], [26.169416, 61.535757], [26.168239, 61.533108], [26.166473, 61.530459], [26.163529, 61.526926], [26.143512, 61.534285], [26.120846, 61.538406], [26.074337, 61.539878], [26.058147, 61.542527], [26.028122, 61.556068], [26.012226, 61.561072], [26.017819, 61.565488], [26.01723, 61.567254], [26.013992, 61.567548], [26.012226, 61.567843], [26.010165, 61.583444], [26.003395, 61.594041], [25.995742, 61.602578], [25.992209, 61.612292], [25.985439, 61.624949], [25.969838, 61.621123], [25.95247, 61.61288], [25.94099, 61.612292], [25.92951, 61.626716], [25.922445, 61.63378], [25.913614, 61.637313], [25.896541, 61.642317], [25.889476, 61.643494], [25.883295, 61.643494], [25.877113, 61.644966], [25.868871, 61.64997], [25.8621, 61.655858], [25.856802, 61.662628], [25.848854, 61.677052], [25.86004, 61.676463], [25.868871, 61.671165], [25.87623, 61.665866], [25.883, 61.663511], [25.890654, 61.667043], [25.898013, 61.679996], [25.903606, 61.683234], [25.919796, 61.682939], [25.930982, 61.681173], [25.939812, 61.684411], [25.950704, 61.697657], [25.951881, 61.703839], [25.949821, 61.719146], [25.950704, 61.725622], [25.956297, 61.732687], [25.972192, 61.74505], [25.97808, 61.752115], [25.978669, 61.763889], [25.968954, 61.771248], [25.951881, 61.774192], [25.930098, 61.773309], [25.937163, 61.783317], [25.936574, 61.789205], [25.932453, 61.794798], [25.930098, 61.803923], [25.935691, 61.813637], [25.947172, 61.815697], [25.958946, 61.80981], [25.964245, 61.796858], [25.976608, 61.78891], [26.046961, 61.773309], [26.056381, 61.766539], [26.06374, 61.757413], [26.073159, 61.749465], [26.088172, 61.745933], [26.135859, 61.745344], [26.146162, 61.742401], [26.158231, 61.744461], [26.184135, 61.807455], [26.181191, 61.820407], [26.188844, 61.836303], [26.200913, 61.850138], [26.211216, 61.855731], [26.23035, 61.849844], [26.25125, 61.836303], [26.258903, 61.822173], [26.238886, 61.814814], [26.281864, 61.770071], [26.293932, 61.752115], [26.28569, 61.752115], [26.265968, 61.745933], [26.280686, 61.722384], [26.300408, 61.703545], [26.325429, 61.690593], [26.356043, 61.683234], [26.373411, 61.686472], [26.371939, 61.699718], [26.358987, 61.717085], [26.341619, 61.732392], [26.358987, 61.735336], [26.370467, 61.730037], [26.380181, 61.72209], [26.393133, 61.717968], [26.411384, 61.719146], [26.420803, 61.718263], [26.427574, 61.71473], [26.439054, 61.699424], [26.437877, 61.697657], [26.444353, 61.692064], [26.450829, 61.68971], [26.458482, 61.690887], [26.463192, 61.695302], [26.466136, 61.702073], [26.466136, 61.708549], [26.462014, 61.711198], [26.410795, 61.732392], [26.441703, 61.749171], [26.48262, 61.745639], [26.518238, 61.729449], [26.540021, 61.697069], [26.567985, 61.672931], [26.574461, 61.663511], [26.567102, 61.648204], [26.555622, 61.637313], [26.555622, 61.629365]]]}}, {"type": "Feature", "properties": {"featurecla": "Lake", "scalerank": 5, "name": "Lake Beloye", "name_en": "Beloe", "src": "ne_10m_lakes"}, "geometry": {"type": "Polygon", "coordinates": [[[37.251048, 60.135173], [37.239863, 60.144887], [37.22014, 60.173146], [37.221612, 60.193751], [37.246927, 60.220538], [37.278424, 60.24497], [37.364379, 60.293246], [37.431494, 60.31915], [37.50273, 60.335635], [37.815639, 60.34005], [37.885109, 60.318561], [38.008153, 60.225837], [38.01875, 60.211119], [38.023165, 60.186392], [38.014923, 60.170496], [37.999911, 60.155778], [37.984604, 60.135173], [37.978128, 60.108974], [37.988725, 60.093962], [38.032585, 60.073945], [38.012863, 60.073062], [37.956639, 60.06011], [37.67714, 60.07056], [37.397642, 60.08101], [37.312865, 60.107502], [37.251048, 60.135173]]]}}, {"type": "Feature", "properties": {"featurecla": "Lake", "scalerank": 5, "name": "Lake Balaton", "name_en": "Balaton", "src": "ne_10m_lakes"}, "geometry": {"type": "Polygon", "coordinates": [[[17.86982, 46.863766], [17.845682, 46.848165], [17.563092, 46.764565], [17.546608, 46.75544], [17.531596, 46.743371], [17.490385, 46.722471], [17.474489, 46.717173], [17.431217, 46.713935], [17.353211, 46.724237], [17.309939, 46.724826], [17.275204, 46.716584], [17.258426, 46.718056], [17.247828, 46.731596], [17.262841, 46.767803], [17.303169, 46.768392], [17.345263, 46.758089], [17.364691, 46.76221], [17.370873, 46.775457], [17.38618, 46.787526], [17.405019, 46.796945], [17.422975, 46.800478], [17.460654, 46.798417], [17.478904, 46.794296], [17.495683, 46.786348], [17.546902, 46.812841], [17.575456, 46.823144], [17.627853, 46.828442], [17.639627, 46.833152], [17.659055, 46.854346], [17.671713, 46.865532], [17.682604, 46.869948], [17.695556, 46.871419], [17.82125, 46.906154], [17.837734, 46.919989], [17.84421, 46.91734], [17.878062, 46.897029], [17.89278, 46.895557], [17.901906, 46.907037], [17.89543, 46.920284], [17.880711, 46.93147], [17.86511, 46.937063], [17.86511, 46.943833], [17.964311, 46.982395], [17.995513, 46.999173], [18.009054, 47.010065], [18.022889, 47.024489], [18.033486, 47.040679], [18.037313, 47.056869], [18.046733, 47.060401], [18.068221, 47.057752], [18.112082, 47.04686], [18.130038, 47.039501], [18.152115, 47.027432], [18.168599, 47.013597], [18.169483, 47.002117], [18.155059, 46.985338], [18.135925, 46.955902], [18.118852, 46.943833], [18.07823, 46.927349], [17.938995, 46.894085], [17.932225, 46.893497], [17.919567, 46.895557], [17.914269, 46.891142], [17.899551, 46.87554], [17.86982, 46.863766]]]}}, {"type": "Feature", "properties": {"featurecla": "Lake", "scalerank": 5, "name": null, "name_en": null, "src": "ne_10m_lakes"}, "geometry": {"type": "Polygon", "coordinates": [[[30.666123, 63.822083], [30.78799, 63.824438], [30.810067, 63.835918], [30.787695, 63.840334], [30.786518, 63.850637], [30.802708, 63.876835], [30.802413, 63.892142], [30.797409, 63.903917], [30.782102, 63.924522], [30.823608, 63.924522], [30.840092, 63.918929], [30.879537, 63.915397], [30.8919, 63.910981], [30.900437, 63.896557], [30.890428, 63.889198], [30.87365, 63.885077], [30.861286, 63.880367], [30.851867, 63.865355], [30.85952, 63.859468], [30.916332, 63.856524], [30.919865, 63.852992], [30.922808, 63.845338], [30.929873, 63.840039], [30.938704, 63.836801], [31.13946, 63.820023], [31.173018, 63.812369], [31.202454, 63.797651], [31.220999, 63.774396], [31.179788, 63.765565], [31.159477, 63.764094], [31.138872, 63.767626], [31.152707, 63.773219], [31.180966, 63.777634], [31.193623, 63.787348], [31.170957, 63.799712], [31.141815, 63.805893], [31.049679, 63.809131], [31.046736, 63.806482], [31.044086, 63.801772], [31.042615, 63.797062], [31.042615, 63.795002], [31.028485, 63.794707], [30.987568, 63.801772], [31.002287, 63.776457], [31.025836, 63.766448], [31.083826, 63.760856], [31.107669, 63.752613], [31.131218, 63.739367], [31.173312, 63.705515], [31.144465, 63.716995], [31.130629, 63.719056], [31.117972, 63.712285], [31.128863, 63.711108], [31.139166, 63.705809], [31.145642, 63.696979], [31.145348, 63.68491], [31.131218, 63.676079], [31.107375, 63.67755], [31.06322, 63.68491], [31.06322, 63.67755], [31.097366, 63.669014], [31.14417, 63.651352], [31.173018, 63.630158], [31.152118, 63.609847], [31.158888, 63.595717], [31.145642, 63.599838], [31.131218, 63.608081], [31.107375, 63.626625], [31.08883, 63.636928], [31.044086, 63.644876], [31.025247, 63.654296], [31.009057, 63.666953], [30.992278, 63.676079], [30.974028, 63.681966], [30.954011, 63.68491], [30.911034, 63.68226], [30.888957, 63.685498], [30.871589, 63.699333], [30.895138, 63.699628], [30.921631, 63.70316], [30.940176, 63.712874], [30.939587, 63.732891], [30.923986, 63.746432], [30.90603, 63.755263], [30.903675, 63.76321], [30.9337, 63.774396], [30.919865, 63.7794], [30.893961, 63.783227], [30.865407, 63.804127], [30.849512, 63.806482], [30.813305, 63.801772], [30.666123, 63.822083]]]}}, {"type": "Feature", "properties": {"featurecla": "Lake", "scalerank": 5, "name": null, "name_en": null, "src": "ne_10m_lakes"}, "geometry": {"type": "Polygon", "coordinates": [[[38.646629, 61.304976], [38.638975, 61.317339], [38.636032, 61.329408], [38.64604, 61.340299], [38.660169, 61.350602], [38.669883, 61.361788], [38.67165, 61.373562], [38.667234, 61.393874], [38.669883, 61.402705], [38.683719, 61.41389], [38.719337, 61.424782], [38.770262, 61.455396], [38.80794, 61.463932], [38.88889, 61.472174], [38.945408, 61.485421], [38.964836, 61.485421], [38.951884, 61.46511], [38.933045, 61.443621], [38.895661, 61.410358], [38.874172, 61.389164], [38.860337, 61.366498], [38.850329, 61.315573], [38.851506, 61.306153], [38.861515, 61.297322], [38.887419, 61.281132], [38.895955, 61.272007], [38.902726, 61.259349], [38.901254, 61.254345], [38.901254, 61.218433], [38.902726, 61.211073], [38.820009, 61.197238], [38.778209, 61.205186], [38.755543, 61.205186], [38.745535, 61.194295], [38.738176, 61.179871], [38.720514, 61.178105], [38.699909, 61.183698], [38.683424, 61.191057], [38.657815, 61.207835], [38.645746, 61.223437], [38.641919, 61.242276], [38.641919, 61.269358], [38.643685, 61.283193], [38.646629, 61.294379], [38.646629, 61.304976]]]}}, {"type": "Feature", "properties": {"featurecla": "Lake", "scalerank": 5, "name": "V\u00f5rtsj\u00e4rv", "name_en": "V\u00f5rtsj\u00e4rv", "src": "ne_10m_lakes"}, "geometry": {"type": "Polygon", "coordinates": [[[26.122024, 58.388121], [26.149105, 58.364572], [26.153521, 58.338963], [26.142335, 58.274791], [26.141746, 58.243589], [26.138214, 58.230342], [26.129677, 58.216802], [26.115842, 58.206499], [26.09818, 58.196196], [26.082285, 58.184127], [26.074337, 58.168526], [26.077869, 58.149981], [26.087878, 58.137323], [26.093471, 58.125843], [26.08464, 58.109947], [26.071688, 58.102], [26.064917, 58.10877], [26.059619, 58.123194], [26.044017, 58.149098], [26.040779, 58.177357], [26.033126, 58.189426], [26.012815, 58.202378], [25.99633, 58.209737], [25.988383, 58.220628], [25.992209, 58.244766], [25.938929, 58.283622], [25.930098, 58.295397], [25.927155, 58.303345], [25.920384, 58.309526], [25.91332, 58.316885], [25.910376, 58.329837], [25.914203, 58.33808], [25.94099, 58.356919], [25.954531, 58.377819], [25.963362, 58.395775], [25.977197, 58.408727], [26.00575, 58.414909], [26.034892, 58.414614], [26.066683, 58.411082], [26.095531, 58.402545], [26.115842, 58.388121], [26.122024, 58.388121]]]}}, {"type": "Feature", "properties": {"featurecla": "Lake", "scalerank": 5, "name": null, "name_en": null, "src": "ne_10m_lakes"}, "geometry": {"type": "Polygon", "coordinates": [[[12.941576, 63.598955], [12.924208, 63.618678], [12.856504, 63.671369], [12.898304, 63.669603], [12.911256, 63.671369], [12.920381, 63.674607], [12.928918, 63.682849], [12.938043, 63.688442], [13.007219, 63.717878], [13.064031, 63.732008], [13.244476, 63.732891], [13.27303, 63.726121], [13.3216, 63.67755], [13.306882, 63.676962], [13.290397, 63.683438], [13.259489, 63.699333], [13.234468, 63.706398], [13.023703, 63.705221], [12.979549, 63.691974], [13.001626, 63.688148], [13.033712, 63.679022], [13.062559, 63.666953], [13.074923, 63.654296], [13.088758, 63.636928], [13.119666, 63.626331], [13.154107, 63.618972], [13.177361, 63.609847], [13.037244, 63.595717], [13.016344, 63.586886], [13.024292, 63.567458], [13.044897, 63.546558], [13.061382, 63.534195], [13.175301, 63.486214], [13.237412, 63.47179], [13.323955, 63.46237], [13.354863, 63.451184], [13.373997, 63.433817], [13.363105, 63.411445], [13.353685, 63.411151], [13.341028, 63.417333], [13.306882, 63.440587], [13.293341, 63.447063], [13.278917, 63.45089], [13.22652, 63.455306], [13.158816, 63.474439], [13.051079, 63.522421], [13.005158, 63.530957], [12.989851, 63.539788], [12.965714, 63.56216], [12.949524, 63.573051], [12.948052, 63.575112], [12.945108, 63.578055], [12.943931, 63.593068], [12.941576, 63.598955]]]}}, {"type": "Feature", "properties": {"featurecla": "Lake", "scalerank": 5, "name": "Lake Sevan", "name_en": "Sevan", "src": "ne_10m_lakes"}, "geometry": {"type": "Polygon", "coordinates": [[[45.038746, 40.496375], [45.018435, 40.496081], [44.993708, 40.49873], [44.971925, 40.506973], [44.960445, 40.51963], [44.966627, 40.536998], [44.982817, 40.545534], [45.001361, 40.550538], [45.012547, 40.558192], [45.004894, 40.574382], [44.995769, 40.580564], [44.98576, 40.584685], [44.977518, 40.590572], [44.973986, 40.602052], [44.974869, 40.615299], [44.978107, 40.623835], [44.986349, 40.627368], [45.001361, 40.625307], [45.077896, 40.602052], [45.090848, 40.602052], [45.099973, 40.590278], [45.22184, 40.533465], [45.247156, 40.510211], [45.276298, 40.489605], [45.288661, 40.483129], [45.293076, 40.481952], [45.296903, 40.479302], [45.295137, 40.466056], [45.296314, 40.461346], [45.303085, 40.457519], [45.310149, 40.455459], [45.330461, 40.453987], [45.335759, 40.452515], [45.346356, 40.447511], [45.350772, 40.447805], [45.354304, 40.450455], [45.358425, 40.455164], [45.359603, 40.459286], [45.354893, 40.461346], [45.350477, 40.467528], [45.351655, 40.479597], [45.357836, 40.488722], [45.368728, 40.48519], [45.377264, 40.479302], [45.406112, 40.468117], [45.43967, 40.441624], [45.490889, 40.385695], [45.529156, 40.365089], [45.570073, 40.353903], [45.583614, 40.345367], [45.649257, 40.275014], [45.661326, 40.252642], [45.66633, 40.224677], [45.66162, 40.201128], [45.648668, 40.182583], [45.630123, 40.170809], [45.608046, 40.166688], [45.563008, 40.171692], [45.556532, 40.169631], [45.508551, 40.146082], [45.491183, 40.154913], [45.468223, 40.16345], [45.444085, 40.166099], [45.42348, 40.156679], [45.404346, 40.14461], [45.380502, 40.139312], [45.330461, 40.139312], [45.286012, 40.147554], [45.25422, 40.167865], [45.23332, 40.199656], [45.220663, 40.241751], [45.228022, 40.323878], [45.22655, 40.371859], [45.207122, 40.399824], [45.198291, 40.399235], [45.176803, 40.388638], [45.165911, 40.386283], [45.157963, 40.388638], [45.140596, 40.397763], [45.128527, 40.399824], [45.124994, 40.404828], [45.124406, 40.416014], [45.124994, 40.437503], [45.121462, 40.449572], [45.112925, 40.452515], [45.10174, 40.451926], [45.090848, 40.453987], [45.081429, 40.459874], [45.056702, 40.481952], [45.038746, 40.496375]]]}}, {"type": "Feature", "properties": {"featurecla": "Lake", "scalerank": 6, "name": null, "name_en": null, "src": "ne_10m_lakes"}, "geometry": {"type": "Polygon", "coordinates": [[[15.519322, 63.762622], [15.541694, 63.781167], [15.543755, 63.791764], [15.541105, 63.836507], [15.538456, 63.838273], [15.53875, 63.839745], [15.545226, 63.846221], [15.54817, 63.852697], [15.546109, 63.858879], [15.541105, 63.864766], [15.534924, 63.869476], [15.519911, 63.873008], [15.481349, 63.869182], [15.466042, 63.869476], [15.40452, 63.89744], [15.335345, 63.913631], [15.30267, 63.925111], [15.275, 63.945716], [15.264992, 63.933942], [15.253806, 63.932764], [15.24262, 63.939535], [15.2332, 63.952487], [15.259104, 63.975153], [15.261165, 63.979274], [15.272351, 63.972798], [15.276178, 63.95072], [15.285008, 63.945716], [15.312679, 63.940418], [15.372435, 63.91628], [15.400988, 63.910981], [15.424243, 63.909509], [15.429836, 63.914219], [15.431896, 63.928349], [15.426892, 63.939829], [15.415117, 63.943656], [15.401577, 63.946011], [15.391568, 63.952487], [15.391568, 63.966616], [15.450441, 63.951309], [15.466042, 63.962495], [15.452207, 63.978685], [15.356833, 64.001057], [15.337405, 64.012537], [15.317094, 64.030787], [15.310618, 64.047566], [15.353595, 64.062873], [15.354184, 64.081418], [15.343293, 64.102024], [15.329457, 64.117036], [15.303259, 64.131166], [15.253512, 64.149711], [15.207002, 64.185034], [15.149601, 64.206228], [15.123403, 64.219475], [15.14548, 64.224773], [15.139298, 64.243907], [15.118987, 64.264513], [15.099853, 64.274227], [15.075716, 64.279231], [14.993588, 64.315143], [14.808139, 64.346051], [14.729249, 64.339575], [14.692159, 64.342813], [14.592075, 64.374016], [14.337156, 64.385496], [14.322143, 64.390795], [14.307425, 64.401686], [14.297122, 64.412872], [14.285642, 64.421409], [14.236778, 64.428768], [14.204987, 64.439365], [14.17555, 64.454672], [14.134633, 64.485874], [14.130512, 64.493233], [14.138755, 64.504125], [14.1364, 64.515605], [14.125803, 64.524436], [14.109907, 64.527968], [14.063103, 64.531206], [13.883247, 64.590079], [13.84439, 64.613628], [13.831733, 64.616572], [13.747839, 64.625109], [13.72635, 64.630996], [13.710455, 64.641299], [13.709277, 64.649835], [13.71958, 64.656017], [13.739302, 64.658372], [13.834676, 64.651307], [14.076055, 64.55711], [14.109907, 64.54828], [14.102842, 64.555933], [14.114617, 64.55976], [14.127863, 64.559171], [14.140815, 64.55505], [14.151412, 64.54828], [14.165542, 64.534739], [14.166425, 64.528263], [14.161421, 64.52267], [14.158183, 64.51119], [14.164659, 64.487641], [14.180554, 64.472334], [14.241782, 64.447018], [14.317139, 64.432889], [14.32597, 64.427296], [14.339217, 64.414638], [14.371008, 64.401686], [14.416929, 64.399626], [14.500234, 64.405219], [14.538795, 64.400803], [14.618862, 64.381964], [14.658307, 64.377843], [14.671554, 64.374605], [14.69893, 64.359887], [14.712765, 64.356649], [14.962974, 64.342813], [14.988878, 64.337515], [15.042747, 64.311022], [15.068651, 64.301308], [15.12929, 64.287767], [15.159315, 64.273343], [15.172267, 64.250383], [15.179626, 64.230661], [15.197288, 64.211821], [15.21966, 64.20093], [15.240854, 64.205934], [15.234967, 64.216237], [15.234084, 64.225362], [15.234967, 64.235076], [15.2332, 64.246851], [15.227313, 64.258625], [15.21024, 64.283941], [15.206708, 64.291888], [15.184925, 64.314554], [15.13606, 64.316321], [15.08278, 64.311611], [15.048928, 64.315143], [15.040098, 64.327506], [15.040981, 64.340459], [15.049517, 64.351056], [15.062469, 64.356649], [15.073655, 64.341342], [15.075421, 64.33987], [15.08072, 64.336926], [15.116927, 64.336632], [15.133705, 64.339281], [15.145186, 64.342813], [15.155488, 64.342519], [15.168735, 64.333099], [15.186102, 64.326918], [15.261165, 64.329273], [15.261165, 64.322502], [15.236733, 64.308373], [15.236144, 64.291594], [15.248213, 64.274521], [15.261165, 64.260391], [15.270585, 64.245968], [15.279416, 64.227128], [15.285892, 64.207112], [15.288541, 64.188567], [15.291779, 64.178558], [15.305908, 64.164723], [15.308852, 64.154715], [15.311796, 64.137053], [15.319155, 64.133815], [15.329752, 64.13617], [15.34241, 64.136759], [15.357422, 64.133521], [15.366547, 64.129988], [15.383915, 64.117036], [15.386858, 64.113504], [15.393334, 64.101435], [15.39775, 64.096431], [15.40452, 64.093487], [15.421593, 64.089955], [15.428364, 64.086128], [15.424537, 64.07347], [15.375673, 64.046389], [15.363604, 64.031376], [15.371257, 64.019602], [15.389508, 64.011948], [15.410113, 64.008121], [15.433368, 64.006944], [15.436606, 64.005472], [15.438372, 64.002528], [15.442493, 63.99723], [15.449852, 63.993992], [15.457212, 63.996052], [15.466042, 64.001057], [15.476345, 63.993992], [15.479878, 63.989576], [15.481055, 63.983689], [15.486648, 63.973092], [15.504604, 63.948365], [15.516084, 63.924522], [15.532863, 63.910393], [15.544049, 63.895969], [15.534924, 63.876835], [15.543755, 63.874186], [15.549347, 63.870653], [15.559061, 63.859762], [15.569953, 63.85358], [15.59674, 63.850931], [15.632064, 63.835624], [15.691525, 63.839156], [15.730087, 63.828854], [15.752459, 63.826499], [15.761584, 63.822083], [15.765705, 63.815019], [15.770121, 63.795885], [15.774536, 63.787348], [15.782484, 63.780872], [15.800734, 63.773513], [15.80986, 63.767626], [15.824284, 63.755557], [15.82811, 63.749375], [15.829876, 63.74025], [15.765705, 63.749964], [15.747749, 63.760856], [15.739801, 63.77057], [15.734503, 63.78205], [15.735974, 63.792941], [15.747749, 63.801772], [15.733325, 63.813841], [15.713014, 63.821495], [15.672097, 63.828559], [15.626471, 63.830031], [15.608515, 63.824144], [15.611458, 63.809131], [15.591736, 63.80501], [15.57584, 63.796474], [15.570542, 63.783816], [15.582905, 63.767626], [15.568481, 63.760856], [15.535512, 63.74025], [15.520794, 63.74025], [15.511963, 63.751436], [15.519322, 63.762622]]]}}, {"type": "Feature", "properties": {"featurecla": "Lake", "scalerank": 6, "name": "Lake Skadar", "name_en": "Skadar", "src": "ne_10m_lakes"}, "geometry": {"type": "Polygon", "coordinates": [[[19.48058, 42.113023], [19.474987, 42.072107], [19.482347, 42.065336], [19.423768, 42.071812], [19.37196, 42.088002], [19.247738, 42.143931], [19.225367, 42.158355], [19.208294, 42.176606], [19.191809, 42.22341], [19.167671, 42.234007], [19.105855, 42.235773], [19.119396, 42.243427], [19.108799, 42.254907], [19.106738, 42.264915], [19.107915, 42.274629], [19.105855, 42.284343], [19.094669, 42.294057], [19.082306, 42.300533], [19.07789, 42.305832], [19.091431, 42.310836], [19.104089, 42.29759], [19.145888, 42.270802], [19.155014, 42.276984], [19.165905, 42.277573], [19.175325, 42.272863], [19.180918, 42.263738], [19.201523, 42.271391], [19.227427, 42.270508], [19.320741, 42.254318], [19.337225, 42.255201], [19.344879, 42.270802], [19.340169, 42.268448], [19.324862, 42.263738], [19.317503, 42.284343], [19.348117, 42.278456], [19.36519, 42.280222], [19.379614, 42.310247], [19.396687, 42.324377], [19.417292, 42.334974], [19.43466, 42.338801], [19.410522, 42.304654], [19.378436, 42.268153], [19.365778, 42.231063], [19.399336, 42.194856], [19.41111, 42.190147], [19.426417, 42.187203], [19.43466, 42.181316], [19.440547, 42.171896], [19.443196, 42.163065], [19.449083, 42.156589], [19.464979, 42.15394], [19.47852, 42.141282], [19.48058, 42.113023]]]}}, {"type": "Feature", "properties": {"featurecla": "Lake", "scalerank": 6, "name": null, "name_en": null, "src": "ne_10m_lakes"}, "geometry": {"type": "Polygon", "coordinates": [[[9.065978, 47.723015], [9.103656, 47.700643], [9.1275, 47.670618], [9.015936, 47.679155], [8.997391, 47.67415], [8.981201, 47.662376], [8.9447, 47.654428], [8.905549, 47.652073], [8.881117, 47.656489], [8.914674, 47.656489], [8.93528, 47.668263], [8.986205, 47.686514], [9.00475, 47.704175], [8.957357, 47.728313], [8.946171, 47.73214], [8.942933, 47.733906], [8.943228, 47.738322], [8.946171, 47.743326], [8.949409, 47.74627], [8.95618, 47.747447], [8.961478, 47.744503], [8.966483, 47.740971], [8.971192, 47.73891], [8.981495, 47.738322], [8.989149, 47.737144], [9.00475, 47.73214], [9.00475, 47.73891], [8.983556, 47.74627], [8.983556, 47.752451], [9.065978, 47.723015]]]}}, {"type": "Feature", "properties": {"featurecla": "Lake", "scalerank": 6, "name": null, "name_en": null, "src": "ne_10m_lakes"}, "geometry": {"type": "Polygon", "coordinates": [[[36.772707, 62.274611], [36.806559, 62.294333], [36.819511, 62.314645], [36.797728, 62.324064], [36.798316, 62.33525], [36.813329, 62.346436], [36.833346, 62.355561], [36.812446, 62.366453], [36.787719, 62.375284], [36.771824, 62.388236], [36.778005, 62.410607], [36.795667, 62.420616], [36.817744, 62.426797], [36.830108, 62.436806], [36.819511, 62.459177], [36.885448, 62.477428], [36.919006, 62.480372], [36.936373, 62.46477], [36.943144, 62.455645], [36.952858, 62.450641], [36.97729, 62.444754], [36.968459, 62.434156], [36.964632, 62.422971], [36.96787, 62.414434], [36.980822, 62.410607], [36.996718, 62.413257], [37.004666, 62.419144], [37.010553, 62.425914], [37.018206, 62.431213], [37.029981, 62.435628], [37.041461, 62.437689], [37.052647, 62.435923], [37.06295, 62.42768], [37.075019, 62.414728], [37.072075, 62.410607], [37.032041, 62.369691], [37.031158, 62.366747], [37.032336, 62.358799], [37.032041, 62.355561], [37.027037, 62.349085], [37.024094, 62.346436], [37.020856, 62.344081], [37.014968, 62.338488], [37.004666, 62.332601], [36.992597, 62.327302], [36.983766, 62.320237], [36.98406, 62.30758], [36.992597, 62.301398], [37.007315, 62.299632], [37.039401, 62.300809], [37.029981, 62.285208], [37.015263, 62.276966], [36.998778, 62.270196], [36.98406, 62.259893], [37.054413, 62.25901], [37.080612, 62.253122], [37.065893, 62.239582], [37.050881, 62.236344], [37.027037, 62.241642], [37.011436, 62.239582], [36.997895, 62.233106], [36.993774, 62.226335], [36.992597, 62.217504], [36.987887, 62.204552], [36.969048, 62.188068], [36.939611, 62.177765], [36.908409, 62.172172], [36.884565, 62.170701], [36.885448, 62.17335], [36.878383, 62.178943], [36.869847, 62.183653], [36.867492, 62.184241], [36.862193, 62.186007], [36.855129, 62.188068], [36.851302, 62.192189], [36.857189, 62.201314], [36.902227, 62.239582], [36.886626, 62.250179], [36.881621, 62.252534], [36.869847, 62.255477], [36.865726, 62.2543], [36.862488, 62.250473], [36.842177, 62.239582], [36.830108, 62.229573], [36.809208, 62.208085], [36.795961, 62.201609], [36.780066, 62.201609], [36.770352, 62.208085], [36.774767, 62.222214], [36.782421, 62.235166], [36.783009, 62.246941], [36.775062, 62.255772], [36.757988, 62.259893], [36.772707, 62.274611]]]}}, {"type": "Feature", "properties": {"featurecla": "Lake", "scalerank": 6, "name": null, "name_en": null, "src": "ne_10m_lakes"}, "geometry": {"type": "Polygon", "coordinates": [[[38.947763, 60.80279], [38.957183, 60.806912], [38.966897, 60.800141], [38.982793, 60.772765], [38.995156, 60.766584], [39.009285, 60.762168], [39.020177, 60.751277], [39.02783, 60.737442], [39.032834, 60.73126], [39.068158, 60.714187], [39.121144, 60.702707], [39.169714, 60.685928], [39.190614, 60.652959], [39.197384, 60.590848], [39.193852, 60.572598], [39.178545, 60.537274], [39.177073, 60.519023], [39.18296, 60.499595], [39.189142, 60.487526], [39.189436, 60.475752], [39.177073, 60.457501], [39.123204, 60.419528], [39.114962, 60.40952], [39.109663, 60.38862], [39.096123, 60.391564], [39.079344, 60.400689], [39.063743, 60.399217], [39.043726, 60.392152], [38.996922, 60.407459], [38.970724, 60.40952], [38.992801, 60.422472], [39.027536, 60.425121], [39.06021, 60.43513], [39.074634, 60.471336], [39.072868, 60.499595], [39.066686, 60.520201], [39.054029, 60.538746], [39.010168, 60.579662], [38.979555, 60.601151], [38.945997, 60.613809], [38.916266, 60.608216], [38.90979, 60.598207], [38.907435, 60.571126], [38.902726, 60.55994], [38.889185, 60.55052], [38.878293, 60.551992], [38.871229, 60.561412], [38.868285, 60.577308], [38.879176, 60.603212], [38.921565, 60.635297], [38.923037, 60.656786], [38.913028, 60.667089], [38.898016, 60.674153], [38.868285, 60.684162], [38.855333, 60.69211], [38.843853, 60.701235], [38.823836, 60.721546], [38.822364, 60.731849], [38.830312, 60.743329], [38.851212, 60.762757], [38.869462, 60.773943], [38.887124, 60.774237], [38.90508, 60.771293], [38.923037, 60.772765], [38.933634, 60.780713], [38.947763, 60.80279]]]}}, {"type": "Feature", "properties": {"featurecla": "Lake", "scalerank": 6, "name": "Femunden", "name_en": "Femund", "src": "ne_10m_lakes"}, "geometry": {"type": "Polygon", "coordinates": [[[11.792378, 62.003796], [11.784136, 62.005857], [11.76618, 62.00674], [11.774128, 61.99261], [11.796205, 61.967001], [11.800915, 61.951399], [11.795027, 61.930794], [11.781192, 61.920491], [11.765002, 61.922552], [11.751756, 61.937858], [11.759115, 61.956992], [11.753228, 61.977303], [11.739981, 61.994965], [11.725852, 62.00674], [11.758821, 62.04383], [11.77766, 62.055899], [11.793556, 62.040297], [11.788551, 62.029111], [11.789729, 62.019397], [11.800915, 61.999381], [11.792378, 62.003796]]]}}, {"type": "Feature", "properties": {"featurecla": "Lake", "scalerank": 6, "name": "Femunden", "name_en": "Femund", "src": "ne_10m_lakes"}, "geometry": {"type": "Polygon", "coordinates": [[[11.95104, 62.410607], [11.968997, 62.390591], [11.969585, 62.355267], [11.958105, 62.317588], [11.933673, 62.276083], [11.933084, 62.25901], [11.9375, 62.222214], [11.939855, 62.214266], [11.943976, 62.205435], [11.946036, 62.196605], [11.941032, 62.187479], [11.931907, 62.180709], [11.903353, 62.163636], [11.890107, 62.151272], [11.882454, 62.137732], [11.878038, 62.121836], [11.874506, 62.075327], [11.875978, 62.068262], [11.882454, 62.063552], [11.893345, 62.058548], [11.901587, 62.052366], [11.900115, 62.04383], [11.895994, 62.030289], [11.896877, 62.011155], [11.900998, 61.992905], [11.906886, 61.982013], [11.914834, 61.969944], [11.931024, 61.924023], [11.896877, 61.928144], [11.882159, 61.947867], [11.869207, 62.00674], [11.853606, 62.03647], [11.833295, 62.056782], [11.806802, 62.070911], [11.735566, 62.089162], [11.718493, 62.096521], [11.711428, 62.109178], [11.736743, 62.155982], [11.738804, 62.163636], [11.753228, 62.163341], [11.787963, 62.148918], [11.807096, 62.150095], [11.818282, 62.15716], [11.818282, 62.164813], [11.812689, 62.175116], [11.807096, 62.191012], [11.828291, 62.185713], [11.845952, 62.18483], [11.857433, 62.193072], [11.865675, 62.232223], [11.875094, 62.24959], [11.897172, 62.280498], [11.910418, 62.313173], [11.910418, 62.347908], [11.894817, 62.379699], [11.861554, 62.403837], [11.902176, 62.401776], [11.917483, 62.404426], [11.910124, 62.417672], [11.919838, 62.420321], [11.929846, 62.419438], [11.940443, 62.415906], [11.95104, 62.410607]]]}}, {"type": "Feature", "properties": {"featurecla": "Lake", "scalerank": 6, "name": "Loch Ness", "name_en": "Loch Ness", "src": "ne_10m_lakes"}, "geometry": {"type": "Polygon", "coordinates": [[[-4.340101, 57.389933], [-4.33804, 57.385223], [-4.337451, 57.379924], [-4.337746, 57.374037], [-4.396619, 57.341657], [-4.415605, 57.31958], [-4.517602, 57.235392], [-4.553662, 57.223911], [-4.604587, 57.181523], [-4.670819, 57.142667], [-4.677, 57.148554], [-4.679061, 57.156796], [-4.660516, 57.16445], [-4.495378, 57.27101], [-4.461232, 57.305745], [-4.450046, 57.322818], [-4.442687, 57.329588], [-4.430176, 57.332237], [-4.410748, 57.340185], [-4.343927, 57.394348], [-4.340101, 57.389933]]]}}, {"type": "Feature", "properties": {"featurecla": "Lake", "scalerank": 7, "name": null, "name_en": null, "src": "ne_10m_lakes"}, "geometry": {"type": "Polygon", "coordinates": [[[18.89038, 49.948408], [18.916579, 49.946053], [18.941305, 49.938694], [18.93218, 49.924564], [18.923055, 49.921326], [18.895973, 49.924858], [18.890969, 49.921915], [18.882727, 49.915144], [18.871835, 49.90808], [18.858295, 49.904547], [18.858295, 49.911318], [18.865359, 49.911318], [18.865359, 49.918088], [18.845343, 49.925153], [18.805603, 49.916028], [18.789708, 49.918088], [18.80737, 49.923681], [18.823854, 49.931334], [18.820322, 49.933984], [18.817672, 49.938694], [18.827092, 49.938694], [18.833274, 49.94046], [18.838278, 49.942815], [18.84446, 49.944875], [18.89038, 49.948408]]]}}, {"type": "Feature", "properties": {"featurecla": "Lake", "scalerank": 7, "name": null, "name_en": null, "src": "ne_10m_lakes"}, "geometry": {"type": "Polygon", "coordinates": [[[26.954191, 61.139543], [26.954191, 61.123353], [26.925638, 61.12924], [26.905916, 61.12247], [26.885899, 61.11305], [26.86912, 61.108635], [26.852341, 61.112461], [26.838212, 61.120998], [26.814663, 61.142781], [26.787287, 61.178399], [26.776984, 61.183698], [26.769919, 61.176633], [26.77198, 61.160443], [26.778161, 61.143075], [26.784049, 61.132773], [26.793174, 61.121292], [26.79965, 61.108635], [26.798767, 61.097155], [26.787287, 61.088029], [26.771391, 61.086852], [26.722821, 61.091562], [26.711635, 61.094211], [26.713107, 61.123059], [26.711046, 61.137188], [26.704865, 61.146019], [26.670719, 61.160443], [26.635689, 61.169862], [26.635689, 61.177516], [26.64452, 61.176633], [26.670719, 61.177516], [26.670719, 61.183698], [26.633629, 61.19194], [26.617144, 61.199005], [26.601837, 61.211073], [26.595361, 61.222259], [26.593006, 61.233151], [26.588297, 61.241687], [26.574461, 61.245808], [26.574461, 61.252579], [26.597716, 61.251696], [26.632746, 61.243748], [26.649524, 61.245808], [26.652174, 61.249635], [26.654823, 61.256406], [26.660121, 61.262587], [26.670719, 61.265531], [26.718994, 61.265531], [26.718994, 61.259349], [26.698094, 61.231973], [26.747253, 61.243454], [26.781988, 61.276128], [26.784932, 61.312629], [26.739011, 61.334412], [26.70251, 61.329997], [26.694562, 61.331468], [26.688086, 61.340299], [26.685731, 61.348542], [26.68161, 61.356784], [26.670719, 61.365615], [26.601249, 61.390341], [26.595067, 61.395934], [26.589474, 61.403882], [26.58653, 61.406826], [26.581232, 61.410358], [26.60272, 61.426548], [26.624798, 61.431552], [26.64246, 61.440383], [26.649524, 61.468642], [26.645698, 61.476884], [26.638633, 61.486893], [26.635395, 61.495429], [26.642754, 61.498962], [26.65394, 61.495724], [26.663065, 61.489836], [26.672485, 61.486893], [26.683671, 61.491602], [26.687497, 61.49955], [26.69103, 61.533697], [26.703982, 61.55754], [26.707514, 61.569609], [26.701332, 61.574613], [26.681021, 61.581089], [26.65865, 61.596102], [26.643048, 61.613764], [26.643343, 61.628776], [26.635395, 61.630542], [26.615378, 61.642317], [26.625681, 61.654091], [26.61214, 61.679407], [26.615378, 61.697657], [26.66542, 61.648793], [26.692796, 61.629071], [26.72547, 61.622595], [26.707514, 61.619357], [26.672485, 61.618768], [26.656883, 61.61553], [26.706925, 61.597574], [26.718994, 61.589037], [26.728414, 61.574319], [26.729886, 61.561956], [26.72547, 61.536935], [26.727531, 61.520745], [26.729886, 61.510442], [26.727825, 61.501316], [26.690147, 61.464815], [26.68161, 61.450097], [26.683671, 61.436851], [26.691324, 61.432141], [26.700449, 61.432141], [26.726648, 61.439794], [26.744015, 61.449214], [26.745781, 61.451275], [26.76727, 61.449214], [26.80436, 61.434201], [26.985983, 61.402705], [26.963905, 61.403293], [26.944183, 61.400938], [26.93182, 61.391519], [26.931525, 61.369147], [26.903561, 61.387692], [26.900028, 61.396229], [26.911508, 61.410358], [26.655706, 61.427137], [26.623032, 61.416245], [26.661593, 61.395051], [26.677489, 61.389164], [26.722232, 61.382982], [26.735773, 61.358256], [26.757556, 61.343243], [26.809953, 61.320283], [26.829086, 61.300855], [26.808775, 61.282898], [26.784637, 61.252873], [26.770508, 61.222848], [26.780516, 61.204303], [26.796118, 61.225792], [26.817018, 61.234623], [26.82997, 61.230207], [26.821433, 61.211073], [26.829086, 61.211073], [26.816429, 61.192529], [26.818489, 61.177222], [26.832324, 61.166919], [26.854991, 61.163092], [26.848809, 61.158677], [26.84616, 61.157205], [26.842038, 61.155733], [26.881189, 61.142781], [26.904149, 61.140132], [26.921222, 61.146019], [26.942711, 61.153967], [26.954191, 61.139543]]]}}, {"type": "Feature", "properties": {"featurecla": "Lake", "scalerank": 7, "name": "Aursund", "name_en": "Aursund", "src": "ne_10m_lakes"}, "geometry": {"type": "Polygon", "coordinates": [[[11.802092, 62.608714], [11.743219, 62.620195], [11.682286, 62.643744], [11.643136, 62.664055], [11.597803, 62.679067], [11.503018, 62.678479], [11.463868, 62.698201], [11.745574, 62.692019], [11.823875, 62.680834], [11.841831, 62.670825], [11.805625, 62.669648], [11.701714, 62.681128], [11.683758, 62.664055], [11.705835, 62.641683], [11.750873, 62.629614], [11.835061, 62.623138], [11.802092, 62.608714]]]}}, {"type": "Feature", "properties": {"featurecla": "Lake", "scalerank": 7, "name": null, "name_en": null, "src": "ne_10m_lakes"}, "geometry": {"type": "Polygon", "coordinates": [[[11.21984, 59.476974], [11.222489, 59.474325], [11.224844, 59.470498], [11.213658, 59.447832], [11.194525, 59.418102], [11.172742, 59.392198], [11.152725, 59.381306], [11.127115, 59.376302], [11.096796, 59.364822], [11.067654, 59.34922], [11.046165, 59.333913], [11.07148, 59.332147], [11.073541, 59.318018], [11.056762, 59.306538], [11.026148, 59.313014], [11.01143, 59.329498], [11.018495, 59.345099], [11.038806, 59.356874], [11.086199, 59.367471], [11.117107, 59.382484], [11.144188, 59.399262], [11.155963, 59.412214], [11.162733, 59.430759], [11.179512, 59.454014], [11.199823, 59.474619], [11.218074, 59.484922], [11.218074, 59.479918], [11.21984, 59.476974]]]}}, {"type": "Feature", "properties": {"featurecla": "Lake", "scalerank": 7, "name": "\u00d8yeren", "name_en": "\u00d8yeren", "src": "ne_10m_lakes"}, "geometry": {"type": "Polygon", "coordinates": [[[11.231909, 59.744846], [11.229848, 59.737192], [11.247216, 59.670077], [11.24545, 59.642996], [11.216013, 59.651827], [11.205416, 59.676848], [11.199529, 59.74985], [11.188343, 59.761036], [11.190698, 59.779875], [11.190992, 59.795771], [11.186282, 59.809606], [11.174508, 59.822558], [11.123877, 59.845518], [11.112986, 59.856704], [11.109748, 59.874072], [11.110925, 59.887024], [11.107982, 59.898209], [11.092675, 59.912045], [11.059411, 59.932944], [11.050875, 59.947663], [11.058528, 59.966502], [11.063533, 59.962675], [11.073541, 59.957377], [11.078839, 59.95355], [11.096796, 59.946485], [11.11122, 59.935594], [11.136829, 59.908512], [11.145955, 59.902331], [11.166854, 59.89556], [11.178335, 59.887907], [11.189226, 59.872894], [11.195702, 59.866418], [11.20571, 59.863474], [11.210715, 59.855821], [11.226316, 59.818731], [11.231909, 59.794888], [11.241328, 59.778992], [11.243389, 59.771044], [11.241328, 59.760741], [11.231909, 59.744846]]]}}, {"type": "Feature", "properties": {"featurecla": "Lake", "scalerank": 7, "name": null, "name_en": null, "src": "ne_10m_lakes"}, "geometry": {"type": "Polygon", "coordinates": [[[16.402415, 60.155778], [16.426847, 60.157839], [16.433912, 60.156367], [16.433029, 60.149596], [16.417722, 60.144298], [16.381515, 60.144298], [16.368268, 60.138705], [16.35826, 60.131346], [16.345897, 60.126342], [16.331767, 60.123104], [16.317049, 60.121632], [16.321759, 60.138705], [16.329412, 60.149302], [16.34207, 60.154306], [16.402415, 60.155778]]]}}, {"type": "Feature", "properties": {"featurecla": "Lake", "scalerank": 7, "name": null, "name_en": null, "src": "ne_10m_lakes"}, "geometry": {"type": "Polygon", "coordinates": [[[17.298753, 60.384793], [17.261664, 60.375668], [17.245768, 60.36772], [17.23105, 60.358006], [17.224868, 60.351236], [17.215448, 60.336812], [17.21015, 60.33063], [17.199847, 60.327687], [17.171588, 60.333574], [17.158636, 60.333868], [17.155398, 60.33063], [17.149805, 60.323566], [17.142741, 60.316501], [17.135087, 60.313557], [17.116836, 60.318267], [17.106828, 60.330042], [17.108594, 60.343877], [17.12449, 60.355063], [17.082101, 60.351236], [17.059435, 60.345643], [17.049427, 60.337695], [17.045306, 60.324449], [17.0247, 60.289419], [17.015281, 60.278822], [16.997913, 60.27058], [16.98084, 60.271463], [16.962884, 60.275879], [16.94375, 60.278822], [16.85809, 60.272641], [16.866333, 60.260572], [16.871042, 60.255862], [16.878696, 60.251446], [16.868982, 60.24497], [16.837191, 60.232313], [16.848965, 60.221716], [16.849259, 60.208764], [16.840429, 60.198755], [16.823944, 60.196695], [16.83042, 60.190513], [16.827477, 60.182271], [16.833364, 60.176089], [16.84455, 60.171968], [16.85809, 60.170202], [16.85809, 60.162548], [16.816291, 60.167258], [16.806282, 60.161665], [16.816585, 60.142237], [16.806577, 60.144592], [16.797746, 60.148125], [16.791564, 60.154601], [16.789209, 60.166375], [16.780967, 60.171674], [16.662044, 60.184626], [16.630547, 60.180505], [16.60376, 60.162548], [16.583154, 60.171085], [16.564609, 60.167847], [16.546948, 60.160488], [16.528697, 60.155778], [16.508386, 60.157544], [16.495728, 60.165198], [16.487486, 60.176678], [16.480716, 60.190513], [16.505737, 60.179916], [16.516039, 60.177267], [16.531641, 60.176384], [16.544298, 60.17815], [16.553129, 60.182565], [16.560488, 60.187569], [16.569614, 60.190513], [16.579622, 60.189336], [16.589336, 60.185509], [16.598461, 60.183154], [16.621422, 60.193457], [16.645559, 60.19905], [16.686182, 60.204348], [16.746526, 60.191985], [16.768898, 60.196695], [16.764483, 60.206997], [16.761539, 60.211119], [16.772136, 60.222304], [16.799218, 60.227309], [16.809815, 60.2382], [16.81217, 60.251446], [16.806871, 60.260572], [16.79804, 60.26852], [16.789209, 60.278822], [16.838662, 60.277056], [16.885761, 60.283238], [16.929032, 60.297956], [17.042068, 60.368015], [17.066795, 60.374491], [17.121841, 60.380084], [17.145684, 60.38862], [17.140091, 60.391858], [17.137442, 60.394802], [17.135381, 60.39804], [17.131849, 60.402161], [17.206912, 60.40952], [17.224868, 60.413641], [17.234288, 60.423355], [17.24253, 60.434541], [17.255482, 60.443666], [17.273144, 60.446315], [17.313177, 60.443372], [17.347912, 60.452497], [17.384119, 60.457501], [17.399426, 60.46486], [17.385002, 60.475752], [17.36999, 60.482817], [17.337315, 60.492236], [17.352328, 60.508132], [17.380292, 60.517257], [17.407668, 60.517257], [17.420032, 60.505777], [17.41856, 60.50195], [17.418265, 60.498418], [17.416794, 60.49518], [17.412378, 60.492236], [17.423858, 60.463389], [17.392361, 60.436307], [17.345557, 60.416585], [17.309939, 60.40952], [17.311411, 60.39333], [17.298753, 60.384793]]]}}, {"type": "Feature", "properties": {"featurecla": "Lake", "scalerank": 7, "name": null, "name_en": null, "src": "ne_10m_lakes"}, "geometry": {"type": "Polygon", "coordinates": [[[30.02853, 60.67327], [29.99615, 60.654137], [29.845436, 60.664439], [29.799221, 60.659729], [29.767724, 60.649132], [29.723275, 60.651193], [29.678531, 60.660907], [29.644679, 60.67327], [29.631433, 60.681512], [29.603468, 60.711243], [29.596404, 60.716836], [29.596404, 60.71713], [29.596992, 60.717719], [29.597287, 60.718014], [29.639381, 60.722135], [29.658809, 60.720074], [29.67912, 60.711243], [29.695016, 60.69888], [29.706201, 60.688283], [29.718859, 60.680335], [29.741231, 60.676508], [29.830129, 60.684162], [29.877816, 60.676214], [29.902248, 60.675919], [29.925503, 60.684162], [29.904897, 60.700057], [29.881348, 60.709183], [29.786268, 60.725667], [29.775377, 60.73126], [29.766252, 60.743035], [29.767724, 60.749805], [29.773316, 60.756281], [29.775377, 60.766584], [29.775083, 60.788367], [29.771845, 60.796609], [29.761542, 60.800141], [29.748884, 60.801907], [29.73711, 60.807206], [29.730045, 60.816037], [29.730634, 60.827811], [29.731811, 60.833699], [29.728867, 60.840763], [29.730634, 60.844296], [29.736521, 60.847239], [29.749767, 60.846062], [29.754772, 60.847828], [29.76007, 60.851361], [29.77155, 60.857248], [29.774788, 60.860191], [29.795688, 60.841058], [29.786268, 60.833699], [29.78303, 60.82634], [29.785091, 60.818392], [29.79245, 60.809855], [29.797454, 60.801024], [29.797749, 60.791016], [29.795983, 60.781007], [29.795688, 60.772765], [29.805697, 60.748627], [29.821592, 60.739796], [29.871045, 60.73126], [29.905192, 60.713598], [29.929624, 60.7083], [29.950229, 60.69417], [29.959649, 60.690049], [29.987908, 60.692404], [30.04472, 60.71036], [30.076512, 60.711243], [30.268143, 60.679452], [30.40355, 60.64089], [30.425922, 60.628821], [30.464778, 60.588788], [30.480379, 60.580251], [30.47773, 60.574069], [30.459774, 60.577896], [30.442112, 60.585255], [30.42651, 60.594969], [30.415325, 60.604978], [30.37794, 60.627349], [30.283744, 60.646189], [30.244593, 60.666205], [30.201616, 60.679452], [30.12832, 60.686811], [30.059438, 60.685928], [30.02853, 60.67327]]]}}, {"type": "Feature", "properties": {"featurecla": "Lake", "scalerank": 7, "name": null, "name_en": null, "src": "ne_10m_lakes"}, "geometry": {"type": "Polygon", "coordinates": [[[28.461041, 59.320373], [28.47988, 59.316252], [28.493127, 59.306538], [28.486945, 59.301533], [28.470461, 59.299473], [28.332404, 59.299473], [28.304734, 59.296529], [28.291193, 59.28446], [28.301201, 59.258262], [28.273531, 59.262089], [28.259402, 59.266798], [28.253514, 59.275041], [28.255869, 59.285932], [28.259402, 59.294174], [28.258224, 59.30065], [28.24645, 59.306832], [28.225256, 59.3033], [28.186694, 59.267387], [28.164028, 59.258262], [28.157257, 59.249431], [28.150781, 59.228825], [28.144305, 59.186437], [28.134003, 59.169364], [28.111042, 59.156412], [28.085727, 59.149053], [28.069243, 59.148464], [28.080134, 59.153763], [28.091025, 59.163182], [28.099856, 59.174368], [28.103389, 59.186437], [28.103389, 59.216757], [28.106332, 59.223233], [28.114869, 59.235007], [28.11693, 59.241189], [28.1028, 59.274158], [28.069831, 59.26827], [28.03333, 59.247959], [28.007132, 59.237951], [27.998301, 59.243544], [27.975929, 59.266798], [27.966215, 59.275041], [27.946493, 59.278573], [27.93619, 59.267093], [27.927948, 59.25208], [27.914407, 59.244721], [27.897923, 59.23118], [27.886442, 59.201744], [27.870841, 59.172896], [27.841993, 59.161416], [27.872902, 59.236773], [27.890269, 59.258262], [27.881733, 59.275924], [27.903221, 59.290642], [27.95915, 59.306832], [28.076013, 59.305654], [28.096324, 59.319784], [28.072481, 59.319195], [28.000067, 59.333913], [28.031858, 59.342156], [28.113103, 59.345688], [28.156963, 59.364233], [28.17698, 59.358346], [28.224372, 59.332147], [28.274709, 59.314191], [28.320041, 59.310953], [28.329166, 59.313014], [28.334465, 59.317135], [28.343884, 59.330087], [28.348888, 59.333913], [28.363018, 59.337446], [28.379502, 59.339506], [28.395692, 59.33774], [28.424834, 59.318901], [28.442496, 59.318312], [28.461041, 59.320373]]]}}, {"type": "Feature", "properties": {"featurecla": "Lake", "scalerank": 7, "name": null, "name_en": null, "src": "ne_10m_lakes"}, "geometry": {"type": "Polygon", "coordinates": [[[30.480379, 46.156115], [30.480379, 46.156115], [30.480379, 46.156115], [30.480379, 46.156115], [30.491271, 46.149344], [30.497747, 46.146401], [30.500985, 46.143163], [30.501573, 46.135803], [30.498041, 46.124912], [30.490682, 46.11667], [30.483617, 46.110194], [30.480379, 46.104601], [30.475375, 46.099597], [30.451531, 46.083701], [30.442995, 46.080463], [30.43122, 46.083701], [30.422978, 46.091354], [30.366755, 46.175248], [30.341145, 46.201741], [30.302878, 46.223818], [30.23223, 46.243246], [30.210153, 46.245601], [30.192197, 46.252372], [30.125376, 46.305063], [30.11419, 46.320075], [30.110658, 46.327434], [30.108892, 46.338326], [30.111541, 46.344802], [30.115368, 46.350395], [30.117428, 46.357754], [30.128614, 46.373944], [30.206915, 46.396316], [30.218101, 46.396316], [30.227815, 46.393372], [30.235468, 46.388368], [30.240767, 46.382186], [30.233996, 46.362758], [30.243122, 46.341858], [30.2599, 46.324196], [30.274913, 46.313305], [30.294635, 46.310361], [30.301406, 46.325963], [30.303761, 46.350395], [30.309354, 46.374827], [30.320539, 46.361286], [30.327015, 46.343036], [30.329665, 46.322725], [30.330253, 46.302708], [30.339379, 46.289756], [30.398546, 46.265912], [30.407671, 46.259142], [30.412675, 46.254432], [30.415325, 46.248251], [30.418563, 46.238242], [30.419151, 46.229411], [30.416796, 46.222346], [30.413853, 46.215282], [30.412381, 46.207628], [30.421212, 46.194676], [30.480379, 46.156115]]]}}, {"type": "Feature", "properties": {"featurecla": "Lake", "scalerank": 7, "name": null, "name_en": null, "src": "ne_10m_lakes"}, "geometry": {"type": "Polygon", "coordinates": [[[13.314829, 61.622889], [13.335141, 61.608759], [13.383416, 61.564016], [13.397251, 61.554302], [13.424922, 61.543999], [13.513231, 61.526926], [13.565333, 61.509264], [13.593003, 61.505143], [13.616847, 61.513385], [13.613903, 61.517212], [13.609488, 61.526926], [13.67778, 61.485421], [13.715165, 61.44421], [13.72635, 61.420661], [13.711927, 61.410358], [13.698975, 61.4186], [13.680135, 61.458928], [13.67101, 61.472174], [13.644223, 61.482183], [13.582112, 61.490425], [13.53884, 61.511914], [13.475847, 61.52516], [13.424038, 61.52987], [13.397546, 61.537523], [13.330725, 61.570786], [13.323955, 61.576968], [13.317773, 61.598457], [13.309236, 61.606993], [13.282449, 61.623772], [13.245948, 61.636135], [13.236529, 61.642317], [13.211802, 61.663511], [13.221516, 61.662628], [13.230347, 61.659979], [13.238589, 61.655858], [13.245948, 61.64997], [13.314829, 61.622889]]]}}, {"type": "Feature", "properties": {"featurecla": "Lake", "scalerank": 7, "name": "Siljan", "name_en": "Siljan", "src": "ne_10m_lakes"}, "geometry": {"type": "Polygon", "coordinates": [[[15.067179, 60.892277], [15.08278, 60.88845], [15.096615, 60.881974], [15.08543, 60.867845], [15.05511, 60.850772], [15.048928, 60.83782], [15.037154, 60.834876], [15.010955, 60.837231], [14.985051, 60.834876], [14.973277, 60.81692], [14.965918, 60.782185], [14.964152, 60.76364], [14.977692, 60.731554], [14.967978, 60.725373], [14.952966, 60.729199], [14.945312, 60.741563], [14.930594, 60.750099], [14.878197, 60.753337], [14.88379, 60.766584], [14.893799, 60.768644], [14.921174, 60.764523], [14.931772, 60.766584], [14.938836, 60.774531], [14.938248, 60.780713], [14.934715, 60.7866], [14.931772, 60.792782], [14.924412, 60.813388], [14.912344, 60.822513], [14.894387, 60.82369], [14.796658, 60.813682], [14.774581, 60.806912], [14.801368, 60.779536], [14.776347, 60.780713], [14.743379, 60.794548], [14.726894, 60.792782], [14.726305, 60.789838], [14.731015, 60.780419], [14.730132, 60.776298], [14.722479, 60.771882], [14.715708, 60.773648], [14.709527, 60.777475], [14.702756, 60.779536], [14.693337, 60.783951], [14.69157, 60.793959], [14.694514, 60.805145], [14.699518, 60.813093], [14.65713, 60.845179], [14.507004, 60.90258], [14.484044, 60.920536], [14.479628, 60.922891], [14.477862, 60.934077], [14.479628, 60.944674], [14.485516, 60.948795], [14.496701, 60.940847], [14.513186, 60.93702], [14.530553, 60.950267], [14.561756, 60.985591], [14.553808, 60.986474], [14.541445, 60.9903], [14.53438, 60.991772], [14.564994, 61.002369], [14.595608, 60.995305], [14.621217, 60.976171], [14.637407, 60.950856], [14.652714, 60.938787], [14.668316, 60.935254], [14.702756, 60.937315], [14.718063, 60.934077], [14.743967, 60.919947], [14.782529, 60.912294], [14.860241, 60.886979], [14.87702, 60.871966], [14.891149, 60.85607], [14.922646, 60.86078], [14.973277, 60.881974], [14.977104, 60.885507], [14.979753, 60.890217], [14.983874, 60.894043], [14.993588, 60.895809], [15.067179, 60.892277]]]}}, {"type": "Feature", "properties": {"featurecla": "Lake", "scalerank": 7, "name": null, "name_en": null, "src": "ne_10m_lakes"}, "geometry": {"type": "Polygon", "coordinates": [[[31.427054, 49.770612], [31.430881, 49.796221], [31.443244, 49.843614], [31.440595, 49.869812], [31.425582, 49.925742], [31.427937, 49.948702], [31.440595, 49.97961], [31.440595, 50.014345], [31.467382, 50.004042], [31.4821, 50.000804], [31.488576, 50.003748], [31.494169, 50.01464], [31.50771, 50.02141], [31.523311, 50.021704], [31.536263, 50.014345], [31.526549, 49.998155], [31.541562, 49.983437], [31.563933, 49.966953], [31.576591, 49.944875], [31.581007, 49.8548], [31.590721, 49.828896], [31.579829, 49.823892], [31.570115, 49.826246], [31.560107, 49.830073], [31.549215, 49.828896], [31.542151, 49.820359], [31.526549, 49.793572], [31.518601, 49.787685], [31.472681, 49.760898], [31.441184, 49.752655], [31.427054, 49.770612]]]}}, {"type": "Feature", "properties": {"featurecla": "Lake", "scalerank": 7, "name": null, "name_en": null, "src": "ne_10m_lakes"}, "geometry": {"type": "Polygon", "coordinates": [[[20.81876, 41.11248], [20.80728, 41.093935], [20.805808, 41.071563], [20.811401, 41.020049], [20.805513, 40.999444], [20.793739, 40.976778], [20.786085, 40.955878], [20.791384, 40.94116], [20.791384, 40.934389], [20.780198, 40.929091], [20.75135, 40.924087], [20.728684, 40.909368], [20.713672, 40.90613], [20.678348, 40.906425], [20.659509, 40.910251], [20.650678, 40.920554], [20.648323, 40.935861], [20.647734, 40.9547], [20.644791, 40.972951], [20.63331, 41.016223], [20.635665, 41.033884], [20.650678, 41.053901], [20.654505, 41.067736], [20.651267, 41.070974], [20.643907, 41.070974], [20.636548, 41.07274], [20.63331, 41.081571], [20.650089, 41.165171], [20.654505, 41.17459], [20.669223, 41.179595], [20.722503, 41.17459], [20.748995, 41.16311], [20.759593, 41.153396], [20.763714, 41.136617], [20.77019, 41.12867], [20.786085, 41.120427], [20.804336, 41.114246], [20.81876, 41.11248]]]}}, {"type": "Feature", "properties": {"featurecla": "Lake", "scalerank": 7, "name": "Lago di Como", "name_en": "Como", "src": "ne_10m_lakes"}, "geometry": {"type": "Polygon", "coordinates": [[[8.846088, 46.169067], [8.847854, 46.1673], [8.849031, 46.164945], [8.841672, 46.154348], [8.78015, 46.117553], [8.753363, 46.099597], [8.74777, 46.094298], [8.746004, 46.092532], [8.744826, 46.090177], [8.741883, 46.083407], [8.741883, 46.063979], [8.743943, 46.053381], [8.752774, 46.028949], [8.753069, 46.027183], [8.753363, 46.017469], [8.753069, 46.015997], [8.752774, 46.015703], [8.752185, 46.014231], [8.750419, 46.010699], [8.746004, 46.003928], [8.738056, 45.994509], [8.732463, 45.989799], [8.7201, 45.981557], [8.648569, 45.945055], [8.618838, 45.922684], [8.616778, 45.920329], [8.607947, 45.908554], [8.607947, 45.90826], [8.607947, 45.90826], [8.607947, 45.907671], [8.607358, 45.907082], [8.606475, 45.905905], [8.606181, 45.905316], [8.604415, 45.88265], [8.621488, 45.847032], [8.621488, 45.827015], [8.61825, 45.819656], [8.613246, 45.814063], [8.607358, 45.809942], [8.580277, 45.798462], [8.574978, 45.794341], [8.574978, 45.794341], [8.574978, 45.794047], [8.574978, 45.794047], [8.572918, 45.791103], [8.571151, 45.787865], [8.570268, 45.783744], [8.570268, 45.779034], [8.570563, 45.778445], [8.572035, 45.776385], [8.572035, 45.775502], [8.572623, 45.774324], [8.576744, 45.768143], [8.577039, 45.767554], [8.577627, 45.766671], [8.620605, 45.72546], [8.618544, 45.723988], [8.616484, 45.723399], [8.614423, 45.723105], [8.612068, 45.722222], [8.594112, 45.729875], [8.578805, 45.741944], [8.566147, 45.756957], [8.555845, 45.773441], [8.54878, 45.791103], [8.552018, 45.800523], [8.559966, 45.807587], [8.56703, 45.818479], [8.574389, 45.852036], [8.566442, 45.869993], [8.52111, 45.897663], [8.51375, 45.905022], [8.4955, 45.929749], [8.492851, 45.937696], [8.494322, 45.939757], [8.496383, 45.941229], [8.498738, 45.942406], [8.501387, 45.942701], [8.503742, 45.942995], [8.514634, 45.941229], [8.540538, 45.932987], [8.56026, 45.932103], [8.591463, 45.942995], [8.6156, 45.955064], [8.627081, 45.9636], [8.6783, 46.010404], [8.68772, 46.01482], [8.696551, 46.020413], [8.713624, 46.038663], [8.713918, 46.05191], [8.706853, 46.064567], [8.700377, 46.081052], [8.700083, 46.088705], [8.700377, 46.091649], [8.700377, 46.091943], [8.71068, 46.110488], [8.733346, 46.130505], [8.763371, 46.149344], [8.795163, 46.164357], [8.831369, 46.171716], [8.841083, 46.171421], [8.843733, 46.170244], [8.846088, 46.169067]]]}}, {"type": "Feature", "properties": {"featurecla": "Lake", "scalerank": 7, "name": "Lago di Garda", "name_en": "Garda", "src": "ne_10m_lakes"}, "geometry": {"type": "Polygon", "coordinates": [[[10.855123, 45.895602], [10.86778, 45.879707], [10.869841, 45.860279], [10.862776, 45.837613], [10.848058, 45.813475], [10.784475, 45.743416], [10.776233, 45.731641], [10.762398, 45.721044], [10.72001, 45.670414], [10.710884, 45.652163], [10.692045, 45.597411], [10.68969, 45.575923], [10.710884, 45.580927], [10.712945, 45.565326], [10.725308, 45.52853], [10.731195, 45.518227], [10.718243, 45.482315], [10.712356, 45.474073], [10.705586, 45.458766], [10.704114, 45.453762], [10.700876, 45.449346], [10.693222, 45.451112], [10.679976, 45.457294], [10.655838, 45.459355], [10.630523, 45.467008], [10.611978, 45.481432], [10.608446, 45.504392], [10.602558, 45.481138], [10.58313, 45.472012], [10.559287, 45.474367], [10.538976, 45.484081], [10.546629, 45.490852], [10.538387, 45.494678], [10.530439, 45.497033], [10.521314, 45.498211], [10.5116, 45.498211], [10.5116, 45.504392], [10.51631, 45.504687], [10.519253, 45.506453], [10.521608, 45.509102], [10.567529, 45.540599], [10.573711, 45.549136], [10.567529, 45.561499], [10.557521, 45.57239], [10.55546, 45.581221], [10.573711, 45.587109], [10.567823, 45.598589], [10.556932, 45.605654], [10.542214, 45.608597], [10.525435, 45.608009], [10.591078, 45.635384], [10.602853, 45.642155], [10.628168, 45.66276], [10.714417, 45.717218], [10.729429, 45.73017], [10.763576, 45.786982], [10.783004, 45.799934], [10.787713, 45.80641], [10.82392, 45.843794], [10.831574, 45.856746], [10.835695, 45.870876], [10.841876, 45.884711], [10.855123, 45.895602]]]}}, {"type": "Feature", "properties": {"featurecla": "Lake", "scalerank": 8, "name": null, "name_en": null, "src": "ne_10m_lakes"}, "geometry": {"type": "Polygon", "coordinates": [[[15.784544, 58.513226], [15.761584, 58.510871], [15.611458, 58.480552], [15.600272, 58.447289], [15.574663, 58.451999], [15.514907, 58.488794], [15.526093, 58.49998], [15.555823, 58.518525], [15.559945, 58.524706], [15.560828, 58.531182], [15.564066, 58.536775], [15.62441, 58.546489], [15.953215, 58.518525], [15.953215, 58.510871], [15.857252, 58.510871], [15.784544, 58.513226]]]}}, {"type": "Feature", "properties": {"featurecla": "Lake", "scalerank": 8, "name": null, "name_en": null, "src": "ne_10m_lakes"}, "geometry": {"type": "Polygon", "coordinates": [[[15.106624, 58.552082], [15.063941, 58.54855], [15.048928, 58.552082], [15.075127, 58.573865], [15.098382, 58.581519], [15.255572, 58.568567], [15.28177, 58.559441], [15.275, 58.552082], [15.261459, 58.550316], [15.239382, 58.541191], [15.226724, 58.538836], [15.191401, 58.540308], [15.130762, 58.551494], [15.106624, 58.552082]]]}}, {"type": "Feature", "properties": {"featurecla": "Lake", "scalerank": 8, "name": null, "name_en": null, "src": "ne_10m_lakes"}, "geometry": {"type": "Polygon", "coordinates": [[[12.515925, 60.954388], [12.497675, 60.974699], [12.472359, 61.019737], [12.487077, 61.018854], [12.519752, 61.012672], [12.530349, 61.01591], [12.542124, 61.022386], [12.560374, 61.025918], [12.594815, 61.026507], [12.588044, 61.019737], [12.573621, 61.014144], [12.56685, 61.010317], [12.560668, 61.005607], [12.568616, 61.004724], [12.588044, 60.999426], [12.565084, 60.992655], [12.557136, 60.991772], [12.548011, 60.989123], [12.548011, 60.982647], [12.553604, 60.971461], [12.554192, 60.959981], [12.558314, 60.95115], [12.556842, 60.945557], [12.540652, 60.944674], [12.515925, 60.954388]]]}}, {"type": "Feature", "properties": {"featurecla": "Lake", "scalerank": 8, "name": null, "name_en": null, "src": "ne_10m_lakes"}, "geometry": {"type": "Polygon", "coordinates": [[[29.288204, 64.123807], [29.328532, 64.121157], [29.367388, 64.112915], [29.404478, 64.099669], [29.438919, 64.082301], [29.420374, 64.07818], [29.39918, 64.08495], [29.356791, 64.103495], [29.308516, 64.111443], [29.296152, 64.116742], [29.288204, 64.117036], [29.284083, 64.114681], [29.276724, 64.105556], [29.271426, 64.103495], [29.253175, 64.099963], [29.215496, 64.085539], [29.196363, 64.082301], [29.176052, 64.081418], [29.130131, 64.074942], [29.110703, 64.06876], [29.110703, 64.062579], [29.151914, 64.053748], [29.169576, 64.046389], [29.185766, 64.035203], [29.084799, 64.044623], [29.062133, 64.054925], [29.058306, 64.067583], [29.061838, 64.077886], [29.057129, 64.085539], [29.027986, 64.08966], [28.918189, 64.07612], [28.830468, 64.085539], [28.828996, 64.07612], [28.810451, 64.069055], [28.768357, 64.076414], [28.72538, 64.066405], [28.702125, 64.067877], [28.657971, 64.07612], [28.46634, 64.08966], [28.46634, 64.096431], [28.509317, 64.094664], [28.529922, 64.098197], [28.541403, 64.109677], [28.47782, 64.125278], [28.450444, 64.141174], [28.412471, 64.155598], [28.397459, 64.157953], [28.397459, 64.151182], [28.400697, 64.141763], [28.390983, 64.131754], [28.37597, 64.121157], [28.363312, 64.109677], [28.400108, 64.097608], [28.444557, 64.088483], [28.48459, 64.074353], [28.507256, 64.048155], [28.412765, 64.077886], [28.383918, 64.07612], [28.393337, 64.07141], [28.399225, 64.065522], [28.402463, 64.057869], [28.404818, 64.048155], [28.401874, 64.049038], [28.399519, 64.037558], [28.397459, 64.020779], [28.403051, 64.011359], [28.403935, 64.003117], [28.397459, 63.993403], [28.386861, 63.987222], [28.376853, 63.986044], [28.368611, 63.99046], [28.363312, 64.001057], [28.345062, 64.013714], [28.324456, 64.019896], [28.28089, 64.027549], [28.289427, 64.043151], [28.29502, 64.048155], [28.29031, 64.049332], [28.287366, 64.051099], [28.284717, 64.053159], [28.28089, 64.054925], [28.325928, 64.079063], [28.343296, 64.082301], [28.304734, 64.094664], [28.297963, 64.10379], [28.308855, 64.123807], [28.284423, 64.128811], [28.260874, 64.136759], [28.326811, 64.129694], [28.348888, 64.129988], [28.329166, 64.141763], [28.32063, 64.148239], [28.315037, 64.157953], [28.332404, 64.159425], [28.345945, 64.166784], [28.355659, 64.174731], [28.363018, 64.178558], [28.596743, 64.144412], [28.596743, 64.136759], [28.548762, 64.123807], [28.574666, 64.115859], [28.665036, 64.117036], [28.654438, 64.107616], [28.647668, 64.104673], [28.63766, 64.103495], [28.671512, 64.095548], [28.740393, 64.10585], [28.791612, 64.095548], [28.843126, 64.103495], [28.861376, 64.10114], [28.896111, 64.092015], [28.914951, 64.08966], [28.944387, 64.093193], [29.138079, 64.164723], [29.133663, 64.166195], [29.124244, 64.171788], [29.147793, 64.17797], [29.177523, 64.174731], [29.202839, 64.164134], [29.21373, 64.14765], [29.226682, 64.139702], [29.288204, 64.140291], [29.309104, 64.136759], [29.29468, 64.131166], [29.288204, 64.129988], [29.288204, 64.123807]]]}}, {"type": "Feature", "properties": {"featurecla": "Lake", "scalerank": 8, "name": null, "name_en": null, "src": "ne_10m_lakes"}, "geometry": {"type": "Polygon", "coordinates": [[[27.645064, 49.475953], [27.666552, 49.481252], [27.686569, 49.478602], [27.698049, 49.46565], [27.66302, 49.46565], [27.657427, 49.462118], [27.654189, 49.462707], [27.643298, 49.445045], [27.631523, 49.413842], [27.622987, 49.397064], [27.612978, 49.389999], [27.544391, 49.39883], [27.472566, 49.417375], [27.606502, 49.417375], [27.61916, 49.422968], [27.623281, 49.436508], [27.624753, 49.452404], [27.629757, 49.46565], [27.645064, 49.475953]]]}}, {"type": "Feature", "properties": {"featurecla": "Lake", "scalerank": 8, "name": null, "name_en": null, "src": "ne_10m_lakes"}, "geometry": {"type": "Polygon", "coordinates": [[[-7.975203, 53.853736], [-7.997722, 53.867866], [-8.006112, 53.879935], [-7.976822, 53.879346], [-7.972112, 53.876108], [-7.967991, 53.874048], [-7.964753, 53.871104], [-7.962546, 53.865217], [-7.955775, 53.865217], [-7.948416, 53.869926], [-7.942087, 53.867572], [-7.937525, 53.860507], [-7.935906, 53.851382], [-7.940027, 53.839607], [-7.949152, 53.837252], [-7.958425, 53.841373], [-7.962546, 53.848144], [-7.975203, 53.853736]]]}}, {"type": "Feature", "properties": {"featurecla": "Lake", "scalerank": 8, "name": "Lough Ree", "name_en": "Ree", "src": "ne_10m_lakes"}, "geometry": {"type": "Polygon", "coordinates": [[[-7.866583, 53.560844], [-7.853925, 53.557901], [-7.839649, 53.549658], [-7.885569, 53.537295], [-7.903673, 53.526992], [-7.901171, 53.516395], [-7.905881, 53.508153], [-7.912062, 53.501971], [-7.919716, 53.49785], [-7.928988, 53.495201], [-7.928988, 53.488431], [-7.90853, 53.488431], [-7.90853, 53.481366], [-7.913828, 53.478128], [-7.916772, 53.475184], [-7.91898, 53.471652], [-7.922218, 53.467825], [-7.901612, 53.467236], [-7.894842, 53.467825], [-7.894842, 53.461055], [-7.957836, 53.454579], [-7.977558, 53.461349], [-7.976822, 53.488431], [-7.983004, 53.488431], [-7.992276, 53.475773], [-7.998605, 53.491669], [-8.004198, 53.529347], [-7.983004, 53.536118], [-7.990952, 53.541416], [-7.996545, 53.556429], [-8.004198, 53.562905], [-8.01244, 53.561727], [-8.018328, 53.554957], [-8.025687, 53.552013], [-8.038197, 53.562905], [-8.031427, 53.570264], [-8.041141, 53.570264], [-8.047764, 53.571736], [-8.059244, 53.577034], [-8.059244, 53.584688], [-8.053946, 53.587631], [-8.045115, 53.59499], [-8.038197, 53.598228], [-8.045262, 53.607059], [-8.05424, 53.625016], [-8.059244, 53.631786], [-8.059244, 53.639145], [-8.047322, 53.64827], [-8.033046, 53.662989], [-8.018033, 53.672703], [-8.004198, 53.666521], [-8.01141, 53.642089], [-8.011116, 53.632963], [-8.004198, 53.618245], [-7.980355, 53.593224], [-7.972112, 53.580861], [-7.976822, 53.570264], [-7.976822, 53.562905], [-7.958719, 53.552896], [-7.951654, 53.550541], [-7.938996, 53.549658], [-7.925603, 53.554074], [-7.911326, 53.560844], [-7.899699, 53.562316], [-7.894842, 53.549658], [-7.879388, 53.558195], [-7.866583, 53.560844]]]}}, {"type": "Feature", "properties": {"featurecla": "Lake", "scalerank": 8, "name": "Loch Lochy", "name_en": "Loch Lochy", "src": "ne_10m_lakes"}, "geometry": {"type": "Polygon", "coordinates": [[[-4.958118, 56.931608], [-4.969157, 56.926898], [-4.974897, 56.933668], [-4.974161, 56.943677], [-4.965183, 56.948681], [-4.933686, 56.962516], [-4.899245, 56.990775], [-4.864658, 57.013147], [-4.83581, 57.010203], [-4.839048, 57.009026], [-4.841844, 57.006671], [-4.844788, 57.004021], [-4.854944, 56.99784], [-4.864363, 56.990481], [-4.882467, 56.973113], [-4.891592, 56.966637], [-4.914405, 56.958395], [-4.931331, 56.946326], [-4.949434, 56.938084], [-4.958118, 56.931608]]]}}, {"type": "Feature", "properties": {"featurecla": "Lake", "scalerank": 8, "name": "Bolmen", "name_en": "Bolmen", "src": "ne_10m_lakes"}, "geometry": {"type": "Polygon", "coordinates": [[[13.803179, 57.053769], [13.821136, 57.046704], [13.828495, 57.031103], [13.824079, 57.014913], [13.821724, 57.010203], [13.814365, 57.004021], [13.798175, 56.998428], [13.766384, 56.975174], [13.762557, 56.964577], [13.774037, 56.948681], [13.768445, 56.937789], [13.768739, 56.914829], [13.766384, 56.900405], [13.761085, 56.88657], [13.752843, 56.872146], [13.73577, 56.849775], [13.696325, 56.822987], [13.694559, 56.818278], [13.685139, 56.813568], [13.673071, 56.802088], [13.662473, 56.788547], [13.656586, 56.777361], [13.667772, 56.770296], [13.663357, 56.765292], [13.650993, 56.762937], [13.636864, 56.76382], [13.643634, 56.783543], [13.642162, 56.798261], [13.630976, 56.804442], [13.609488, 56.797966], [13.615375, 56.808269], [13.616847, 56.818278], [13.61302, 56.82652], [13.602718, 56.832113], [13.609782, 56.842121], [13.619496, 56.846537], [13.631271, 56.849186], [13.643634, 56.853013], [13.635686, 56.853601], [13.616847, 56.860077], [13.631565, 56.874207], [13.638336, 56.883626], [13.643634, 56.894224], [13.595653, 56.889219], [13.582406, 56.894224], [13.616847, 56.914535], [13.611548, 56.919539], [13.602718, 56.93514], [13.630682, 56.949858], [13.658352, 57.009614], [13.684845, 57.017562], [13.67778, 57.010203], [13.694853, 57.018151], [13.702801, 57.028454], [13.699858, 57.039934], [13.684845, 57.051708], [13.738419, 57.075552], [13.761085, 57.073491], [13.766384, 57.044938], [13.782574, 57.052886], [13.803179, 57.053769]]]}}, {"type": "Feature", "properties": {"featurecla": "Lake", "scalerank": 8, "name": "\u00c5snen", "name_en": "\u00c5snen", "src": "ne_10m_lakes"}, "geometry": {"type": "Polygon", "coordinates": [[[14.83993, 56.643131], [14.855237, 56.622231], [14.863185, 56.612811], [14.856414, 56.598388], [14.848761, 56.589557], [14.839341, 56.588085], [14.8258, 56.596033], [14.817558, 56.602214], [14.811965, 56.604864], [14.806372, 56.602803], [14.79813, 56.596033], [14.791654, 56.592795], [14.787827, 56.596916], [14.784295, 56.603097], [14.777525, 56.606041], [14.756625, 56.597799], [14.767811, 56.578076], [14.789594, 56.55541], [14.801368, 56.537749], [14.777525, 56.543342], [14.766045, 56.548051], [14.76104, 56.555116], [14.758097, 56.563064], [14.751621, 56.56954], [14.733664, 56.578665], [14.714236, 56.557177], [14.704522, 56.549229], [14.692159, 56.544519], [14.680385, 56.568657], [14.676558, 56.587202], [14.669787, 56.590145], [14.660957, 56.590145], [14.650948, 56.593089], [14.638291, 56.602803], [14.629754, 56.613106], [14.625044, 56.626058], [14.623867, 56.64372], [14.615624, 56.673745], [14.599729, 56.703181], [14.589132, 56.732912], [14.595902, 56.76382], [14.601495, 56.760877], [14.605322, 56.757639], [14.607677, 56.754106], [14.610032, 56.749985], [14.627105, 56.710246], [14.637407, 56.674922], [14.640645, 56.67139], [14.655069, 56.646369], [14.654481, 56.640187], [14.668021, 56.641953], [14.676852, 56.647252], [14.678618, 56.655789], [14.671554, 56.667563], [14.687155, 56.674628], [14.695397, 56.675805], [14.7057, 56.674922], [14.701284, 56.700826], [14.70099, 56.715545], [14.7057, 56.729674], [14.731604, 56.712601], [14.765161, 56.67345], [14.788416, 56.661382], [14.805195, 56.66197], [14.816675, 56.660498], [14.829333, 56.654022], [14.83993, 56.643131]]]}}, {"type": "Feature", "properties": {"featurecla": "Lake", "scalerank": 8, "name": "Foxen", "name_en": "Lake Foxen", "src": "ne_10m_lakes"}, "geometry": {"type": "Polygon", "coordinates": [[[12.211258, 59.046025], [12.184766, 59.042199], [12.18035, 59.028069], [12.197423, 58.991274], [12.180939, 58.998044], [12.167692, 59.008935], [12.15739, 59.022771], [12.149147, 59.038666], [12.163277, 59.043376], [12.170342, 59.055151], [12.172108, 59.070752], [12.170047, 59.086942], [12.166809, 59.101071], [12.162099, 59.111374], [12.15474, 59.119322], [12.043176, 59.185848], [12.012562, 59.193796], [11.989602, 59.212341], [11.959871, 59.219995], [11.889813, 59.249725], [11.872445, 59.277396], [11.848602, 59.333913], [11.836827, 59.32626], [11.827996, 59.316252], [11.813867, 59.292997], [11.823875, 59.268859], [11.827702, 59.249137], [11.827407, 59.200272], [11.831823, 59.187026], [11.841831, 59.184082], [11.854195, 59.184082], [11.86538, 59.179372], [11.868618, 59.173485], [11.867735, 59.161122], [11.869207, 59.155234], [11.885397, 59.134923], [11.895994, 59.115201], [11.896583, 59.109902], [11.882748, 59.086942], [11.876272, 59.071341], [11.874506, 59.061627], [11.875978, 59.035428], [11.884514, 59.015117], [11.901587, 58.9951], [11.912479, 58.975672], [11.903353, 58.956539], [11.927491, 58.926219], [11.931024, 58.919154], [11.926314, 58.905614], [11.915422, 58.911795], [11.903942, 58.92563], [11.873623, 58.980088], [11.856844, 58.992745], [11.827407, 58.998338], [11.838593, 59.012468], [11.840065, 59.026009], [11.831823, 59.037489], [11.813867, 59.046025], [11.83094, 59.058683], [11.831234, 59.075756], [11.820931, 59.091652], [11.807096, 59.101366], [11.840948, 59.102543], [11.849485, 59.116967], [11.841243, 59.137867], [11.824464, 59.158178], [11.815339, 59.164065], [11.80533, 59.168775], [11.796794, 59.175251], [11.793556, 59.186437], [11.795322, 59.217345], [11.793556, 59.230297], [11.77972, 59.265032], [11.77766, 59.275924], [11.776777, 59.285343], [11.775011, 59.294174], [11.769418, 59.303005], [11.718198, 59.350103], [11.704069, 59.36806], [11.759115, 59.332147], [11.790023, 59.317135], [11.813867, 59.319784], [11.826524, 59.342744], [11.822109, 59.368354], [11.808568, 59.391903], [11.793556, 59.408388], [11.809157, 59.416335], [11.817105, 59.422517], [11.820048, 59.431937], [11.821226, 59.450187], [11.819165, 59.456663], [11.815044, 59.461962], [11.814161, 59.468143], [11.821226, 59.477269], [11.833295, 59.483745], [11.84713, 59.485805], [11.856255, 59.481979], [11.855372, 59.470498], [11.841831, 59.456958], [11.848896, 59.443123], [11.851251, 59.427227], [11.85655, 59.41398], [11.887163, 59.403383], [11.900704, 59.393964], [11.911007, 59.390431], [11.916894, 59.402206], [11.908946, 59.431054], [11.910713, 59.442534], [11.943976, 59.422223], [11.963404, 59.415747], [12.005203, 59.408388], [12.005203, 59.402206], [11.953395, 59.408388], [11.9375, 59.402206], [11.943093, 59.384838], [11.930141, 59.372769], [11.912184, 59.362761], [11.903353, 59.350692], [11.899821, 59.343333], [11.885986, 59.328909], [11.88628, 59.323022], [11.894817, 59.316546], [11.900115, 59.314191], [11.90247, 59.309187], [11.904531, 59.283283], [11.908063, 59.278573], [11.914539, 59.276512], [11.931024, 59.267093], [11.944564, 59.262089], [11.95104, 59.258262], [11.956633, 59.251786], [11.964287, 59.237068], [11.971352, 59.230297], [11.980182, 59.225882], [12.048475, 59.204688], [12.063782, 59.197034], [12.126776, 59.153174], [12.154152, 59.144343], [12.171813, 59.134629], [12.187709, 59.123149], [12.197423, 59.114318], [12.204782, 59.095773], [12.203899, 59.061627], [12.211258, 59.046025]]]}}, {"type": "Feature", "properties": {"featurecla": "Lake", "scalerank": 8, "name": "M\u00fcritz", "name_en": "M\u00fcritz", "src": "ne_10m_lakes"}, "geometry": {"type": "Polygon", "coordinates": [[[12.767018, 53.436917], [12.780264, 53.423965], [12.787035, 53.406303], [12.784091, 53.388936], [12.772611, 53.383637], [12.757304, 53.382165], [12.742586, 53.3751], [12.706673, 53.347725], [12.697842, 53.337716], [12.717565, 53.344487], [12.713738, 53.335067], [12.707262, 53.330063], [12.699608, 53.330357], [12.691661, 53.337716], [12.690483, 53.343898], [12.696076, 53.360088], [12.697842, 53.36833], [12.693721, 53.388641], [12.683418, 53.399827], [12.668111, 53.403065], [12.656926, 53.402771], [12.657809, 53.407186], [12.656926, 53.412779], [12.646328, 53.400121], [12.634848, 53.397178], [12.629255, 53.402182], [12.63632, 53.412779], [12.628667, 53.425142], [12.615715, 53.431324], [12.598936, 53.431618], [12.581568, 53.426908], [12.581568, 53.433679], [12.605706, 53.446925], [12.638086, 53.487842], [12.656926, 53.501971], [12.653688, 53.510214], [12.665756, 53.514923], [12.683713, 53.514629], [12.697842, 53.508742], [12.669878, 53.49785], [12.664579, 53.490491], [12.723452, 53.451046], [12.735521, 53.447514], [12.750828, 53.444865], [12.767018, 53.436917]]]}}, {"type": "Feature", "properties": {"featurecla": "Lake", "scalerank": 8, "name": "Schweriner See", "name_en": "Schweriner", "src": "ne_10m_lakes"}, "geometry": {"type": "Polygon", "coordinates": [[[11.452682, 53.756891], [11.495659, 53.781029], [11.533926, 53.790154], [11.525979, 53.783089], [11.491832, 53.769548], [11.49772, 53.753653], [11.498897, 53.73658], [11.494776, 53.721861], [11.484768, 53.714208], [11.484768, 53.708026], [11.487711, 53.698901], [11.48153, 53.69478], [11.470049, 53.695369], [11.457686, 53.700667], [11.463868, 53.686243], [11.473287, 53.676235], [11.48153, 53.664166], [11.484768, 53.642677], [11.488889, 53.637673], [11.506551, 53.626193], [11.512143, 53.618245], [11.510966, 53.612652], [11.505667, 53.608237], [11.498897, 53.607059], [11.491832, 53.61118], [11.475937, 53.606176], [11.457392, 53.609709], [11.438847, 53.617362], [11.424129, 53.625604], [11.42825, 53.634141], [11.436786, 53.642972], [11.4465, 53.650036], [11.454448, 53.652686], [11.455331, 53.679179], [11.457686, 53.687126], [11.437669, 53.687126], [11.443262, 53.700667], [11.427661, 53.72716], [11.452682, 53.756891]]]}}, {"type": "Feature", "properties": {"featurecla": "Lake", "scalerank": 8, "name": "Upper Lough Erne", "name_en": "Upper Erne", "src": "ne_10m_lakes"}, "geometry": {"type": "Polygon", "coordinates": [[[-7.458447, 54.193727], [-7.448586, 54.179009], [-7.434898, 54.16694], [-7.444318, 54.161053], [-7.460508, 54.154282], [-7.477728, 54.150456], [-7.490091, 54.153105], [-7.493035, 54.164291], [-7.489797, 54.177831], [-7.492593, 54.189312], [-7.513788, 54.194021], [-7.524532, 54.19932], [-7.540133, 54.222869], [-7.554704, 54.228168], [-7.569864, 54.230523], [-7.613135, 54.248773], [-7.613135, 54.255544], [-7.595621, 54.257604], [-7.568834, 54.274972], [-7.551025, 54.276738], [-7.546609, 54.26879], [-7.542341, 54.266729], [-7.537631, 54.266435], [-7.531744, 54.262903], [-7.528359, 54.257898], [-7.525268, 54.250539], [-7.523649, 54.244358], [-7.524385, 54.242591], [-7.514376, 54.23847], [-7.489355, 54.232877], [-7.47655, 54.228168], [-7.478464, 54.223752], [-7.481407, 54.212272], [-7.483468, 54.207857], [-7.468603, 54.205207], [-7.458447, 54.193727]]]}}, {"type": "Feature", "properties": {"featurecla": "Lake", "scalerank": 9, "name": "Lago di Bracciano", "name_en": "Bracciano", "src": "ne_10m_lakes"}, "geometry": {"type": "Polygon", "coordinates": [[[11.976944, 42.639935], [11.98813, 42.631398], [11.99961, 42.620213], [11.99961, 42.612854], [11.993134, 42.60049], [11.994901, 42.561045], [11.985187, 42.544267], [11.963698, 42.53573], [11.941032, 42.537496], [11.919838, 42.546033], [11.870385, 42.579296], [11.859493, 42.592837], [11.861554, 42.612854], [11.875389, 42.631987], [11.893934, 42.642584], [11.944859, 42.653476], [11.963404, 42.647], [11.976944, 42.639935]]]}}, {"type": "Feature", "properties": {"featurecla": "Lake", "scalerank": 9, "name": null, "name_en": null, "src": "ne_10m_lakes"}, "geometry": {"type": "Polygon", "coordinates": [[[21.030113, 40.842253], [21.030408, 40.844903], [21.030408, 40.844903], [21.030113, 40.841959], [21.030113, 40.842253]]]}}, {"type": "Feature", "properties": {"featurecla": "Lake", "scalerank": 9, "name": null, "name_en": null, "src": "ne_10m_lakes"}, "geometry": {"type": "Polygon", "coordinates": [[[21.030408, 40.840193], [21.030996, 40.839898], [21.031291, 40.839604], [21.030996, 40.839604], [21.030408, 40.840193]]]}}, {"type": "Feature", "properties": {"featurecla": "Lake", "scalerank": 9, "name": null, "name_en": null, "src": "ne_10m_lakes"}, "geometry": {"type": "Polygon", "coordinates": [[[21.032174, 40.839604], [21.034529, 40.839898], [21.036, 40.839604], [21.037472, 40.838721], [21.036, 40.83931], [21.034529, 40.839604], [21.032174, 40.839604]]]}}, {"type": "Feature", "properties": {"featurecla": "Lake", "scalerank": 9, "name": null, "name_en": null, "src": "ne_10m_lakes"}, "geometry": {"type": "Polygon", "coordinates": [[[21.024226, 40.844903], [21.008919, 40.816644], [20.945042, 40.785441], [20.92061, 40.762481], [20.907658, 40.776021], [20.914134, 40.790151], [20.923259, 40.799865], [20.932973, 40.808107], [20.941215, 40.816938], [20.942098, 40.824003], [20.940921, 40.833128], [20.940626, 40.84137], [20.944748, 40.844903], [20.951812, 40.846669], [20.96918, 40.858443], [20.953873, 40.866097], [20.935328, 40.877577], [20.926791, 40.891706], [20.941215, 40.906425], [20.950635, 40.884936], [20.970063, 40.89259], [20.984487, 40.910546], [20.978894, 40.920554], [20.968002, 40.923203], [20.941215, 40.94116], [20.927969, 40.939982], [20.917372, 40.94322], [20.907658, 40.9547], [20.90648, 40.969124], [20.915311, 40.981782], [20.944748, 41.00592], [20.964764, 41.015928], [20.985959, 41.014751], [21.030408, 41.002682], [21.030702, 41.007392], [21.02923, 41.008569], [21.026581, 41.008275], [21.024226, 41.009452], [21.031585, 41.01063], [21.037472, 41.010041], [21.042182, 41.007392], [21.044537, 41.002682], [21.058372, 40.985903], [21.060727, 40.977072], [21.06632, 40.974423], [21.073385, 40.973245], [21.078978, 40.968536], [21.093107, 40.924675], [21.102821, 40.910251], [21.119894, 40.861976], [21.115479, 40.846963], [21.105176, 40.835483], [21.078978, 40.816938], [21.071913, 40.829301], [21.062493, 40.838721], [21.049247, 40.844314], [21.030408, 40.844903], [21.024226, 40.844903]]]}}, {"type": "Feature", "properties": {"featurecla": "Lake", "scalerank": 9, "name": null, "name_en": null, "src": "ne_10m_lakes"}, "geometry": {"type": "Polygon", "coordinates": [[[21.116362, 40.798687], [21.12902, 40.768368], [21.130197, 40.762481], [21.123427, 40.757476], [21.10341, 40.733339], [21.099289, 40.725096], [21.085748, 40.715382], [21.019516, 40.686535], [20.996261, 40.680353], [20.996261, 40.688007], [21.020105, 40.69566], [21.051896, 40.711261], [21.0778, 40.732456], [21.085159, 40.755416], [21.080449, 40.760126], [21.054545, 40.773078], [21.050719, 40.779554], [21.054251, 40.783969], [21.065142, 40.790445], [21.074268, 40.800454], [21.084865, 40.807518], [21.097523, 40.811051], [21.113124, 40.810756], [21.116362, 40.798687]]]}}, {"type": "Feature", "properties": {"featurecla": "Lake", "scalerank": 9, "name": null, "name_en": null, "src": "ne_10m_lakes"}, "geometry": {"type": "Polygon", "coordinates": [[[14.387492, 51.6463], [14.399267, 51.6672], [14.417517, 51.651598], [14.408392, 51.645122], [14.400739, 51.637469], [14.390436, 51.623928], [14.394263, 51.614509], [14.39338, 51.606266], [14.387492, 51.600085], [14.37719, 51.596552], [14.387492, 51.6463]]]}}, {"type": "Feature", "properties": {"featurecla": "Lake", "scalerank": 9, "name": "Lauwerszee", "name_en": "Lauwersmeer", "src": "ne_10m_lakes"}, "geometry": {"type": "Polygon", "coordinates": [[[6.218888, 53.36362], [6.247147, 53.360971], [6.263042, 53.351846], [6.251268, 53.341543], [6.218593, 53.340071], [6.153245, 53.344487], [6.146769, 53.354789], [6.150301, 53.363326], [6.157071, 53.371568], [6.167668, 53.401299], [6.184742, 53.406892], [6.206819, 53.402771], [6.228896, 53.392762], [6.220654, 53.386581], [6.211823, 53.38452], [6.203286, 53.386581], [6.19475, 53.392762], [6.195633, 53.370685], [6.218888, 53.36362]]]}}, {"type": "Feature", "properties": {"featurecla": "Lake", "scalerank": 9, "name": null, "name_en": null, "src": "ne_10m_lakes"}, "geometry": {"type": "Polygon", "coordinates": [[[13.191196, 52.515263], [13.197967, 52.515263], [13.219161, 52.507609], [13.206798, 52.50025], [13.197967, 52.487004], [13.192963, 52.471697], [13.191196, 52.456979], [13.189136, 52.450503], [13.183837, 52.440789], [13.177361, 52.431958], [13.170591, 52.426365], [13.163232, 52.438434], [13.144687, 52.438728], [13.102593, 52.432546], [13.114073, 52.441966], [13.176773, 52.466987], [13.18472, 52.482294], [13.191196, 52.515263]]]}}, {"type": "Feature", "properties": {"featurecla": "Lake", "scalerank": 9, "name": null, "name_en": null, "src": "ne_10m_lakes"}, "geometry": {"type": "Polygon", "coordinates": [[[12.843552, 53.221148], [12.849145, 53.217616], [12.856504, 53.214672], [12.842081, 53.210256], [12.814705, 53.214378], [12.799987, 53.207313], [12.794982, 53.216144], [12.793511, 53.224386], [12.797043, 53.231156], [12.80764, 53.235277], [12.80764, 53.214672], [12.814999, 53.216733], [12.829717, 53.224092], [12.83531, 53.228213], [12.843552, 53.221148]]]}}, {"type": "Feature", "properties": {"featurecla": "Lake", "scalerank": 9, "name": null, "name_en": null, "src": "ne_10m_lakes"}, "geometry": {"type": "Polygon", "coordinates": [[[12.489727, 52.414885], [12.492965, 52.412235], [12.495908, 52.39163], [12.490904, 52.379561], [12.478247, 52.371613], [12.45823, 52.364254], [12.430854, 52.371024], [12.430854, 52.378089], [12.437624, 52.380444], [12.443217, 52.383388], [12.440568, 52.388686], [12.409071, 52.398106], [12.389937, 52.398989], [12.404067, 52.404876], [12.451459, 52.405759], [12.489727, 52.414885]]]}}, {"type": "Feature", "properties": {"featurecla": "Lake", "scalerank": 9, "name": null, "name_en": null, "src": "ne_10m_lakes"}, "geometry": {"type": "Polygon", "coordinates": [[[12.940693, 52.373968], [12.931273, 52.398989], [12.923619, 52.408703], [12.913905, 52.416945], [12.890062, 52.432546], [12.89801, 52.433135], [12.903603, 52.431663], [12.911256, 52.426365], [12.943342, 52.413118], [12.951584, 52.405759], [12.948346, 52.394573], [12.950701, 52.382505], [12.957471, 52.371907], [12.965714, 52.364254], [12.948935, 52.365431], [12.940693, 52.373968]]]}}, {"type": "Feature", "properties": {"featurecla": "Lake", "scalerank": 9, "name": null, "name_en": null, "src": "ne_10m_lakes"}, "geometry": {"type": "Polygon", "coordinates": [[[12.980726, 52.353068], [12.985436, 52.351891], [12.992795, 52.350713], [12.973661, 52.343943], [12.931273, 52.316567], [12.936866, 52.332463], [12.946874, 52.348947], [12.959238, 52.359839], [12.971895, 52.358072], [12.976605, 52.354834], [12.980726, 52.353068]]]}}, {"type": "Feature", "properties": {"featurecla": "Lake", "scalerank": 9, "name": null, "name_en": null, "src": "ne_10m_lakes"}, "geometry": {"type": "Polygon", "coordinates": [[[13.681018, 52.445793], [13.683668, 52.445793], [13.685434, 52.444321], [13.684845, 52.439317], [13.651288, 52.432252], [13.633626, 52.431663], [13.623323, 52.439317], [13.628033, 52.450208], [13.6454, 52.454035], [13.665417, 52.452563], [13.67778, 52.44697], [13.681018, 52.445793]]]}}, {"type": "Feature", "properties": {"featurecla": "Lake", "scalerank": 9, "name": null, "name_en": null, "src": "ne_10m_lakes"}, "geometry": {"type": "Polygon", "coordinates": [[[14.214701, 52.088729], [14.230302, 52.086374], [14.246492, 52.089907], [14.246492, 52.083725], [14.237661, 52.082253], [14.231479, 52.079898], [14.226181, 52.075777], [14.219116, 52.069595], [14.226181, 52.06047], [14.227358, 52.048401], [14.222943, 52.036921], [14.21264, 52.028385], [14.208519, 52.031328], [14.204987, 52.0328], [14.192329, 52.035449], [14.19645, 52.029562], [14.198805, 52.022792], [14.197039, 52.017199], [14.188796, 52.014844], [14.182909, 52.019848], [14.18497, 52.030739], [14.18968, 52.040453], [14.192329, 52.042808], [14.197627, 52.074011], [14.196156, 52.088435], [14.18497, 52.097266], [14.18497, 52.10433], [14.21264, 52.11169], [14.206753, 52.097266], [14.214701, 52.088729]]]}}, {"type": "Feature", "properties": {"featurecla": "Lake", "scalerank": 9, "name": "Jezioro D\u0105bie", "name_en": "D\u0105bie", "src": "ne_10m_lakes"}, "geometry": {"type": "Polygon", "coordinates": [[[14.704228, 53.467531], [14.711587, 53.460172], [14.714825, 53.451341], [14.7057, 53.439861], [14.665078, 53.434268], [14.652714, 53.427497], [14.671554, 53.412779], [14.663017, 53.408364], [14.652714, 53.406303], [14.641823, 53.40748], [14.630637, 53.412779], [14.634169, 53.417194], [14.635347, 53.420727], [14.635936, 53.425731], [14.637407, 53.433679], [14.630637, 53.426908], [14.607677, 53.443099], [14.609737, 53.456639], [14.623867, 53.461643], [14.637407, 53.453696], [14.646827, 53.466353], [14.648593, 53.481955], [14.64771, 53.499028], [14.652126, 53.524637], [14.651243, 53.530819], [14.652714, 53.534646], [14.661545, 53.536118], [14.676852, 53.536118], [14.681562, 53.534057], [14.685683, 53.529347], [14.686861, 53.519633], [14.690687, 53.511685], [14.697163, 53.506092], [14.7057, 53.501971], [14.699813, 53.481071], [14.699518, 53.474595], [14.704228, 53.467531]]]}}, {"type": "Feature", "properties": {"featurecla": "Lake", "scalerank": 9, "name": null, "name_en": null, "src": "ne_10m_lakes"}, "geometry": {"type": "Polygon", "coordinates": [[[30.180716, 61.795092], [30.183071, 61.781846], [30.152163, 61.78685], [30.15805, 61.781257], [30.165409, 61.771543], [30.172769, 61.766539], [30.165115, 61.759768], [30.172769, 61.752115], [30.158639, 61.750054], [30.14186, 61.750937], [30.126553, 61.749171], [30.117428, 61.738574], [30.121549, 61.730332], [30.133029, 61.723561], [30.142155, 61.714142], [30.138328, 61.697657], [30.124493, 61.706783], [30.082399, 61.723267], [30.069741, 61.725622], [30.052962, 61.717968], [30.053845, 61.706783], [30.065914, 61.69648], [30.083282, 61.690887], [30.070919, 61.686472], [30.052079, 61.686766], [30.033534, 61.690887], [30.021171, 61.697657], [30.016756, 61.705311], [30.017639, 61.721206], [30.014989, 61.732392], [30.025292, 61.743284], [30.03324, 61.778019], [30.042365, 61.793031], [30.029119, 61.805689], [30.014989, 61.804806], [30.002626, 61.795092], [29.994384, 61.780079], [29.979666, 61.790382], [29.971424, 61.786261], [29.959649, 61.759768], [29.950524, 61.751232], [29.933745, 61.74034], [29.915789, 61.733275], [29.901659, 61.735336], [29.849851, 61.768305], [29.843081, 61.783612], [29.847791, 61.800685], [29.85986, 61.804512], [29.877521, 61.803923], [29.898127, 61.807455], [29.890768, 61.814814], [29.898716, 61.817169], [29.918732, 61.828061], [29.885469, 61.839247], [29.873989, 61.847489], [29.877227, 61.862207], [29.883409, 61.864562], [29.894889, 61.867505], [29.906369, 61.868683], [29.911373, 61.865739], [29.913728, 61.857791], [29.919321, 61.862796], [29.924031, 61.872215], [29.925503, 61.876336], [29.931096, 61.884873], [29.935511, 61.894587], [29.941987, 61.903712], [29.952879, 61.909894], [29.972012, 61.911071], [30.009396, 61.903418], [30.02853, 61.903124], [30.022643, 61.914604], [30.012046, 61.921374], [29.987025, 61.930499], [29.997328, 61.945512], [29.986142, 61.951399], [29.946108, 61.951399], [29.947874, 61.955815], [29.950818, 61.967001], [29.952879, 61.971416], [29.938455, 61.973477], [29.922559, 61.977598], [29.910196, 61.984662], [29.904897, 61.995848], [29.897244, 62.008506], [29.879288, 62.014393], [29.843081, 62.019692], [29.844847, 62.024107], [29.848379, 62.035882], [29.85044, 62.040297], [29.782442, 62.055899], [29.76478, 62.050894], [29.748296, 62.042652], [29.731811, 62.045007], [29.722391, 62.056487], [29.72769, 62.075032], [29.7115, 62.077681], [29.695604, 62.084157], [29.681769, 62.0924], [29.67235, 62.102408], [29.687362, 62.105352], [29.701786, 62.100053], [29.717093, 62.0924], [29.73446, 62.088573], [29.802459, 62.088573], [29.845436, 62.076504], [29.877227, 62.072089], [29.882231, 62.065024], [29.882231, 62.056193], [29.884586, 62.047656], [29.889002, 62.039414], [29.891062, 62.032644], [29.896066, 62.028228], [29.921087, 62.024696], [30.039127, 61.958464], [30.076806, 61.923729], [30.076512, 61.889288], [30.092407, 61.885756], [30.133618, 61.882224], [30.152163, 61.883107], [30.144215, 61.871921], [30.147453, 61.866328], [30.154518, 61.862501], [30.158933, 61.856614], [30.156873, 61.836892], [30.154812, 61.827766], [30.152163, 61.828061], [30.180716, 61.795092]]]}}, {"type": "Feature", "properties": {"featurecla": "Lake", "scalerank": 9, "name": null, "name_en": null, "src": "ne_10m_lakes"}, "geometry": {"type": "Polygon", "coordinates": [[[25.123835, 61.394462], [25.162986, 61.382982], [25.077031, 61.382393], [25.030227, 61.375623], [25.025812, 61.355018], [24.997553, 61.351485], [24.978714, 61.362377], [24.962818, 61.379744], [24.94339, 61.395934], [24.937208, 61.397995], [24.921607, 61.40035], [24.916014, 61.402705], [24.91101, 61.408886], [24.914248, 61.418011], [24.909244, 61.423899], [24.868327, 61.44421], [24.807688, 61.45569], [24.78826, 61.466876], [24.793559, 61.491602], [24.809749, 61.505438], [24.835358, 61.516329], [24.863617, 61.520156], [24.888638, 61.513385], [24.868327, 61.505732], [24.890404, 61.49749], [24.918958, 61.496018], [24.974592, 61.498962], [24.984601, 61.501316], [25.003735, 61.511031], [25.015509, 61.513385], [25.047595, 61.506026], [25.059958, 61.505732], [25.102346, 61.482183], [25.115299, 61.472174], [25.104701, 61.468053], [25.071733, 61.459222], [25.059958, 61.458045], [25.0473, 61.459811], [25.019041, 61.472174], [24.95487, 61.490425], [24.921901, 61.491897], [24.888638, 61.485421], [24.895997, 61.480711], [24.900118, 61.476296], [24.909244, 61.464815], [24.874214, 61.472469], [24.861262, 61.472174], [24.881279, 61.447742], [24.91778, 61.427725], [24.991666, 61.402705], [25.123835, 61.394462]]]}}, {"type": "Feature", "properties": {"featurecla": "Lake", "scalerank": 9, "name": null, "name_en": null, "src": "ne_10m_lakes"}, "geometry": {"type": "Polygon", "coordinates": [[[23.764462, 63.102363], [23.755631, 63.094121], [23.730021, 63.089705], [23.70971, 63.079991], [23.681745, 63.074693], [23.669676, 63.067922], [23.666438, 63.060858], [23.661728, 63.040547], [23.656136, 63.033187], [23.630231, 63.026417], [23.614041, 63.036131], [23.594025, 63.067922], [23.533974, 63.115315], [23.525732, 63.133566], [23.530148, 63.155937], [23.542217, 63.177131], [23.559878, 63.192438], [23.58019, 63.198326], [23.608743, 63.195971], [23.621401, 63.199503], [23.628171, 63.212161], [23.624933, 63.216576], [23.608154, 63.234238], [23.601384, 63.239242], [23.601384, 63.246896], [23.609332, 63.247779], [23.616102, 63.246307], [23.628171, 63.239242], [23.716775, 63.205979], [23.739146, 63.190967], [23.749155, 63.175365], [23.751215, 63.15682], [23.750921, 63.133566], [23.754453, 63.126206], [23.761518, 63.120614], [23.766522, 63.113843], [23.764462, 63.102363]]]}}, {"type": "Feature", "properties": {"featurecla": "Lake", "scalerank": 9, "name": "Pyh\u00e4j\u00e4rvi", "name_en": "Pyh\u00e4j\u00e4rvi", "src": "ne_10m_lakes"}, "geometry": {"type": "Polygon", "coordinates": [[[22.389192, 60.937904], [22.398318, 60.930544], [22.398318, 60.925246], [22.391253, 60.902285], [22.388015, 60.895809], [22.376535, 60.8911], [22.337679, 60.882563], [22.325904, 60.881974], [22.309125, 60.891394], [22.147519, 61.018559], [22.129858, 61.037693], [22.137217, 61.046524], [22.150463, 61.051528], [22.152229, 61.063008], [22.147814, 61.081259], [22.159588, 61.090973], [22.172246, 61.093917], [22.186081, 61.09215], [22.20286, 61.088029], [22.234357, 61.060948], [22.33238, 61.023269], [22.35328, 60.988829], [22.359462, 60.974699], [22.389192, 60.937904]]]}}, {"type": "Feature", "properties": {"featurecla": "Lake", "scalerank": 9, "name": null, "name_en": null, "src": "ne_10m_lakes"}, "geometry": {"type": "Polygon", "coordinates": [[[23.984352, 60.2173], [23.95727, 60.206703], [23.954621, 60.198461], [23.963746, 60.183743], [23.923124, 60.183448], [23.907228, 60.187275], [23.909289, 60.196695], [23.896925, 60.202582], [23.884268, 60.204937], [23.871904, 60.203171], [23.860719, 60.196695], [23.88574, 60.175795], [23.885445, 60.158427], [23.867783, 60.151657], [23.840407, 60.162548], [23.850122, 60.165198], [23.858069, 60.169613], [23.863957, 60.175795], [23.867783, 60.183743], [23.843645, 60.18963], [23.826572, 60.186392], [23.79272, 60.170202], [23.772998, 60.166964], [23.759752, 60.171085], [23.73061, 60.190513], [23.740324, 60.186098], [23.745622, 60.185509], [23.757691, 60.190513], [23.752393, 60.193162], [23.742384, 60.20111], [23.73738, 60.204348], [23.742384, 60.209352], [23.745622, 60.214651], [23.747977, 60.219949], [23.750921, 60.224659], [23.73061, 60.224659], [23.740912, 60.2382], [23.778885, 60.257628], [23.795959, 60.269108], [23.815681, 60.278234], [23.895159, 60.286181], [23.875731, 60.27529], [23.856303, 60.267636], [23.813032, 60.258806], [23.817153, 60.252918], [23.81627, 60.248797], [23.814209, 60.244676], [23.813032, 60.2382], [23.860719, 60.252624], [23.959625, 60.267636], [24.004957, 60.286181], [24.018203, 60.276467], [24.028212, 60.266459], [24.038809, 60.262927], [24.053233, 60.272641], [24.032333, 60.301488], [24.025268, 60.306493], [24.010844, 60.304432], [23.995832, 60.296484], [23.981114, 60.291186], [23.967278, 60.296484], [23.977581, 60.306198], [24.004957, 60.319445], [24.035277, 60.32386], [24.053233, 60.306493], [24.072955, 60.272641], [24.067362, 60.260572], [24.058237, 60.25439], [24.032627, 60.245265], [23.984352, 60.2173]]]}}, {"type": "Feature", "properties": {"featurecla": "Lake", "scalerank": 9, "name": null, "name_en": null, "src": "ne_10m_lakes"}, "geometry": {"type": "Polygon", "coordinates": [[[29.329121, 60.594086], [29.376514, 60.551992], [29.394764, 60.529032], [29.376808, 60.519023], [29.367388, 60.523733], [29.33648, 60.546105], [29.322351, 60.55317], [29.26024, 60.565239], [29.240517, 60.574069], [29.262595, 60.594969], [29.280551, 60.608216], [29.298507, 60.609393], [29.322351, 60.594086], [29.329121, 60.594086]]]}}, {"type": "Feature", "properties": {"featurecla": "Lake", "scalerank": 9, "name": null, "name_en": null, "src": "ne_10m_lakes"}, "geometry": {"type": "Polygon", "coordinates": [[[34.120192, 61.932854], [34.127845, 61.926084], [34.133438, 61.916664], [34.11607, 61.918136], [34.057492, 61.916664], [34.052488, 61.932266], [34.0675, 61.939625], [34.089578, 61.940802], [34.106062, 61.937858], [34.098997, 61.94404], [34.120192, 61.932854]]]}}, {"type": "Feature", "properties": {"featurecla": "Lake", "scalerank": 9, "name": null, "name_en": null, "src": "ne_10m_lakes"}, "geometry": {"type": "Polygon", "coordinates": [[[34.092227, 62.034116], [34.144624, 61.979069], [34.166407, 61.944923], [34.153749, 61.930499], [34.142563, 61.937858], [34.122841, 61.972593], [34.112832, 61.984957], [34.092816, 61.994082], [34.049839, 62.006445], [34.030116, 62.019692], [34.04454, 62.035587], [34.059258, 62.042358], [34.075154, 62.04118], [34.092227, 62.034116]]]}}, {"type": "Feature", "properties": {"featurecla": "Lake", "scalerank": 9, "name": null, "name_en": null, "src": "ne_10m_lakes"}, "geometry": {"type": "Polygon", "coordinates": [[[34.161108, 62.053838], [34.201436, 62.01145], [34.214094, 61.989961], [34.202025, 61.984957], [34.181125, 61.997614], [34.127256, 62.061491], [34.101058, 62.077387], [34.047484, 62.101231], [34.023346, 62.116538], [34.031882, 62.120953], [34.040419, 62.12213], [34.048955, 62.120659], [34.057492, 62.116538], [34.073388, 62.104763], [34.109889, 62.095932], [34.127256, 62.088573], [34.161108, 62.053838]]]}}, {"type": "Feature", "properties": {"featurecla": "Lake", "scalerank": 9, "name": null, "name_en": null, "src": "ne_10m_lakes"}, "geometry": {"type": "Polygon", "coordinates": [[[33.376922, 61.967001], [33.406359, 61.958464], [33.417839, 61.949633], [33.417544, 61.946984], [33.40783, 61.944629], [33.392818, 61.937858], [33.386047, 61.936387], [33.377216, 61.936092], [33.369269, 61.934032], [33.366031, 61.927261], [33.366619, 61.912543], [33.366031, 61.909894], [33.336594, 61.897531], [33.302742, 61.891643], [33.235039, 61.889288], [33.246813, 61.868094], [33.221792, 61.857203], [33.182642, 61.855731], [33.153205, 61.862207], [33.167335, 61.862207], [33.158504, 61.876631], [33.141136, 61.88605], [33.041347, 61.914604], [33.037226, 61.924023], [32.988656, 61.938447], [32.972466, 61.951399], [32.989245, 61.971416], [32.979236, 61.976126], [32.947739, 61.984957], [32.955687, 61.997614], [32.969522, 62.029111], [32.975704, 62.037059], [32.99366, 62.044418], [33.011911, 62.049423], [33.031044, 62.050894], [33.050767, 62.047656], [33.053416, 62.032938], [33.056065, 62.025579], [33.062836, 62.023813], [33.078731, 62.026462], [33.09551, 62.034116], [33.112289, 62.044124], [33.130245, 62.047951], [33.149967, 62.037059], [33.154677, 62.025285], [33.145846, 62.017631], [33.132894, 62.011155], [33.126418, 62.002913], [33.135249, 61.990844], [33.194711, 61.971416], [33.210901, 61.981424], [33.240337, 61.983485], [33.271834, 61.978775], [33.293617, 61.968178], [33.318049, 61.957875], [33.376922, 61.967001]]]}}, {"type": "Feature", "properties": {"featurecla": "Lake", "scalerank": 9, "name": null, "name_en": null, "src": "ne_10m_lakes"}, "geometry": {"type": "Polygon", "coordinates": [[[30.055906, 61.019737], [30.084165, 60.982353], [30.086814, 60.974699], [30.068858, 60.964691], [30.04943, 60.959098], [30.037655, 60.951739], [30.042365, 60.937315], [29.993501, 60.935254], [29.933745, 60.953505], [29.880171, 60.986179], [29.85044, 61.026507], [29.925208, 61.008845], [29.96377, 61.005902], [29.966714, 61.026507], [29.977311, 61.029156], [30.006747, 61.030628], [30.014989, 61.032689], [30.017639, 61.041814], [30.01028, 61.04829], [29.998505, 61.052411], [29.965831, 61.058004], [29.946403, 61.068013], [29.911373, 61.094211], [29.956705, 61.089795], [30.003509, 61.074194], [30.042071, 61.04829], [30.055906, 61.019737]]]}}, {"type": "Feature", "properties": {"featurecla": "Lake", "scalerank": 9, "name": null, "name_en": null, "src": "ne_10m_lakes"}, "geometry": {"type": "Polygon", "coordinates": [[[37.429139, 60.841352], [37.450333, 60.846356], [37.456809, 60.841058], [37.452688, 60.82634], [37.430611, 60.82163], [37.405001, 60.823102], [37.388811, 60.827517], [37.372326, 60.839292], [37.364379, 60.846651], [37.354665, 60.849594], [37.245455, 60.841058], [37.221023, 60.845179], [37.216608, 60.850183], [37.227794, 60.855482], [37.251048, 60.861663], [37.295497, 60.866079], [37.318752, 60.871083], [37.33347, 60.881974], [37.336708, 60.896987], [37.332293, 60.911705], [37.319047, 60.937315], [37.307272, 60.948206], [37.303151, 60.954682], [37.309332, 60.957626], [37.34289, 60.96057], [37.355253, 60.957626], [37.388811, 60.950856], [37.378802, 60.945851], [37.374387, 60.944674], [37.397936, 60.917298], [37.412654, 60.906701], [37.449155, 60.897281], [37.436498, 60.885801], [37.401763, 60.868434], [37.41913, 60.844296], [37.429139, 60.841352]]]}}, {"type": "Feature", "properties": {"featurecla": "Lake", "scalerank": 9, "name": null, "name_en": null, "src": "ne_10m_lakes"}, "geometry": {"type": "Polygon", "coordinates": [[[38.461179, 62.109767], [38.48149, 62.107707], [38.501507, 62.109473], [38.483845, 62.100642], [38.36816, 62.075032], [38.338724, 62.064729], [38.302223, 62.046479], [38.271314, 62.021752], [38.258362, 61.992021], [38.253947, 61.976126], [38.243644, 61.979953], [38.224216, 61.999381], [38.185949, 62.012921], [38.169464, 62.022341], [38.200667, 62.030583], [38.211559, 62.040003], [38.211853, 62.051189], [38.19684, 62.061491], [38.172997, 62.061491], [38.127665, 62.044124], [38.108237, 62.047656], [38.238934, 62.125074], [38.243939, 62.132728], [38.234813, 62.145091], [38.214208, 62.142442], [38.168581, 62.12478], [38.131786, 62.105057], [38.121777, 62.102408], [38.117362, 62.111239], [38.12531, 62.120364], [38.136496, 62.129784], [38.142383, 62.139498], [38.161222, 62.15716], [38.204199, 62.167168], [38.250415, 62.169229], [38.271903, 62.163636], [38.278968, 62.143619], [38.258362, 62.12007], [38.228926, 62.096226], [38.209792, 62.075032], [38.225394, 62.075032], [38.239523, 62.077387], [38.252181, 62.082097], [38.264544, 62.088573], [38.286916, 62.109178], [38.298396, 62.114477], [38.313703, 62.109178], [38.298985, 62.08975], [38.323711, 62.087984], [38.43086, 62.115066], [38.442634, 62.114477], [38.461179, 62.109767]]]}}, {"type": "Feature", "properties": {"featurecla": "Lake", "scalerank": 9, "name": null, "name_en": null, "src": "ne_10m_lakes"}, "geometry": {"type": "Polygon", "coordinates": [[[38.18065, 63.037603], [38.176529, 63.047611], [38.095579, 63.135332], [38.073207, 63.145929], [37.963115, 63.168595], [37.942215, 63.181253], [37.946925, 63.202152], [37.958111, 63.209217], [37.969002, 63.20804], [37.991374, 63.195088], [38.002266, 63.195088], [38.029642, 63.208628], [38.042888, 63.212161], [38.05584, 63.208923], [38.064082, 63.200975], [38.077328, 63.181253], [38.088514, 63.17566], [38.102938, 63.174777], [38.135613, 63.176248], [38.154158, 63.171244], [38.169759, 63.165063], [38.181828, 63.152994], [38.189481, 63.130033], [38.189776, 63.120025], [38.188304, 63.098536], [38.189481, 63.088528], [38.193602, 63.08058], [38.205377, 63.069689], [38.209792, 63.061152], [38.214502, 63.040841], [38.214502, 63.028772], [38.209792, 63.020235], [38.193014, 63.015231], [38.184477, 63.023768], [38.18065, 63.037603]]]}}, {"type": "Feature", "properties": {"featurecla": "Lake", "scalerank": 9, "name": null, "name_en": null, "src": "ne_10m_lakes"}, "geometry": {"type": "Polygon", "coordinates": [[[27.92206, 63.343153], [27.879083, 63.360815], [27.810791, 63.403497], [27.794012, 63.418216], [27.812851, 63.424103], [27.825803, 63.418216], [27.837578, 63.408796], [27.852885, 63.403792], [28.055407, 63.293994], [28.095441, 63.266029], [28.118696, 63.255727], [28.13047, 63.260437], [28.146072, 63.266029], [28.166383, 63.264263], [28.186105, 63.256904], [28.198763, 63.246896], [28.201118, 63.234238], [28.200529, 63.218342], [28.204061, 63.204213], [28.219074, 63.198326], [28.256164, 63.188317], [28.289133, 63.168889], [28.323279, 63.157703], [28.363312, 63.171244], [28.347417, 63.174777], [28.330932, 63.184196], [28.301201, 63.205979], [28.322984, 63.217165], [28.350949, 63.209512], [28.381563, 63.196854], [28.411294, 63.191555], [28.403935, 63.18243], [28.387156, 63.175954], [28.383918, 63.168006], [28.391277, 63.162413], [28.438964, 63.150639], [28.35978, 63.094121], [28.356542, 63.081757], [28.356542, 63.075576], [28.336525, 63.075576], [28.273826, 63.067922], [28.252926, 63.070572], [28.191404, 63.088528], [28.201118, 63.098831], [28.215247, 63.098831], [28.230848, 63.097064], [28.24645, 63.102363], [28.237324, 63.10619], [28.227316, 63.109428], [28.21613, 63.1109], [28.205239, 63.109722], [28.22761, 63.115609], [28.280596, 63.116787], [28.29502, 63.130033], [28.269705, 63.126206], [28.257341, 63.125912], [28.24645, 63.130033], [28.23703, 63.139453], [28.235264, 63.147695], [28.240562, 63.153877], [28.253514, 63.157409], [28.185222, 63.200681], [28.170798, 63.21952], [28.156374, 63.208334], [28.137535, 63.201269], [28.117518, 63.200681], [28.099856, 63.208923], [28.084549, 63.20804], [28.061589, 63.199503], [28.041278, 63.19862], [28.034508, 63.21952], [28.000067, 63.246896], [28.005954, 63.251311], [28.015668, 63.262497], [28.021261, 63.267207], [28.01508, 63.2728], [28.002128, 63.280159], [27.996829, 63.28428], [27.992413, 63.286929], [27.983877, 63.286341], [27.979756, 63.287812], [27.979167, 63.290462], [27.980345, 63.298998], [27.979756, 63.301353], [27.933246, 63.318426], [27.925004, 63.328729], [27.938251, 63.328729], [27.92206, 63.343153]]]}}, {"type": "Feature", "properties": {"featurecla": "Lake", "scalerank": 9, "name": null, "name_en": null, "src": "ne_10m_lakes"}, "geometry": {"type": "Polygon", "coordinates": [[[31.275457, 63.485919], [31.302244, 63.474145], [31.317845, 63.464431], [31.315784, 63.453539], [31.289292, 63.438527], [31.292235, 63.4347], [31.296651, 63.424397], [31.281933, 63.422631], [31.271041, 63.425575], [31.261621, 63.432345], [31.240722, 63.452362], [31.231596, 63.458544], [31.221588, 63.46237], [31.165364, 63.474734], [31.152118, 63.479443], [31.111201, 63.507408], [31.126803, 63.510057], [31.130041, 63.519183], [31.130924, 63.530957], [31.138872, 63.540966], [31.14888, 63.54332], [31.160066, 63.541849], [31.171252, 63.537728], [31.180377, 63.532723], [31.205398, 63.52507], [31.275457, 63.485919]]]}}, {"type": "Feature", "properties": {"featurecla": "Lake", "scalerank": 9, "name": null, "name_en": null, "src": "ne_10m_lakes"}, "geometry": {"type": "Polygon", "coordinates": [[[32.428187, 62.966072], [32.464982, 62.93958], [32.481761, 62.911026], [32.457917, 62.912204], [32.437901, 62.915736], [32.419356, 62.921918], [32.399633, 62.931632], [32.392863, 62.937225], [32.386976, 62.943701], [32.381088, 62.949294], [32.372257, 62.951354], [32.346942, 62.950177], [32.337522, 62.951354], [32.318977, 62.957536], [32.26246, 62.986089], [32.241265, 62.993448], [32.220071, 62.997569], [32.152073, 63.001102], [32.132351, 63.005812], [32.114689, 63.013171], [32.101148, 63.023768], [32.089668, 63.03878], [32.087019, 63.049377], [32.090551, 63.078519], [32.097321, 63.082641], [32.111745, 63.070866], [32.131762, 63.047611], [32.151484, 63.042313], [32.167674, 63.03201], [32.185336, 63.026123], [32.208002, 63.033187], [32.186219, 63.044079], [32.165319, 63.05762], [32.155605, 63.074693], [32.166202, 63.095887], [32.208002, 63.067922], [32.229196, 63.066451], [32.288952, 63.053204], [32.306909, 63.044079], [32.341643, 62.999924], [32.351357, 62.993448], [32.385504, 62.985795], [32.428187, 62.966072]]]}}, {"type": "Feature", "properties": {"featurecla": "Lake", "scalerank": 9, "name": null, "name_en": null, "src": "ne_10m_lakes"}, "geometry": {"type": "Polygon", "coordinates": [[[34.041596, 62.567503], [34.02835, 62.56927], [34.017164, 62.574568], [34.008628, 62.585754], [34.006273, 62.597529], [34.005978, 62.610186], [34.003623, 62.623138], [33.985078, 62.648453], [33.980663, 62.662583], [33.989199, 62.678184], [34.00745, 62.684366], [34.033943, 62.6826], [34.060141, 62.677007], [34.077803, 62.670825], [34.071916, 62.678184], [34.104885, 62.659639], [34.149039, 62.649631], [34.183774, 62.635207], [34.187895, 62.602533], [34.182891, 62.599295], [34.164935, 62.591347], [34.161108, 62.585165], [34.163169, 62.578984], [34.172588, 62.563677], [34.174943, 62.561027], [34.165524, 62.546309], [34.153455, 62.543071], [34.137853, 62.546898], [34.095465, 62.564265], [34.083396, 62.567209], [34.067795, 62.568386], [34.041596, 62.567503]]]}}, {"type": "Feature", "properties": {"featurecla": "Lake", "scalerank": 9, "name": null, "name_en": null, "src": "ne_10m_lakes"}, "geometry": {"type": "Polygon", "coordinates": [[[33.863212, 62.557789], [33.871748, 62.546309], [33.877341, 62.53424], [33.87322, 62.520111], [33.854381, 62.510102], [33.722506, 62.500683], [33.704549, 62.505393], [33.712203, 62.523643], [33.720151, 62.53424], [33.728099, 62.548664], [33.733691, 62.564854], [33.735458, 62.582222], [33.729276, 62.636385], [33.733691, 62.650808], [33.744877, 62.644038], [33.769604, 62.615485], [33.781378, 62.630203], [33.780495, 62.644921], [33.77608, 62.658756], [33.776963, 62.670825], [33.790798, 62.682894], [33.806399, 62.681128], [33.820823, 62.672591], [33.83142, 62.664055], [33.82465, 62.670825], [33.832892, 62.667293], [33.84084, 62.661994], [33.844961, 62.655224], [33.841723, 62.647276], [33.835247, 62.637856], [33.836719, 62.634324], [33.841723, 62.630792], [33.845255, 62.623138], [33.848199, 62.609597], [33.85703, 62.583399], [33.858796, 62.571624], [33.863212, 62.557789]]]}}, {"type": "Feature", "properties": {"featurecla": "Lake", "scalerank": 9, "name": null, "name_en": null, "src": "ne_10m_lakes"}, "geometry": {"type": "Polygon", "coordinates": [[[32.409936, 62.249001], [32.43584, 62.261953], [32.444965, 62.244586], [32.440844, 62.218093], [32.427009, 62.204552], [32.416118, 62.200431], [32.411408, 62.189834], [32.408464, 62.177471], [32.402871, 62.167168], [32.391391, 62.158926], [32.351946, 62.143325], [32.345765, 62.13626], [32.331341, 62.123308], [32.316623, 62.117715], [32.310441, 62.132728], [32.314562, 62.144502], [32.321038, 62.154216], [32.320744, 62.162753], [32.303376, 62.170701], [32.322215, 62.173644], [32.340172, 62.179531], [32.35489, 62.189834], [32.365487, 62.204552], [32.347236, 62.216327], [32.293956, 62.236344], [32.283065, 62.242525], [32.292779, 62.257832], [32.315151, 62.266074], [32.340466, 62.268724], [32.358128, 62.266663], [32.344293, 62.266663], [32.359011, 62.264308], [32.363132, 62.257244], [32.364898, 62.248413], [32.372257, 62.239582], [32.389036, 62.230456], [32.39669, 62.231045], [32.409936, 62.249001]]]}}, {"type": "Feature", "properties": {"featurecla": "Lake", "scalerank": 9, "name": null, "name_en": null, "src": "ne_10m_lakes"}, "geometry": {"type": "Polygon", "coordinates": [[[32.132056, 62.280498], [32.138827, 62.278732], [32.14442, 62.276083], [32.132056, 62.280498]]]}}, {"type": "Feature", "properties": {"featurecla": "Lake", "scalerank": 9, "name": null, "name_en": null, "src": "ne_10m_lakes"}, "geometry": {"type": "Polygon", "coordinates": [[[32.149129, 62.274022], [32.147069, 62.274611], [32.145303, 62.2752], [32.145008, 62.275494], [32.14442, 62.275789], [32.14442, 62.276083], [32.149129, 62.274022]]]}}, {"type": "Feature", "properties": {"featurecla": "Lake", "scalerank": 9, "name": null, "name_en": null, "src": "ne_10m_lakes"}, "geometry": {"type": "Polygon", "coordinates": [[[32.150896, 62.273728], [32.152662, 62.273139], [32.149129, 62.274022], [32.150896, 62.273728]]]}}, {"type": "Feature", "properties": {"featurecla": "Lake", "scalerank": 9, "name": null, "name_en": null, "src": "ne_10m_lakes"}, "geometry": {"type": "Polygon", "coordinates": [[[32.217716, 62.235755], [32.261576, 62.216621], [32.282182, 62.201903], [32.276, 62.187479], [32.266581, 62.180415], [32.26246, 62.173055], [32.25981, 62.165108], [32.255689, 62.157454], [32.24627, 62.144502], [32.244209, 62.140381], [32.239205, 62.14303], [32.173562, 62.170701], [32.104386, 62.184241], [32.150896, 62.200726], [32.172678, 62.216327], [32.170029, 62.235755], [32.156488, 62.245763], [32.113511, 62.268724], [32.09791, 62.273139], [32.108507, 62.278438], [32.12087, 62.280498], [32.133234, 62.279321], [32.145303, 62.2752], [32.150896, 62.27049], [32.16061, 62.260482], [32.166497, 62.25636], [32.205942, 62.243997], [32.217716, 62.235755]]]}}, {"type": "Feature", "properties": {"featurecla": "Lake", "scalerank": 9, "name": null, "name_en": null, "src": "ne_10m_lakes"}, "geometry": {"type": "Polygon", "coordinates": [[[15.513435, 64.231249], [15.473402, 64.243024], [15.452207, 64.246851], [15.469869, 64.25421], [15.489297, 64.254799], [15.509608, 64.250677], [15.546404, 64.23802], [15.641483, 64.232721], [15.66621, 64.221535], [15.703006, 64.188567], [15.715663, 64.183562], [15.729204, 64.187978], [15.742745, 64.195043], [15.754519, 64.198869], [15.768943, 64.197103], [15.778068, 64.191805], [15.79573, 64.178558], [15.825461, 64.168844], [15.895814, 64.155009], [15.921718, 64.140585], [15.921129, 64.127045], [15.891987, 64.086128], [15.884334, 64.06876], [15.8861, 64.058458], [15.895225, 64.045506], [15.897875, 64.035203], [15.895225, 64.024311], [15.88139, 64.004589], [15.878152, 63.99723], [15.867261, 63.978391], [15.842534, 63.979274], [15.81663, 63.991637], [15.802501, 64.007238], [15.800734, 64.031082], [15.808388, 64.049038], [15.818102, 64.065817], [15.823106, 64.086128], [15.817219, 64.111443], [15.802206, 64.130283], [15.780423, 64.143235], [15.754519, 64.151182], [15.692114, 64.163251], [15.672097, 64.171788], [15.659734, 64.18003], [15.630592, 64.205934], [15.608809, 64.215942], [15.513435, 64.231249]]]}}, {"type": "Feature", "properties": {"featurecla": "Lake", "scalerank": 9, "name": null, "name_en": null, "src": "ne_10m_lakes"}, "geometry": {"type": "Polygon", "coordinates": [[[15.421593, 62.442693], [15.446026, 62.431213], [15.391568, 62.431213], [15.410996, 62.420616], [15.41865, 62.417672], [15.399516, 62.410313], [15.378322, 62.410607], [15.336817, 62.417672], [15.314445, 62.417672], [15.250862, 62.410607], [15.236733, 62.407664], [15.204353, 62.393534], [15.102797, 62.382937], [15.109567, 62.371162], [15.124874, 62.353795], [15.130762, 62.341726], [15.130762, 62.336133], [15.124874, 62.324653], [15.123403, 62.317883], [15.125463, 62.311701], [15.129879, 62.306991], [15.134883, 62.303459], [15.137826, 62.300809], [15.159021, 62.266663], [15.162259, 62.253417], [15.162553, 62.241348], [15.164319, 62.229868], [15.172267, 62.218388], [15.146657, 62.223392], [15.109862, 62.263131], [15.086313, 62.273139], [15.062764, 62.279615], [15.038331, 62.295217], [15.000653, 62.328185], [14.984168, 62.339371], [14.976809, 62.346436], [14.973277, 62.355561], [14.975337, 62.36763], [14.984463, 62.366158], [14.99712, 62.359682], [15.010661, 62.355561], [15.034799, 62.324947], [15.040098, 62.319943], [15.075421, 62.300809], [15.073655, 62.316116], [15.080425, 62.330246], [15.084841, 62.344964], [15.075421, 62.362332], [15.060114, 62.372634], [14.96003, 62.408841], [14.94384, 62.419144], [14.939131, 62.437394], [14.947962, 62.461238], [14.961502, 62.459472], [14.986818, 62.431213], [15.024202, 62.406486], [15.071889, 62.396183], [15.123697, 62.396478], [15.192578, 62.408547], [15.236733, 62.421793], [15.254395, 62.431213], [15.269702, 62.446814], [15.25881, 62.452407], [15.237027, 62.457706], [15.220248, 62.472129], [15.251157, 62.470658], [15.34241, 62.437394], [15.34241, 62.444754], [15.322687, 62.454468], [15.316505, 62.459177], [15.313267, 62.463298], [15.30738, 62.47419], [15.30267, 62.478311], [15.284714, 62.484787], [15.244975, 62.49038], [15.227019, 62.499505], [15.234967, 62.502743], [15.243209, 62.504804], [15.25204, 62.505687], [15.261165, 62.505687], [15.287069, 62.497739], [15.330929, 62.477722], [15.350063, 62.46477], [15.371846, 62.453584], [15.421593, 62.442693]]]}}, {"type": "Feature", "properties": {"featurecla": "Lake", "scalerank": 9, "name": null, "name_en": null, "src": "ne_10m_lakes"}, "geometry": {"type": "Polygon", "coordinates": [[[15.157254, 62.808882], [15.137826, 62.814769], [15.148718, 62.845089], [15.121048, 62.859218], [15.053344, 62.863339], [15.062469, 62.868344], [15.073949, 62.869815], [15.083075, 62.87688], [15.075421, 62.88365], [15.08072, 62.890126], [15.089256, 62.911026], [15.072772, 62.915147], [15.056288, 62.93016], [15.027734, 62.965778], [15.039803, 62.965778], [15.050695, 62.963423], [15.060114, 62.958713], [15.068651, 62.951354], [15.079542, 62.961657], [15.089551, 62.964895], [15.096321, 62.959891], [15.096615, 62.945173], [15.12458, 62.924567], [15.241148, 62.911615], [15.247624, 62.88365], [15.417767, 62.761195], [15.431896, 62.739118], [15.415117, 62.731464], [15.400988, 62.736468], [15.37685, 62.759723], [15.359483, 62.770909], [15.343881, 62.775324], [15.30267, 62.780034], [15.227019, 62.807999], [15.204058, 62.810354], [15.157254, 62.808882]]]}}, {"type": "Feature", "properties": {"featurecla": "Lake", "scalerank": 9, "name": null, "name_en": null, "src": "ne_10m_lakes"}, "geometry": {"type": "Polygon", "coordinates": [[[14.605322, 62.768554], [14.599729, 62.773853], [14.586482, 62.781506], [14.568821, 62.79799], [14.560873, 62.814769], [14.575591, 62.822128], [14.59443, 62.814181], [14.610915, 62.798579], [14.628576, 62.787688], [14.650948, 62.794458], [14.640057, 62.803583], [14.627399, 62.810354], [14.619746, 62.817713], [14.623867, 62.829193], [14.616508, 62.830959], [14.613858, 62.832137], [14.610032, 62.835375], [14.622984, 62.841262], [14.62475, 62.846855], [14.620923, 62.853625], [14.610032, 62.887183], [14.606794, 62.893364], [14.58766, 62.9072], [14.521134, 62.931632], [14.526432, 62.938402], [14.530553, 62.945761], [14.533497, 62.953709], [14.536146, 62.970782], [14.540856, 62.974315], [14.547626, 62.975786], [14.574119, 62.988444], [14.599729, 62.995803], [14.621806, 62.994626], [14.630637, 62.979319], [14.631226, 62.971665], [14.630637, 62.965778], [14.63152, 62.961657], [14.637407, 62.958713], [14.625633, 62.950471], [14.609737, 62.945761], [14.595608, 62.939874], [14.58972, 62.928099], [14.597374, 62.916619], [14.636524, 62.910732], [14.650948, 62.904256], [14.658013, 62.88365], [14.652714, 62.838613], [14.668316, 62.805938], [14.6639, 62.79593], [14.655658, 62.786216], [14.650948, 62.773853], [14.654186, 62.766199], [14.668316, 62.748537], [14.681268, 62.722045], [14.718358, 62.691725], [14.719829, 62.670825], [14.676558, 62.707915], [14.623867, 62.736174], [14.620334, 62.739118], [14.614741, 62.744711], [14.605322, 62.768554]]]}}, {"type": "Feature", "properties": {"featurecla": "Lake", "scalerank": 9, "name": null, "name_en": null, "src": "ne_10m_lakes"}, "geometry": {"type": "Polygon", "coordinates": [[[16.906072, 60.608216], [16.898124, 60.595852], [16.893414, 60.583489], [16.89518, 60.573186], [16.906072, 60.567299], [16.886644, 60.552875], [16.863683, 60.554053], [16.816585, 60.567299], [16.789798, 60.563767], [16.757712, 60.53904], [16.734457, 60.533153], [16.718856, 60.535802], [16.698251, 60.542573], [16.680294, 60.552287], [16.672641, 60.563472], [16.664693, 60.578485], [16.645854, 60.578485], [16.60376, 60.567299], [16.60376, 60.574069], [16.621716, 60.583784], [16.632313, 60.594381], [16.643793, 60.60174], [16.665282, 60.601445], [16.715029, 60.589082], [16.741817, 60.585255], [16.768898, 60.587905], [16.783028, 60.592614], [16.784794, 60.596441], [16.783616, 60.601151], [16.789209, 60.608216], [16.803339, 60.61999], [16.813053, 60.625583], [16.823944, 60.628821], [16.844255, 60.628232], [16.871631, 60.6247], [16.896063, 60.61793], [16.906072, 60.608216]]]}}, {"type": "Feature", "properties": {"featurecla": "Lake", "scalerank": 9, "name": "Tyrifjorden", "name_en": "Tyrifjorden", "src": "ne_10m_lakes"}, "geometry": {"type": "Polygon", "coordinates": [[[10.33086, 60.117216], [10.332921, 60.112507], [10.333804, 60.107502], [10.33351, 60.101321], [10.32409, 60.083659], [10.313787, 60.069824], [10.301424, 60.057755], [10.285528, 60.046569], [10.267278, 60.038916], [10.258152, 60.033911], [10.251676, 60.025375], [10.249616, 60.012423], [10.255209, 60.005358], [10.262273, 59.998882], [10.265806, 59.987991], [10.273459, 59.97651], [10.306722, 59.947957], [10.313787, 59.930001], [10.3079, 59.912633], [10.29642, 59.90027], [10.284939, 59.90027], [10.269338, 59.954727], [10.242551, 59.977688], [10.115091, 60.020076], [10.085949, 60.020076], [10.062989, 60.008302], [10.048271, 59.996233], [10.029431, 59.98593], [10.009709, 59.97916], [9.991458, 59.977688], [10.003233, 59.998882], [10.027665, 60.026552], [10.055041, 60.050101], [10.090659, 60.066586], [10.113914, 60.094845], [10.124805, 60.101321], [10.133342, 60.104264], [10.146588, 60.118394], [10.155714, 60.121632], [10.168371, 60.120454], [10.171021, 60.116922], [10.169549, 60.110446], [10.170726, 60.06217], [10.17573, 60.052751], [10.195158, 60.043625], [10.21076, 60.049513], [10.223417, 60.060404], [10.234309, 60.066586], [10.264334, 60.060698], [10.279347, 60.063053], [10.285528, 60.077477], [10.289649, 60.093079], [10.299658, 60.104559], [10.326739, 60.121632], [10.33086, 60.117216]]]}}, {"type": "Feature", "properties": {"featurecla": "Lake", "scalerank": 9, "name": null, "name_en": null, "src": "ne_10m_lakes"}, "geometry": {"type": "Polygon", "coordinates": [[[8.839612, 61.864267], [8.860217, 61.862207], [9.121318, 61.876336], [9.082462, 61.866328], [8.99533, 61.856614], [8.612657, 61.857791], [8.566147, 61.841601], [8.524053, 61.851904], [8.455761, 61.883107], [8.489907, 61.883107], [8.504331, 61.880457], [8.526114, 61.867505], [8.538477, 61.862207], [8.557611, 61.860146], [8.614129, 61.869566], [8.78486, 61.876336], [8.803699, 61.873981], [8.839612, 61.864267]]]}}, {"type": "Feature", "properties": {"featurecla": "Lake", "scalerank": 9, "name": null, "name_en": null, "src": "ne_10m_lakes"}, "geometry": {"type": "Polygon", "coordinates": [[[11.042927, 63.290756], [11.073835, 63.281042], [11.080311, 63.271917], [11.069714, 63.269267], [11.052641, 63.268973], [11.039983, 63.267207], [11.032624, 63.258965], [11.027914, 63.24719], [11.021438, 63.236887], [11.009075, 63.232472], [10.949025, 63.22423], [10.929597, 63.229234], [10.908991, 63.236593], [10.719127, 63.271622], [10.676149, 63.27486], [10.504829, 63.267207], [10.52985, 63.281925], [10.566057, 63.287518], [10.913407, 63.265441], [10.950497, 63.267207], [11.010547, 63.286341], [11.042927, 63.290756]]]}}, {"type": "Feature", "properties": {"featurecla": "Lake", "scalerank": 9, "name": null, "name_en": null, "src": "ne_10m_lakes"}, "geometry": {"type": "Polygon", "coordinates": [[[14.165247, 63.975447], [14.204692, 63.983984], [14.226475, 64.007238], [14.212051, 64.009593], [14.172018, 64.027549], [14.102842, 64.041973], [14.101959, 64.044034], [14.101665, 64.047861], [14.100782, 64.051982], [14.096661, 64.054925], [14.088418, 64.056103], [14.070462, 64.054042], [14.061926, 64.054925], [14.04809, 64.062284], [14.026602, 64.079063], [14.01365, 64.082301], [14.000992, 64.084067], [13.966257, 64.094076], [13.95566, 64.099963], [13.943886, 64.108205], [13.91857, 64.114681], [13.854399, 64.140291], [13.828495, 64.154715], [13.814954, 64.171788], [13.839681, 64.176203], [13.867351, 64.165901], [13.917981, 64.136759], [14.134339, 64.075236], [14.18703, 64.046977], [14.273573, 64.014009], [14.268569, 64.011359], [14.258561, 64.003706], [14.253262, 64.001057], [14.419578, 63.930409], [14.530848, 63.850048], [14.555574, 63.835918], [14.593842, 63.823849], [14.674497, 63.818257], [14.713059, 63.809131], [14.681268, 63.797651], [14.636524, 63.794707], [14.555574, 63.801772], [14.54586, 63.815607], [14.526727, 63.828559], [14.462555, 63.861234], [14.390436, 63.883605], [14.395734, 63.885077], [14.406037, 63.889493], [14.411336, 63.890964], [14.400444, 63.903622], [14.38396, 63.912453], [14.349519, 63.924522], [14.287408, 63.960434], [14.266803, 63.965439], [14.248847, 63.961612], [14.231479, 63.954547], [14.213817, 63.952192], [14.195567, 63.962495], [14.174667, 63.969265], [14.114322, 63.962201], [14.088713, 63.965439], [14.12227, 63.972503], [14.165247, 63.975447]]]}}, {"type": "Feature", "properties": {"featurecla": "Lake", "scalerank": 9, "name": null, "name_en": null, "src": "ne_10m_lakes"}, "geometry": {"type": "Polygon", "coordinates": [[[14.227947, 58.971257], [14.20116, 58.976555], [14.151412, 58.977144], [14.109613, 58.970668], [14.099899, 58.972434], [14.116677, 58.983914], [14.137283, 58.990685], [14.230302, 58.992745], [14.247669, 58.998633], [14.25444, 59.010113], [14.242959, 59.028952], [14.225298, 59.037783], [14.182909, 59.038961], [14.164364, 59.046025], [14.193506, 59.055739], [14.224415, 59.052796], [14.280638, 59.032485], [14.273573, 59.046025], [14.291824, 59.05309], [14.342749, 59.08076], [14.343043, 59.06457], [14.342749, 59.059566], [14.348047, 59.032779], [14.349814, 59.008347], [14.356584, 58.987447], [14.37719, 58.970962], [14.363354, 58.961543], [14.342749, 58.937699], [14.328325, 58.928574], [14.264742, 58.910029], [14.242959, 58.908263], [14.238544, 58.911207], [14.24031, 58.917977], [14.246492, 58.928574], [14.246786, 58.933578], [14.249141, 58.937111], [14.252085, 58.940349], [14.253262, 58.942998], [14.250319, 58.947708], [14.241488, 58.955067], [14.239427, 58.960071], [14.227947, 58.971257]]]}}, {"type": "Feature", "properties": {"featurecla": "Lake", "scalerank": 9, "name": null, "name_en": null, "src": "ne_10m_lakes"}, "geometry": {"type": "Polygon", "coordinates": [[[14.467854, 58.564151], [14.472858, 58.549139], [14.476979, 58.530888], [14.474624, 58.522057], [14.462555, 58.518525], [14.448426, 58.516464], [14.428703, 58.5094], [14.417517, 58.510871], [14.4393, 58.535892], [14.445482, 58.546489], [14.436062, 58.54855], [14.430764, 58.552082], [14.421344, 58.562385], [14.409864, 58.568861], [14.390436, 58.568567], [14.37719, 58.572982], [14.328325, 58.624496], [14.314196, 58.644218], [14.284465, 58.642158], [14.255912, 58.621847], [14.246492, 58.586817], [14.204103, 58.587406], [14.18703, 58.593293], [14.179377, 58.613899], [14.19174, 58.612427], [14.202337, 58.614193], [14.209991, 58.620375], [14.216172, 58.643924], [14.224709, 58.646868], [14.2356, 58.646279], [14.246492, 58.648045], [14.27063, 58.672477], [14.279166, 58.677187], [14.29153, 58.680131], [14.315079, 58.68278], [14.333329, 58.675421], [14.348342, 58.661586], [14.358939, 58.64569], [14.368359, 58.613016], [14.381899, 58.598592], [14.399561, 58.5877], [14.417517, 58.579753], [14.454607, 58.571216], [14.467854, 58.564151]]]}}, {"type": "Feature", "properties": {"featurecla": "Lake", "scalerank": 9, "name": null, "name_en": null, "src": "ne_10m_lakes"}, "geometry": {"type": "Polygon", "coordinates": [[[16.021508, 58.637742], [16.030927, 58.6295], [16.0898, 58.607128], [16.0898, 58.600358], [15.964107, 58.589761], [15.903468, 58.593293], [15.854014, 58.617431], [15.844889, 58.637448], [15.867261, 58.644513], [15.899641, 58.646573], [15.921718, 58.651872], [15.931138, 58.670711], [15.921129, 58.68278], [15.903762, 58.69426], [15.891693, 58.710156], [15.905528, 58.704269], [15.931432, 58.688079], [15.945856, 58.68278], [15.964401, 58.673655], [15.989422, 58.666296], [16.011794, 58.655993], [16.021508, 58.637742]]]}}, {"type": "Feature", "properties": {"featurecla": "Lake", "scalerank": 9, "name": null, "name_en": null, "src": "ne_10m_lakes"}, "geometry": {"type": "Polygon", "coordinates": [[[15.911415, 58.029292], [15.939086, 58.031058], [16.000902, 58.011335], [16.000902, 58.003976], [15.988833, 58.003388], [15.959397, 58.011335], [15.866672, 58.011924], [15.843123, 58.008392], [15.823106, 57.997795], [15.847244, 57.980133], [15.86049, 57.972774], [15.89287, 57.966886], [15.909649, 57.958939], [15.923779, 57.948047], [15.932021, 57.935684], [15.872559, 57.93745], [15.857547, 57.935684], [15.851954, 57.922143], [15.845183, 57.917728], [15.833114, 57.925087], [15.828993, 57.933035], [15.830465, 57.940099], [15.836353, 57.945692], [15.844006, 57.949225], [15.778363, 57.985726], [15.758052, 58.000738], [15.762173, 58.013396], [15.788666, 58.026348], [15.821046, 58.036062], [15.844006, 58.038711], [15.836647, 58.031058], [15.862845, 58.018695], [15.886983, 58.021638], [15.911415, 58.029292]]]}}, {"type": "Feature", "properties": {"featurecla": "Lake", "scalerank": 9, "name": null, "name_en": null, "src": "ne_10m_lakes"}, "geometry": {"type": "Polygon", "coordinates": [[[15.368608, 57.958939], [15.369491, 57.956289], [15.370374, 57.949225], [15.359188, 57.958055], [15.35389, 57.968653], [15.350063, 57.979544], [15.34241, 57.990141], [15.332401, 57.995734], [15.30738, 58.002504], [15.295311, 58.011335], [15.288541, 57.993674], [15.296783, 57.982488], [15.310913, 57.973951], [15.322687, 57.963648], [15.32151, 57.954817], [15.329752, 57.943926], [15.343293, 57.934212], [15.356833, 57.928913], [15.346531, 57.918905], [15.345059, 57.908897], [15.34918, 57.8983], [15.356833, 57.887702], [15.33505, 57.888291], [15.321215, 57.896828], [15.260871, 57.9766], [15.24733, 57.986903], [15.244975, 57.992496], [15.239382, 57.9975], [15.227019, 57.997795], [15.22172, 57.994557], [15.215539, 57.988081], [15.206708, 57.9766], [15.196699, 57.959233], [15.194639, 57.945103], [15.198465, 57.931268], [15.206708, 57.915078], [15.187574, 57.91655], [15.167263, 57.925675], [15.151073, 57.938922], [15.144597, 57.953051], [15.132528, 57.967181], [15.106624, 57.980133], [15.068651, 57.993968], [15.050989, 58.022227], [15.018903, 58.047248], [15.004774, 58.065498], [15.041569, 58.072269], [15.025085, 58.089636], [15.016843, 58.109359], [15.019198, 58.129081], [15.034799, 58.14792], [15.033916, 58.138206], [15.035388, 58.130847], [15.038331, 58.125254], [15.045985, 58.114363], [15.059231, 58.09935], [15.062469, 58.093169], [15.06188, 58.085221], [15.056288, 58.070503], [15.05511, 58.066087], [15.054521, 58.059317], [15.052461, 58.05549], [15.051578, 58.051958], [15.05511, 58.045482], [15.063941, 58.040183], [15.077187, 58.037534], [15.090728, 58.037828], [15.108684, 58.045776], [15.117515, 58.041655], [15.126052, 58.03459], [15.134294, 58.031058], [15.142536, 58.033413], [15.1549, 58.043127], [15.161964, 58.045482], [15.179332, 58.048425], [15.185219, 58.056079], [15.181981, 58.06697], [15.172267, 58.079628], [15.187868, 58.07845], [15.201703, 58.073741], [15.21495, 58.06697], [15.227019, 58.058434], [15.212595, 58.052252], [15.21966, 58.041361], [15.227019, 58.032824], [15.236733, 58.026937], [15.250862, 58.024876], [15.259104, 58.026054], [15.273234, 58.030763], [15.28177, 58.031058], [15.289424, 58.028409], [15.301493, 58.019578], [15.308852, 58.017517], [15.325631, 58.020755], [15.335345, 58.025465], [15.344764, 58.025465], [15.360071, 58.014573], [15.36537, 58.003976], [15.366842, 57.988081], [15.365959, 57.973068], [15.363604, 57.963648], [15.368608, 57.958939]]]}}, {"type": "Feature", "properties": {"featurecla": "Lake", "scalerank": 9, "name": null, "name_en": null, "src": "ne_10m_lakes"}, "geometry": {"type": "Polygon", "coordinates": [[[16.402415, 60.155778], [16.426847, 60.157839], [16.433912, 60.156367], [16.433029, 60.149596], [16.417722, 60.144298], [16.381515, 60.144298], [16.368268, 60.138705], [16.35826, 60.131346], [16.345897, 60.126342], [16.331767, 60.123104], [16.317049, 60.121632], [16.321759, 60.138705], [16.329412, 60.149302], [16.34207, 60.154306], [16.402415, 60.155778]]]}}, {"type": "Feature", "properties": {"featurecla": "Lake", "scalerank": 9, "name": null, "name_en": null, "src": "ne_10m_lakes"}, "geometry": {"type": "Polygon", "coordinates": [[[10.431827, 54.159581], [10.442424, 54.158403], [10.450078, 54.153105], [10.43536, 54.108361], [10.429178, 54.097764], [10.411222, 54.089228], [10.403568, 54.102769], [10.399447, 54.122491], [10.391794, 54.132499], [10.352938, 54.127495], [10.336453, 54.131616], [10.343812, 54.149278], [10.360002, 54.156048], [10.382668, 54.15546], [10.404451, 54.149572], [10.415637, 54.139564], [10.41446, 54.143096], [10.413871, 54.146334], [10.412399, 54.149867], [10.409455, 54.153105], [10.420347, 54.157226], [10.431827, 54.159581]]]}}, {"type": "Feature", "properties": {"featurecla": "Lake", "scalerank": 9, "name": null, "name_en": null, "src": "ne_10m_lakes"}, "geometry": {"type": "Polygon", "coordinates": [[[21.581457, 54.090405], [21.57557, 54.097176], [21.578514, 54.097764], [21.585873, 54.104535], [21.592349, 54.107184], [21.598825, 54.10895], [21.606478, 54.112188], [21.637092, 54.132499], [21.673299, 54.125729], [21.691549, 54.124846], [21.709506, 54.132499], [21.673593, 54.149867], [21.661093, 54.153039], [21.660935, 54.163702], [21.657109, 54.190195], [21.649161, 54.197554], [21.648572, 54.204324], [21.64921, 54.211626], [21.656191, 54.212695], [21.657992, 54.207857], [21.675654, 54.201675], [21.671893, 54.193314], [21.681478, 54.190349], [21.698931, 54.198138], [21.718042, 54.200792], [21.722752, 54.184602], [21.729038, 54.166347], [21.740433, 54.17121], [21.733196, 54.180013], [21.75211, 54.192042], [21.773564, 54.183447], [21.788525, 54.186923], [21.811363, 54.179665], [21.799913, 54.172211], [21.780325, 54.173506], [21.753731, 54.169378], [21.745422, 54.158025], [21.739132, 54.153505], [21.727756, 54.159581], [21.71922, 54.15752], [21.716276, 54.153105], [21.721574, 54.144863], [21.736293, 54.145746], [21.753037, 54.14325], [21.77447, 54.115238], [21.765435, 54.108361], [21.754249, 54.105712], [21.739531, 54.107478], [21.722458, 54.104829], [21.712744, 54.096881], [21.713332, 54.089522], [21.729228, 54.077453], [21.729228, 54.071272], [21.720103, 54.060674], [21.736114, 54.042577], [21.731877, 54.035359], [21.72599, 54.030355], [21.699674, 54.033464], [21.68814, 54.051916], [21.678723, 54.059006], [21.687134, 54.066856], [21.692432, 54.073626], [21.684485, 54.085401], [21.674771, 54.10218], [21.648223, 54.114644], [21.651186, 54.098908], [21.654459, 54.089228], [21.648572, 54.083046], [21.630205, 54.080793], [21.634612, 54.074428], [21.605301, 54.071272], [21.596175, 54.0698], [21.592054, 54.074215], [21.59635, 54.081988], [21.593207, 54.094133], [21.581457, 54.090405]]]}}, {"type": "Feature", "properties": {"featurecla": "Lake", "scalerank": 9, "name": null, "name_en": null, "src": "ne_10m_lakes"}, "geometry": {"type": "Polygon", "coordinates": [[[19.643069, 53.748354], [19.651017, 53.746294], [19.681042, 53.755124], [19.669562, 53.743056], [19.652195, 53.730987], [19.64042, 53.717446], [19.646896, 53.700667], [19.636299, 53.685655], [19.584785, 53.64621], [19.565946, 53.619717], [19.555055, 53.612064], [19.54328, 53.618245], [19.554171, 53.63208], [19.591556, 53.669759], [19.595382, 53.67859], [19.603625, 53.681828], [19.612456, 53.6833], [19.619226, 53.687126], [19.620992, 53.692131], [19.622758, 53.70155], [19.62217, 53.710381], [19.615988, 53.714208], [19.600387, 53.719212], [19.585668, 53.731281], [19.557704, 53.762189], [19.543869, 53.783089], [19.549756, 53.792214], [19.562708, 53.789859], [19.571245, 53.776319], [19.578604, 53.776319], [19.579487, 53.792509], [19.586257, 53.800751], [19.595677, 53.800162], [19.605391, 53.790154], [19.619815, 53.795452], [19.626585, 53.787799], [19.633355, 53.762189], [19.643069, 53.748354]]]}}, {"type": "Feature", "properties": {"featurecla": "Lake", "scalerank": 9, "name": null, "name_en": null, "src": "ne_10m_lakes"}, "geometry": {"type": "Polygon", "coordinates": [[[21.569353, 53.821442], [21.570148, 53.802427], [21.565423, 53.801762], [21.560447, 53.817351], [21.544174, 53.823813], [21.524645, 53.84726], [21.509632, 53.863156], [21.479313, 53.88906], [21.480196, 53.905545], [21.501096, 53.920851], [21.525822, 53.930566], [21.537597, 53.930271], [21.528472, 53.912904], [21.511693, 53.906428], [21.502862, 53.899069], [21.517875, 53.879346], [21.525822, 53.873753], [21.54319, 53.865217], [21.552021, 53.857563], [21.555847, 53.850204], [21.557025, 53.843139], [21.559086, 53.836663], [21.569353, 53.821442]]]}}, {"type": "Feature", "properties": {"featurecla": "Lake", "scalerank": 9, "name": null, "name_en": null, "src": "ne_10m_lakes"}, "geometry": {"type": "Polygon", "coordinates": [[[21.826074, 53.769843], [21.815771, 53.765722], [21.793105, 53.739229], [21.788395, 53.735402], [21.745124, 53.741584], [21.729228, 53.741584], [21.744829, 53.730987], [21.750422, 53.728043], [21.749245, 53.716268], [21.776326, 53.697429], [21.785452, 53.680062], [21.768673, 53.675646], [21.759253, 53.676235], [21.743652, 53.687126], [21.743063, 53.689481], [21.744241, 53.698018], [21.743652, 53.700667], [21.740708, 53.701256], [21.732466, 53.700078], [21.729228, 53.700667], [21.724518, 53.703611], [21.674771, 53.720684], [21.661819, 53.721273], [21.646806, 53.717152], [21.625612, 53.704199], [21.613249, 53.700667], [21.622963, 53.714797], [21.632677, 53.724511], [21.637975, 53.734225], [21.633854, 53.749237], [21.623846, 53.760717], [21.615015, 53.761306], [21.582046, 53.737757], [21.577042, 53.729515], [21.572332, 53.714208], [21.570566, 53.683888], [21.567328, 53.674174], [21.558202, 53.680062], [21.554964, 53.691542], [21.556436, 53.705966], [21.565562, 53.735402], [21.565267, 53.73658], [21.565856, 53.741584], [21.568192, 53.748295], [21.572332, 53.755124], [21.577925, 53.75954], [21.599708, 53.769548], [21.599708, 53.776319], [21.587933, 53.778379], [21.580574, 53.784267], [21.567537, 53.798089], [21.565423, 53.801762], [21.570148, 53.802427], [21.591263, 53.789601], [21.615309, 53.777791], [21.640624, 53.776319], [21.635915, 53.778085], [21.626201, 53.783089], [21.626201, 53.790154], [21.638858, 53.793981], [21.655931, 53.795158], [21.664108, 53.785661], [21.685073, 53.786621], [21.690372, 53.790448], [21.760431, 53.789565], [21.801936, 53.796335], [21.821364, 53.801634], [21.833727, 53.802517], [21.846091, 53.796335], [21.860514, 53.804283], [21.865813, 53.798985], [21.864635, 53.78721], [21.860514, 53.776319], [21.849034, 53.767488], [21.837554, 53.767782], [21.826074, 53.769843]]]}}, {"type": "Feature", "properties": {"featurecla": "Lake", "scalerank": 9, "name": null, "name_en": null, "src": "ne_10m_lakes"}, "geometry": {"type": "Polygon", "coordinates": [[[21.950001, 53.671819], [21.962953, 53.667993], [21.970312, 53.666521], [21.949707, 53.660045], [21.903492, 53.664755], [21.868168, 53.64827], [21.844324, 53.643266], [21.81618, 53.640141], [21.811209, 53.650502], [21.887596, 53.666521], [21.87641, 53.672114], [21.864635, 53.672408], [21.840498, 53.666521], [21.847562, 53.67859], [21.856099, 53.688304], [21.867873, 53.687126], [21.867873, 53.680062], [21.933811, 53.691247], [21.950295, 53.687126], [21.946763, 53.683005], [21.944997, 53.679767], [21.942348, 53.672703], [21.950001, 53.671819]]]}}, {"type": "Feature", "properties": {"featurecla": "Lake", "scalerank": 9, "name": null, "name_en": null, "src": "ne_10m_lakes"}, "geometry": {"type": "Polygon", "coordinates": [[[21.742616, 54.019037], [21.75519, 54.032509], [21.776581, 54.030029], [21.794871, 54.026528], [21.806725, 54.022602], [21.817585, 54.010422], [21.810767, 54.000624], [21.819303, 53.995326], [21.819303, 53.989144], [21.692083, 53.899857], [21.667994, 53.891527], [21.663408, 53.900802], [21.68413, 53.909055], [21.693233, 53.917719], [21.731693, 53.951403], [21.764333, 53.970685], [21.764582, 53.990096], [21.754543, 53.997386], [21.738554, 54.00858], [21.742616, 54.019037]]]}}, {"type": "Feature", "properties": {"featurecla": "Lake", "scalerank": 9, "name": null, "name_en": null, "src": "ne_10m_lakes"}, "geometry": {"type": "Polygon", "coordinates": [[[46.790801, 49.168637], [46.801987, 49.153036], [46.804047, 49.136846], [46.7961, 49.131842], [46.752534, 49.095635], [46.673644, 49.088276], [46.599464, 49.108587], [46.572088, 49.126837], [46.570617, 49.157157], [46.579448, 49.169226], [46.595932, 49.185416], [46.614477, 49.199545], [46.629195, 49.205727], [46.664813, 49.198957], [46.673644, 49.198073], [46.682475, 49.201017], [46.694544, 49.210437], [46.705435, 49.213675], [46.709851, 49.216618], [46.715149, 49.218973], [46.72192, 49.219268], [46.726335, 49.216618], [46.7334, 49.207493], [46.738699, 49.205727], [46.743408, 49.202489], [46.755183, 49.187771], [46.759304, 49.184533], [46.774905, 49.180117], [46.790801, 49.168637]]]}}, {"type": "Feature", "properties": {"featurecla": "Lake", "scalerank": 9, "name": null, "name_en": null, "src": "ne_10m_lakes"}, "geometry": {"type": "Polygon", "coordinates": [[[46.957411, 48.203417], [46.967714, 48.183989], [46.968303, 48.171037], [46.963004, 48.158379], [46.952701, 48.151609], [46.940044, 48.150726], [46.887352, 48.174275], [46.870279, 48.186638], [46.858505, 48.205183], [46.851734, 48.242567], [46.851734, 48.256991], [46.854384, 48.264056], [46.863509, 48.266411], [46.882643, 48.266411], [46.899716, 48.261112], [46.923854, 48.24816], [46.945637, 48.231382], [46.954762, 48.214897], [46.957411, 48.203417]]]}}, {"type": "Feature", "properties": {"featurecla": "Lake", "scalerank": 9, "name": null, "name_en": null, "src": "ne_10m_lakes"}, "geometry": {"type": "Polygon", "coordinates": [[[48.491343, 49.012624], [48.483395, 49.005854], [48.468677, 49.000261], [48.476036, 48.995551], [48.481334, 48.990547], [48.489871, 48.979067], [48.434236, 48.9773], [48.424228, 48.975534], [48.410981, 48.964937], [48.398029, 48.96111], [48.383605, 48.963465], [48.366238, 48.972296], [48.349753, 48.966998], [48.321789, 48.964348], [48.235835, 48.965526], [48.221705, 48.970236], [48.215818, 48.982599], [48.212285, 48.998789], [48.202277, 49.004971], [48.189031, 49.00762], [48.174607, 49.013801], [48.164304, 49.024987], [48.157534, 49.047948], [48.150763, 49.05825], [48.128392, 49.072086], [48.1175, 49.080917], [48.113085, 49.092102], [48.1175, 49.107704], [48.129275, 49.11418], [48.160772, 49.115651], [48.16872, 49.11418], [48.176962, 49.110942], [48.18491, 49.10947], [48.21935, 49.123011], [48.23554, 49.122127], [48.246726, 49.119478], [48.320023, 49.092102], [48.332092, 49.082094], [48.324438, 49.074735], [48.340628, 49.056484], [48.359467, 49.041177], [48.345632, 49.033818], [48.321494, 49.050008], [48.296179, 49.063255], [48.273219, 49.065315], [48.25644, 49.047359], [48.254968, 49.019983], [48.271453, 49.001144], [48.299417, 48.991724], [48.332092, 48.992607], [48.342689, 48.997317], [48.353875, 49.004087], [48.365355, 49.00762], [48.376541, 49.003204], [48.391259, 48.994373], [48.401267, 48.996728], [48.42099, 49.013801], [48.433647, 49.019983], [48.443067, 49.021749], [48.472503, 49.020572], [48.488988, 49.018217], [48.491343, 49.012624]]]}}, {"type": "Feature", "properties": {"featurecla": "Lake", "scalerank": 9, "name": null, "name_en": null, "src": "ne_10m_lakes"}, "geometry": {"type": "Polygon", "coordinates": [[[50.264298, 48.774189], [50.277544, 48.768891], [50.28196, 48.764475], [50.281371, 48.758293], [50.278133, 48.746225], [50.275189, 48.739748], [50.269596, 48.730623], [50.262237, 48.722381], [50.254289, 48.718849], [50.245458, 48.722087], [50.241926, 48.730329], [50.239571, 48.740337], [50.233978, 48.749757], [50.22603, 48.755939], [50.215728, 48.761531], [50.204247, 48.765653], [50.108285, 48.771245], [50.090034, 48.777427], [50.069723, 48.789202], [50.046763, 48.793911], [49.974055, 48.796266], [49.961103, 48.799504], [49.949034, 48.804509], [49.939614, 48.805097], [49.895165, 48.800976], [49.921658, 48.821287], [49.860136, 48.841893], [49.847772, 48.852784], [49.863668, 48.855728], [49.891338, 48.853373], [49.938142, 48.842482], [49.948445, 48.84101], [49.962574, 48.841893], [49.995543, 48.848369], [50.007318, 48.849252], [50.013205, 48.855728], [49.994366, 48.869857], [49.95286, 48.890463], [49.932549, 48.894584], [49.909, 48.904887], [49.887512, 48.918428], [49.87456, 48.93138], [49.898992, 48.929908], [49.940203, 48.914601], [49.962574, 48.910774], [50.00408, 48.913718], [50.023508, 48.909302], [50.031456, 48.893407], [50.041758, 48.878394], [50.064719, 48.8781], [50.106813, 48.890463], [50.127713, 48.892523], [50.148024, 48.889874], [50.15656, 48.882221], [50.141254, 48.869857], [50.168629, 48.860438], [50.232212, 48.857789], [50.257527, 48.849252], [50.241043, 48.842776], [50.22397, 48.841893], [50.20984, 48.837772], [50.203364, 48.821287], [50.180404, 48.83159], [50.156855, 48.839244], [50.132423, 48.839538], [50.106813, 48.828352], [50.092978, 48.811279], [50.104752, 48.800388], [50.1545, 48.788024], [50.238099, 48.780076], [50.264298, 48.774189]]]}}, {"type": "Feature", "properties": {"featurecla": "Lake", "scalerank": 9, "name": null, "name_en": null, "src": "ne_10m_lakes"}, "geometry": {"type": "Polygon", "coordinates": [[[51.757018, 50.610138], [51.779684, 50.575403], [51.785572, 50.562451], [51.785277, 50.544495], [51.777918, 50.528011], [51.758196, 50.500929], [51.754663, 50.492687], [51.753191, 50.485622], [51.750837, 50.47944], [51.744066, 50.473553], [51.735235, 50.471787], [51.660467, 50.473848], [51.636623, 50.477674], [51.621022, 50.4868], [51.598945, 50.510937], [51.583343, 50.534781], [51.582166, 50.561274], [51.603655, 50.592771], [51.665765, 50.623973], [51.675185, 50.626034], [51.685782, 50.630155], [51.696674, 50.631921], [51.713747, 50.624268], [51.747893, 50.617203], [51.757018, 50.610138]]]}}, {"type": "Feature", "properties": {"featurecla": "Lake", "scalerank": 9, "name": null, "name_en": null, "src": "ne_10m_lakes"}, "geometry": {"type": "Polygon", "coordinates": [[[52.495283, 49.45888], [52.507941, 49.444456], [52.512945, 49.427677], [52.509119, 49.417669], [52.499993, 49.418847], [52.490279, 49.423851], [52.484686, 49.424734], [52.482037, 49.41502], [52.489396, 49.40354], [52.484686, 49.396769], [52.466436, 49.391176], [52.44848, 49.396475], [52.432584, 49.407955], [52.419632, 49.420907], [52.405502, 49.429738], [52.347218, 49.445045], [52.343097, 49.449166], [52.343392, 49.453287], [52.343097, 49.455053], [52.334266, 49.45211], [52.331323, 49.446517], [52.333089, 49.439158], [52.331911, 49.432976], [52.320726, 49.430915], [52.28864, 49.460646], [52.280692, 49.475659], [52.299531, 49.486256], [52.290995, 49.497736], [52.29335, 49.511277], [52.303358, 49.522463], [52.316899, 49.527173], [52.325141, 49.524818], [52.333089, 49.512454], [52.341037, 49.506567], [52.352517, 49.503623], [52.389018, 49.499797], [52.440826, 49.475659], [52.461137, 49.472421], [52.478505, 49.468888], [52.495283, 49.45888]]]}}, {"type": "Feature", "properties": {"featurecla": "Lake", "scalerank": 9, "name": null, "name_en": null, "src": "ne_10m_lakes"}, "geometry": {"type": "Polygon", "coordinates": [[[29.103638, 54.693852], [29.117768, 54.681783], [29.124244, 54.663238], [29.118651, 54.656467], [29.082738, 54.639689], [29.062133, 54.619672], [29.050947, 54.615551], [29.041822, 54.626148], [29.046826, 54.634096], [29.048298, 54.644399], [29.046531, 54.655879], [29.041822, 54.667065], [29.051536, 54.667948], [29.058895, 54.672069], [29.064488, 54.678545], [29.069197, 54.68767], [29.06125, 54.688259], [29.041822, 54.693852], [29.066548, 54.710042], [29.078028, 54.713574], [29.082738, 54.704743], [29.103638, 54.693852]]]}}, {"type": "Feature", "properties": {"featurecla": "Lake", "scalerank": 9, "name": null, "name_en": null, "src": "ne_10m_lakes"}, "geometry": {"type": "Polygon", "coordinates": [[[30.337613, 57.193592], [30.337907, 57.193886], [30.338496, 57.193886], [30.338201, 57.193297], [30.337318, 57.192414], [30.337024, 57.19212], [30.337024, 57.193003], [30.337613, 57.193592]]]}}, {"type": "Feature", "properties": {"featurecla": "Lake", "scalerank": 9, "name": null, "name_en": null, "src": "ne_10m_lakes"}, "geometry": {"type": "Polygon", "coordinates": [[[30.424744, 57.210665], [30.429454, 57.19889], [30.431809, 57.186821], [30.418563, 57.176519], [30.384416, 57.160917], [30.374702, 57.160034], [30.366166, 57.160917], [30.358218, 57.163861], [30.350859, 57.168571], [30.351153, 57.170926], [30.347621, 57.179462], [30.342617, 57.188882], [30.338496, 57.193886], [30.346149, 57.203306], [30.361162, 57.214197], [30.37794, 57.224206], [30.392364, 57.229799], [30.41768, 57.232154], [30.424744, 57.223911], [30.424744, 57.210665]]]}}, {"type": "Feature", "properties": {"featurecla": "Lake", "scalerank": 9, "name": null, "name_en": null, "src": "ne_10m_lakes"}, "geometry": {"type": "Polygon", "coordinates": [[[33.180876, 57.188588], [33.203542, 57.175636], [33.216788, 57.161506], [33.197949, 57.154736], [33.17646, 57.160034], [33.156149, 57.170043], [33.135544, 57.175636], [33.112877, 57.168571], [33.109639, 57.154441], [33.089034, 57.153853], [33.06313, 57.157385], [33.043113, 57.154736], [33.034871, 57.141489], [33.027806, 57.12265], [33.017209, 57.110581], [32.999253, 57.117057], [32.973349, 57.138251], [32.969522, 57.149732], [32.98895, 57.154736], [33.01662, 57.168571], [33.034577, 57.175047], [33.042819, 57.179462], [33.050767, 57.188293], [33.023685, 57.208016], [33.01662, 57.216258], [33.012794, 57.225383], [33.00985, 57.245694], [33.006023, 57.253642], [32.994543, 57.258352], [32.977176, 57.260707], [32.961574, 57.264828], [32.946856, 57.286611], [32.929194, 57.291615], [32.892987, 57.291321], [32.899463, 57.27778], [32.892693, 57.273659], [32.879152, 57.276014], [32.853837, 57.284256], [32.843534, 57.282784], [32.834115, 57.279841], [32.824989, 57.27778], [32.782895, 57.27778], [32.77377, 57.275425], [32.76229, 57.271304], [32.75081, 57.268655], [32.741684, 57.27101], [32.739329, 57.278074], [32.745805, 57.28455], [32.755225, 57.289555], [32.762584, 57.291321], [32.782601, 57.293676], [32.808505, 57.30339], [32.844417, 57.307216], [32.892987, 57.319285], [32.91477, 57.320463], [32.931255, 57.316636], [32.947445, 57.310454], [32.968639, 57.305745], [33.007789, 57.31016], [33.074316, 57.339302], [33.105224, 57.339891], [33.121414, 57.326644], [33.142903, 57.317225], [33.187352, 57.305745], [33.155266, 57.306333], [33.139959, 57.304273], [33.126418, 57.298091], [33.137604, 57.295147], [33.147907, 57.291026], [33.157621, 57.285433], [33.167335, 57.27778], [33.155855, 57.273953], [33.128479, 57.268655], [33.119059, 57.264534], [33.108756, 57.256291], [33.107579, 57.252465], [33.111994, 57.249227], [33.170573, 57.19212], [33.180876, 57.188588]], [[33.069017, 57.271598], [33.090506, 57.280724], [33.112877, 57.27778], [33.104047, 57.288671], [33.082264, 57.293381], [33.078731, 57.311926], [33.03752, 57.301623], [33.013677, 57.292204], [33.002785, 57.281018], [33.008967, 57.26836], [33.023096, 57.251876], [33.039286, 57.237158], [33.050767, 57.229799], [33.054005, 57.253348], [33.069017, 57.271598]]]}}, {"type": "Feature", "properties": {"featurecla": "Lake", "scalerank": 9, "name": null, "name_en": null, "src": "ne_10m_lakes"}, "geometry": {"type": "Polygon", "coordinates": [[[23.120687, 54.052432], [23.133345, 54.038303], [23.134522, 54.015931], [23.117744, 54.021524], [23.104792, 54.018286], [23.0939, 54.01181], [23.083892, 54.008572], [23.037088, 54.012104], [23.025313, 54.008572], [23.02237, 54.012399], [23.019426, 54.014459], [23.011772, 54.015931], [23.015894, 54.015931], [23.019426, 54.017109], [23.022664, 54.019463], [23.025313, 54.022701], [23.035027, 54.021818], [23.114211, 54.036537], [23.114211, 54.043896], [23.085658, 54.043307], [23.071823, 54.045073], [23.059459, 54.050077], [23.064169, 54.060086], [23.064464, 54.070683], [23.07094, 54.078042], [23.094489, 54.077453], [23.094489, 54.073038], [23.093017, 54.07186], [23.090073, 54.07186], [23.086835, 54.071272], [23.120687, 54.052432]]]}}, {"type": "Feature", "properties": {"featurecla": "Lake", "scalerank": 9, "name": null, "name_en": null, "src": "ne_10m_lakes"}, "geometry": {"type": "Polygon", "coordinates": [[[26.958901, 56.801499], [26.963317, 56.799144], [26.993342, 56.791196], [26.82997, 56.71996], [26.794057, 56.71054], [26.773746, 56.715839], [26.782283, 56.747041], [26.806715, 56.778244], [26.837623, 56.802382], [26.866176, 56.812096], [26.884427, 56.81504], [26.914158, 56.825637], [26.931525, 56.825931], [26.941239, 56.823282], [26.95007, 56.818572], [26.956252, 56.811507], [26.958901, 56.801499]]]}}, {"type": "Feature", "properties": {"featurecla": "Lake", "scalerank": 9, "name": null, "name_en": null, "src": "ne_10m_lakes"}, "geometry": {"type": "Polygon", "coordinates": [[[26.822022, 54.883717], [26.837623, 54.884894], [26.848809, 54.879301], [26.848515, 54.856929], [26.829086, 54.831614], [26.800533, 54.814541], [26.773746, 54.817779], [26.759911, 54.81719], [26.750197, 54.81984], [26.717228, 54.841328], [26.718994, 54.855458], [26.714579, 54.865466], [26.705159, 54.866643], [26.695445, 54.868998], [26.69103, 54.882833], [26.693973, 54.895197], [26.701332, 54.900201], [26.712518, 54.90285], [26.72547, 54.907266], [26.739011, 54.897846], [26.754612, 54.889309], [26.771097, 54.882833], [26.787287, 54.879301], [26.80436, 54.880184], [26.822022, 54.883717]]]}}, {"type": "Feature", "properties": {"featurecla": "Lake", "scalerank": 9, "name": null, "name_en": null, "src": "ne_10m_lakes"}, "geometry": {"type": "Polygon", "coordinates": [[[27.511717, 56.336109], [27.514072, 56.321685], [27.514072, 56.308145], [27.50318, 56.293426], [27.477571, 56.290777], [27.431061, 56.298136], [27.418109, 56.316681], [27.398975, 56.323746], [27.377192, 56.326395], [27.355704, 56.332282], [27.355704, 56.339053], [27.401036, 56.344646], [27.421936, 56.351122], [27.421347, 56.362896], [27.416343, 56.372022], [27.420758, 56.377614], [27.430472, 56.37732], [27.452255, 56.361719], [27.462558, 56.360541], [27.474038, 56.361424], [27.486402, 56.359658], [27.503475, 56.349356], [27.511717, 56.336109]]]}}, {"type": "Feature", "properties": {"featurecla": "Lake", "scalerank": 9, "name": null, "name_en": null, "src": "ne_10m_lakes"}, "geometry": {"type": "Polygon", "coordinates": [[[25.293683, 57.736105], [25.302808, 57.717854], [25.321353, 57.702842], [25.316055, 57.698132], [25.311345, 57.697838], [25.300159, 57.702842], [25.278671, 57.703725], [25.251295, 57.709023], [25.227746, 57.717266], [25.217737, 57.726391], [25.210084, 57.744642], [25.193011, 57.76613], [25.1727, 57.783792], [25.156215, 57.792328], [25.178881, 57.796155], [25.229217, 57.774667], [25.259243, 57.770546], [25.259537, 57.765836], [25.258065, 57.764953], [25.255121, 57.765247], [25.251883, 57.764364], [25.281026, 57.753178], [25.293683, 57.736105]]]}}, {"type": "Feature", "properties": {"featurecla": "Lake", "scalerank": 2, "name": "M\u00e4laren", "name_en": "M\u00e4laren", "src": "ne_10m_lakes"}, "geometry": {"type": "Polygon", "coordinates": [[[18.095008, 59.326849], [18.019651, 59.327143], [17.988743, 59.337151], [17.969609, 59.333913], [17.911914, 59.30536], [17.899551, 59.296235], [17.89749, 59.290348], [17.887776, 59.280928], [17.885421, 59.275041], [17.886599, 59.269153], [17.891897, 59.260028], [17.89278, 59.255318], [17.891308, 59.240894], [17.886599, 59.22912], [17.878062, 59.22441], [17.86511, 59.230592], [17.867465, 59.258262], [17.828903, 59.270036], [17.741477, 59.271508], [17.741477, 59.265327], [17.782982, 59.258262], [17.772091, 59.247076], [17.752369, 59.240306], [17.730586, 59.239128], [17.713513, 59.244721], [17.732941, 59.251786], [17.741477, 59.25208], [17.729703, 59.256201], [17.70527, 59.261205], [17.693496, 59.265327], [17.696145, 59.269153], [17.700561, 59.278867], [17.636978, 59.291819], [17.605481, 59.291819], [17.576928, 59.278867], [17.592823, 59.272097], [17.599888, 59.260617], [17.603715, 59.230592], [17.597533, 59.22441], [17.589585, 59.233535], [17.575456, 59.259734], [17.56633, 59.265327], [17.551907, 59.267976], [17.510696, 59.2824], [17.47184, 59.30536], [17.429746, 59.316546], [17.350856, 59.326554], [17.364985, 59.282988], [17.377643, 59.26621], [17.399426, 59.258262], [17.399426, 59.25208], [17.213977, 59.258262], [17.213977, 59.265327], [17.249889, 59.267681], [17.2702, 59.271803], [17.282269, 59.278867], [17.278442, 59.286521], [17.241647, 59.319784], [17.306113, 59.329498], [17.316121, 59.337151], [17.306701, 59.353636], [17.28433, 59.360112], [17.234288, 59.361584], [17.143918, 59.375713], [17.09888, 59.377185], [17.04354, 59.361584], [17.039419, 59.366588], [17.03883, 59.375124], [17.035886, 59.381306], [16.971715, 59.407799], [16.967594, 59.412214], [16.961412, 59.424578], [16.955819, 59.43282], [16.9464, 59.439001], [16.933153, 59.451953], [16.926383, 59.456958], [16.915786, 59.461667], [16.884878, 59.470498], [16.840723, 59.49081], [16.821295, 59.493459], [16.823944, 59.477563], [16.748293, 59.477563], [16.739756, 59.479329], [16.724449, 59.484922], [16.714735, 59.484922], [16.706199, 59.482273], [16.697368, 59.477269], [16.694424, 59.472853], [16.726215, 59.465789], [16.83984, 59.412509], [16.85132, 59.408682], [16.878402, 59.410154], [16.884878, 59.408682], [16.889882, 59.403089], [16.892825, 59.396613], [16.891942, 59.39102], [16.885466, 59.38896], [16.817174, 59.38896], [16.808343, 59.392198], [16.782439, 59.416041], [16.71032, 59.450482], [16.689714, 59.466966], [16.665871, 59.478446], [16.640555, 59.471087], [16.61524, 59.457546], [16.590219, 59.450187], [16.574323, 59.452542], [16.546064, 59.462256], [16.528697, 59.463434], [16.523693, 59.461079], [16.512801, 59.452248], [16.508091, 59.450187], [16.499261, 59.45107], [16.483954, 59.45578], [16.477183, 59.456958], [16.165452, 59.444006], [16.125418, 59.446655], [16.080969, 59.455191], [16.042407, 59.47197], [16.021508, 59.497874], [16.123946, 59.477563], [16.233744, 59.477563], [16.233744, 59.484922], [16.213139, 59.484922], [16.213139, 59.491104], [16.248462, 59.503467], [16.267302, 59.502878], [16.275249, 59.48816], [16.282314, 59.470498], [16.298504, 59.460784], [16.318815, 59.458724], [16.336772, 59.463434], [16.325586, 59.47668], [16.330296, 59.481095], [16.342659, 59.483156], [16.354139, 59.48816], [16.372978, 59.50435], [16.383575, 59.509649], [16.39535, 59.511709], [16.442743, 59.499935], [16.468647, 59.498463], [16.494551, 59.511709], [16.445981, 59.525839], [16.469824, 59.52996], [16.503676, 59.530843], [16.53429, 59.535847], [16.549008, 59.552626], [16.535762, 59.566167], [16.510152, 59.584712], [16.498083, 59.600902], [16.524576, 59.607966], [16.538411, 59.609733], [16.549302, 59.612971], [16.560194, 59.612676], [16.586392, 59.596486], [16.617006, 59.587361], [16.631724, 59.580591], [16.644971, 59.567933], [16.658512, 59.551743], [16.674702, 59.537908], [16.696484, 59.53202], [16.726804, 59.529077], [16.741817, 59.52996], [16.748293, 59.535847], [16.753297, 59.542912], [16.764483, 59.55086], [16.77714, 59.557336], [16.785971, 59.559985], [16.789798, 59.565578], [16.793036, 59.577353], [16.797746, 59.589421], [16.806282, 59.59472], [16.871337, 59.587361], [16.87899, 59.588244], [16.883994, 59.589421], [16.889882, 59.589716], [16.898713, 59.587361], [16.908132, 59.58324], [16.90931, 59.581179], [16.908721, 59.57853], [16.912842, 59.573231], [16.94375, 59.549388], [16.953759, 59.547327], [17.069738, 59.546444], [17.058258, 59.561457], [17.021462, 59.580296], [17.007922, 59.59472], [17.027644, 59.597369], [17.037947, 59.600313], [17.055609, 59.609733], [17.060907, 59.604728], [17.06444, 59.595309], [17.069738, 59.587361], [17.083868, 59.574998], [17.09211, 59.569405], [17.100646, 59.566755], [17.103001, 59.563812], [17.129494, 59.551154], [17.154221, 59.544678], [17.209267, 59.545267], [17.220747, 59.535847], [17.229872, 59.526428], [17.34438, 59.477563], [17.364102, 59.477857], [17.36057, 59.487572], [17.353211, 59.499346], [17.361159, 59.504939], [17.373228, 59.498169], [17.405902, 59.473736], [17.412378, 59.474031], [17.412084, 59.49081], [17.409434, 59.501112], [17.392067, 59.525839], [17.407079, 59.541735], [17.395599, 59.561163], [17.375288, 59.581179], [17.364691, 59.597958], [17.345557, 59.613854], [17.336726, 59.623862], [17.340848, 59.628278], [17.354094, 59.631516], [17.364397, 59.638875], [17.374111, 59.648], [17.385885, 59.655653], [17.377937, 59.637697], [17.373816, 59.620035], [17.379998, 59.606495], [17.402664, 59.600902], [17.405019, 59.597958], [17.435338, 59.57382], [17.486558, 59.547916], [17.495094, 59.546444], [17.50628, 59.548505], [17.524531, 59.557925], [17.533067, 59.559985], [17.54808, 59.553803], [17.544842, 59.540263], [17.531596, 59.525839], [17.515405, 59.51848], [17.519527, 59.511709], [17.52512, 59.504939], [17.532184, 59.499935], [17.544253, 59.496991], [17.551024, 59.492281], [17.556616, 59.491104], [17.562504, 59.493164], [17.564564, 59.50229], [17.569568, 59.504939], [17.590174, 59.505233], [17.65199, 59.497874], [17.668475, 59.49287], [17.679955, 59.480507], [17.697028, 59.453425], [17.714984, 59.4443], [17.73088, 59.448127], [17.737356, 59.46049], [17.727642, 59.477563], [17.740005, 59.485805], [17.780039, 59.526428], [17.789164, 59.539674], [17.765321, 59.576764], [17.753546, 59.587067], [17.740005, 59.59472], [17.725287, 59.59943], [17.710569, 59.600902], [17.610779, 59.632693], [17.574867, 59.651238], [17.563976, 59.660952], [17.563387, 59.676553], [17.617844, 59.697159], [17.61284, 59.701869], [17.608719, 59.707462], [17.603715, 59.710405], [17.61755, 59.730422], [17.596944, 59.73837], [17.536011, 59.73837], [17.550435, 59.732777], [17.556616, 59.731305], [17.54337, 59.721002], [17.527474, 59.716292], [17.514228, 59.709522], [17.508635, 59.693626], [17.515405, 59.669783], [17.514228, 59.658303], [17.501865, 59.649472], [17.515994, 59.63652], [17.529241, 59.612971], [17.537188, 59.588833], [17.536011, 59.573231], [17.518643, 59.590599], [17.490385, 59.632987], [17.474489, 59.642113], [17.480671, 59.660363], [17.470073, 59.666839], [17.455061, 59.670372], [17.447407, 59.679791], [17.451528, 59.691271], [17.462126, 59.702457], [17.484792, 59.720708], [17.495094, 59.734249], [17.488913, 59.738958], [17.41385, 59.739842], [17.390595, 59.743668], [17.371461, 59.75191], [17.518938, 59.75191], [17.54808, 59.75662], [17.567802, 59.769572], [17.582815, 59.789], [17.597533, 59.813433], [17.602537, 59.803719], [17.610779, 59.796948], [17.631679, 59.786645], [17.625203, 59.764274], [17.644337, 59.751322], [17.67083, 59.742196], [17.686725, 59.731305], [17.664354, 59.730422], [17.657289, 59.721591], [17.656406, 59.707462], [17.652579, 59.6898], [17.642571, 59.67361], [17.629913, 59.665367], [17.613429, 59.662718], [17.590763, 59.662424], [17.606364, 59.65271], [17.626969, 59.644173], [17.648164, 59.637992], [17.66612, 59.635931], [17.705565, 59.62504], [17.719989, 59.625334], [17.713513, 59.642113], [17.717928, 59.658891], [17.711158, 59.677731], [17.709391, 59.693921], [17.727642, 59.70334], [17.73088, 59.687739], [17.736473, 59.678025], [17.742949, 59.6689], [17.748836, 59.655653], [17.752663, 59.629455], [17.758845, 59.618858], [17.775623, 59.607966], [17.784454, 59.605317], [17.805354, 59.60149], [17.813302, 59.597958], [17.819484, 59.590599], [17.819484, 59.585006], [17.817129, 59.579707], [17.817129, 59.573231], [17.81654, 59.570877], [17.815068, 59.568227], [17.815363, 59.564106], [17.820367, 59.556453], [17.827431, 59.549094], [17.838912, 59.540263], [17.843916, 59.53202], [17.818895, 59.525839], [17.793285, 59.50906], [17.777684, 59.486688], [17.782982, 59.463434], [17.760022, 59.421045], [17.790342, 59.387488], [17.84421, 59.363055], [17.89278, 59.347749], [17.922805, 59.343333], [17.995513, 59.35393], [18.095008, 59.338623], [18.095008, 59.326849]]]}}, {"type": "Feature", "properties": {"featurecla": "Alkaline Lake", "scalerank": 2, "name": "IJsselmeer", "name_en": "IJsselmeer", "src": "ne_10m_lakes"}, "geometry": {"type": "Polygon", "coordinates": [[[5.870361, 52.539989], [5.874482, 52.521444], [5.872716, 52.501428], [5.860647, 52.478173], [5.841513, 52.457862], [5.800891, 52.422832], [5.779108, 52.408114], [5.746728, 52.393396], [5.712287, 52.382505], [5.654003, 52.371613], [5.623683, 52.356306], [5.577763, 52.322749], [5.545383, 52.27565], [5.533314, 52.267997], [5.447359, 52.255045], [5.404677, 52.2574], [5.361111, 52.270057], [5.268386, 52.311563], [5.24778, 52.31274], [5.205098, 52.309502], [5.181254, 52.311563], [5.163004, 52.316567], [5.112373, 52.337761], [5.092062, 52.342177], [5.047024, 52.344532], [5.03054, 52.34777], [4.968135, 52.371024], [4.973727, 52.375734], [4.980203, 52.3775], [4.98197, 52.378089], [4.98197, 52.385448], [4.996688, 52.383976], [5.002281, 52.38221], [5.009346, 52.378089], [5.009346, 52.385448], [5.024947, 52.378089], [5.034072, 52.388686], [5.041726, 52.403993], [5.053795, 52.412235], [5.064686, 52.414296], [5.075283, 52.420183], [5.084703, 52.429014], [5.091768, 52.439317], [5.075577, 52.444321], [5.067924, 52.452858], [5.061742, 52.461394], [5.050262, 52.467281], [5.069985, 52.472874], [5.078227, 52.473463], [5.073517, 52.483766], [5.070573, 52.487887], [5.090884, 52.500839], [5.083231, 52.525566], [5.050262, 52.570309], [5.036427, 52.599745], [5.034955, 52.625061], [5.049673, 52.641839], [5.084997, 52.645372], [5.111784, 52.63919], [5.118849, 52.636246], [5.136511, 52.625061], [5.150935, 52.626532], [5.165653, 52.630065], [5.227175, 52.65332], [5.243071, 52.664505], [5.256317, 52.688643], [5.270741, 52.696885], [5.304004, 52.706894], [5.300766, 52.716902], [5.297822, 52.730737], [5.293996, 52.743101], [5.286931, 52.748399], [5.236006, 52.762234], [5.22011, 52.762823], [5.206275, 52.761646], [5.194501, 52.758113], [5.184198, 52.751637], [5.170363, 52.746044], [5.157999, 52.75046], [5.147108, 52.758113], [5.136511, 52.762234], [5.122676, 52.775481], [5.120321, 52.839358], [5.115022, 52.861141], [5.065275, 52.922957], [5.044081, 52.933554], [5.08588, 52.943857], [5.129152, 52.960047], [5.287814, 53.044529], [5.372297, 53.07691], [5.383188, 53.055421], [5.389958, 53.046296], [5.399672, 53.035993], [5.409386, 53.032166], [5.413802, 53.019803], [5.412624, 53.006851], [5.406443, 52.995076], [5.416157, 52.98389], [5.420278, 52.9677], [5.416157, 52.95151], [5.399672, 52.940325], [5.413213, 52.924429], [5.404088, 52.916481], [5.387898, 52.911183], [5.376712, 52.899408], [5.370825, 52.898231], [5.366115, 52.894993], [5.365526, 52.884984], [5.369059, 52.878508], [5.37524, 52.875564], [5.382599, 52.872915], [5.38937, 52.868205], [5.410858, 52.857314], [5.442355, 52.85231], [5.505938, 52.850838], [5.518595, 52.848777], [5.542145, 52.839358], [5.557452, 52.837297], [5.573642, 52.838475], [5.584239, 52.841713], [5.605727, 52.850838], [5.622212, 52.85437], [5.637519, 52.854959], [5.709932, 52.842301], [5.721707, 52.837297], [5.685794, 52.832587], [5.656358, 52.819635], [5.631926, 52.799913], [5.611909, 52.775186], [5.603372, 52.75046], [5.596308, 52.70866], [5.597779, 52.66951], [5.615736, 52.652436], [5.628099, 52.646255], [5.652237, 52.618879], [5.660479, 52.61152], [5.676669, 52.608576], [5.808839, 52.612992], [5.8265, 52.610342], [5.84063, 52.604161], [5.850933, 52.593269], [5.857703, 52.576785], [5.870361, 52.539989]], [[5.858292, 52.506432], [5.85888, 52.526154], [5.839158, 52.570309], [5.68079, 52.593564], [5.653709, 52.61152], [5.635752, 52.602689], [5.577763, 52.590914], [5.560395, 52.583555], [5.516241, 52.556768], [5.506821, 52.555885], [5.486215, 52.557062], [5.478562, 52.552941], [5.454424, 52.515263], [5.441178, 52.508492], [5.403499, 52.499073], [5.358461, 52.473463], [5.283693, 52.455213], [5.24101, 52.429308], [5.178605, 52.408409], [5.150052, 52.391335], [5.132978, 52.385448], [5.142987, 52.369847], [5.145931, 52.355423], [5.152995, 52.343943], [5.173895, 52.336878], [5.219227, 52.33835], [5.236006, 52.336878], [5.304593, 52.320982], [5.336678, 52.310091], [5.396434, 52.280655], [5.423222, 52.273884], [5.489159, 52.27565], [5.524777, 52.284187], [5.545677, 52.302438], [5.551859, 52.327458], [5.543616, 52.358072], [5.571581, 52.367198], [5.585711, 52.370141], [5.602195, 52.371024], [5.616619, 52.37544], [5.637813, 52.394573], [5.649882, 52.398989], [5.675786, 52.402227], [5.723767, 52.416356], [5.752909, 52.419594], [5.781168, 52.425776], [5.807367, 52.441377], [5.829444, 52.461394], [5.84534, 52.480822], [5.858292, 52.506432]]]}}, {"type": "Feature", "properties": {"featurecla": "Alkaline Lake", "scalerank": 2, "name": "Syvash", "name_en": "Syvash", "src": "ne_10m_lakes"}, "geometry": {"type": "Polygon", "coordinates": [[[35.387723, 45.30658], [35.406563, 45.300104], [35.424519, 45.297454], [35.441003, 45.292156], [35.455427, 45.279204], [35.433644, 45.261248], [35.420104, 45.254183], [35.404502, 45.251239], [35.386546, 45.256538], [35.371239, 45.268312], [35.35917, 45.280087], [35.34975, 45.285385], [35.234948, 45.314528], [35.216404, 45.323358], [35.209339, 45.330718], [35.193443, 45.336605], [35.175193, 45.340137], [35.161652, 45.340432], [35.144284, 45.33631], [35.133393, 45.332189], [35.122796, 45.332484], [35.064806, 45.364569], [35.051854, 45.374872], [35.024184, 45.412845], [35.010349, 45.422559], [35.010349, 45.429918], [35.022418, 45.434039], [35.055975, 45.439632], [35.068927, 45.446697], [35.074814, 45.450818], [35.087766, 45.457883], [35.092182, 45.463476], [35.095714, 45.474367], [35.093654, 45.477605], [35.089238, 45.480549], [35.072165, 45.549136], [35.066867, 45.561499], [35.043023, 45.577689], [35.037725, 45.590347], [35.033898, 45.604771], [35.025656, 45.611541], [35.014175, 45.615662], [35.003284, 45.621844], [34.976791, 45.663055], [34.965605, 45.668942], [34.914975, 45.66541], [34.900256, 45.668942], [34.892014, 45.674829], [34.88024, 45.690136], [34.872292, 45.696907], [34.865227, 45.69985], [34.839029, 45.703677], [34.847271, 45.713097], [34.864933, 45.724871], [34.872292, 45.731641], [34.872292, 45.737234], [34.851098, 45.734879], [34.814008, 45.719573], [34.791636, 45.717218], [34.755429, 45.726049], [34.737179, 45.728403], [34.715985, 45.724282], [34.731291, 45.741944], [34.753369, 45.761961], [34.764849, 45.783744], [34.750131, 45.806116], [34.724227, 45.81318], [34.698617, 45.805527], [34.673007, 45.793164], [34.647103, 45.78551], [34.652402, 45.798168], [34.665648, 45.816124], [34.668298, 45.830253], [34.67183, 45.840556], [34.680366, 45.84821], [34.69273, 45.852919], [34.705976, 45.854391], [34.70892, 45.855863], [34.740122, 45.859984], [34.747187, 45.858218], [34.754546, 45.867049], [34.756901, 45.877646], [34.755429, 45.889421], [34.750131, 45.902373], [34.722755, 45.879707], [34.707154, 45.871464], [34.664765, 45.865577], [34.647692, 45.858807], [34.546431, 45.792575], [34.506103, 45.777857], [34.461654, 45.771969], [34.461654, 45.77874], [34.492268, 45.792575], [34.503159, 45.799934], [34.508163, 45.807882], [34.513168, 45.819362], [34.520821, 45.829665], [34.533773, 45.83408], [34.541132, 45.839379], [34.546136, 45.862928], [34.554673, 45.868226], [34.567919, 45.869404], [34.580871, 45.872642], [34.591469, 45.877057], [34.600005, 45.881767], [34.607659, 45.888243], [34.622671, 45.903844], [34.626792, 45.909732], [34.632679, 45.925039], [34.632091, 45.932398], [34.628558, 45.937696], [34.626792, 45.94741], [34.615606, 45.952709], [34.544076, 45.970665], [34.544076, 45.964484], [34.564387, 45.949471], [34.575278, 45.939168], [34.578811, 45.929749], [34.569097, 45.918268], [34.552612, 45.919151], [34.537306, 45.922978], [34.530535, 45.91974], [34.527003, 45.910909], [34.518466, 45.899135], [34.499921, 45.878529], [34.488147, 45.875586], [34.477255, 45.8853], [34.461654, 45.909732], [34.475195, 45.925333], [34.482554, 45.929749], [34.465481, 45.936225], [34.444875, 45.932398], [34.427802, 45.919151], [34.420443, 45.89884], [34.417794, 45.874114], [34.411612, 45.864694], [34.406902, 45.87117], [34.406902, 45.895602], [34.400721, 45.895602], [34.398071, 45.888832], [34.39395, 45.885005], [34.388063, 45.883239], [34.379526, 45.881767], [34.383059, 45.8853], [34.386002, 45.888832], [34.387474, 45.89413], [34.386591, 45.902373], [34.359215, 45.881767], [34.362159, 45.891776], [34.37099, 45.907966], [34.372756, 45.91974], [34.37776, 45.924744], [34.400132, 45.932398], [34.406902, 45.936519], [34.410729, 45.956241], [34.396894, 45.966838], [34.3757, 45.974492], [34.359215, 45.984795], [34.366869, 45.985678], [34.386591, 45.991565], [34.363042, 46.01688], [34.349796, 46.026006], [34.331251, 46.025123], [34.327424, 46.020118], [34.323008, 46.003045], [34.318299, 45.998041], [34.30829, 45.996864], [34.297693, 45.999218], [34.287979, 46.00334], [34.28062, 46.008638], [34.276793, 46.023062], [34.279148, 46.039841], [34.277088, 46.046022], [34.239703, 46.007461], [34.226751, 46.004517], [34.21586, 46.018352], [34.228518, 46.029244], [34.212033, 46.036308], [34.16729, 46.046317], [34.161108, 46.038663], [34.156398, 46.043373], [34.150217, 46.047789], [34.142269, 46.051321], [34.133438, 46.053087], [34.129611, 46.054265], [34.121369, 46.058974], [34.11607, 46.059857], [34.113127, 46.057797], [34.111949, 46.053087], [34.113127, 46.048377], [34.11607, 46.046317], [34.126962, 46.042784], [34.184657, 46.008638], [34.195254, 46.000396], [34.200847, 45.988621], [34.202025, 45.967427], [34.196137, 45.95006], [34.182008, 45.945644], [34.165818, 45.944467], [34.153749, 45.936519], [34.128139, 45.954769], [34.117248, 45.96831], [34.112832, 45.984795], [34.129611, 45.979202], [34.144624, 45.978907], [34.157281, 45.983323], [34.16729, 45.991565], [34.16729, 45.998041], [34.112244, 46.033365], [34.078981, 46.045434], [34.037475, 46.087233], [34.01893, 46.096359], [33.998914, 46.100774], [33.951815, 46.101657], [33.939746, 46.098714], [33.943279, 46.092238], [33.961824, 46.080463], [33.973598, 46.077519], [33.983607, 46.078402], [33.99126, 46.076931], [33.99597, 46.066922], [33.976542, 46.060741], [33.975953, 46.052204], [33.984195, 46.041313], [33.989199, 46.028949], [33.981546, 46.017469], [33.965356, 46.020118], [33.949755, 46.028066], [33.944751, 46.032776], [33.937097, 46.036897], [33.932682, 46.046317], [33.9265, 46.055736], [33.913548, 46.059857], [33.903834, 46.055736], [33.894709, 46.046611], [33.882934, 46.039252], [33.865567, 46.038663], [33.87322, 46.046317], [33.867627, 46.052498], [33.866155, 46.055148], [33.865567, 46.059857], [33.885583, 46.065156], [33.876458, 46.08164], [33.838485, 46.115198], [33.848788, 46.122263], [33.85232, 46.132565], [33.852026, 46.159353], [33.845844, 46.164945], [33.804339, 46.17672], [33.804339, 46.143457], [33.799629, 46.127856], [33.786971, 46.12138], [33.741934, 46.13963], [33.73222, 46.145517], [33.687771, 46.202918], [33.679823, 46.210278], [33.667754, 46.217637], [33.667754, 46.223818], [33.69513, 46.223818], [33.713969, 46.219108], [33.727804, 46.225584], [33.740756, 46.236476], [33.755769, 46.245601], [33.77137, 46.247367], [33.79227, 46.244718], [33.810226, 46.238242], [33.81788, 46.227645], [33.822884, 46.224113], [33.83407, 46.22323], [33.855558, 46.223818], [33.865567, 46.22529], [33.881168, 46.231177], [33.893826, 46.231177], [33.95211, 46.21381], [33.972126, 46.210866], [33.98184, 46.201152], [34.006861, 46.159058], [34.020402, 46.149344], [34.025995, 46.147284], [34.02835, 46.142574], [34.03041, 46.137864], [34.033943, 46.135803], [34.039536, 46.136687], [34.042479, 46.138747], [34.04454, 46.140808], [34.054843, 46.144046], [34.060436, 46.148167], [34.067206, 46.150816], [34.077803, 46.149344], [34.077803, 46.146695], [34.079864, 46.139925], [34.082513, 46.13286], [34.085457, 46.12815], [34.089578, 46.127267], [34.101058, 46.128444], [34.106062, 46.12815], [34.126373, 46.124029], [34.138148, 46.124323], [34.136676, 46.131977], [34.131966, 46.141691], [34.12343, 46.16524], [34.11607, 46.16995], [34.104885, 46.171421], [34.094876, 46.175248], [34.077803, 46.18349], [34.077803, 46.190261], [34.104885, 46.185845], [34.115482, 46.189083], [34.119603, 46.200858], [34.124313, 46.209689], [34.135204, 46.207923], [34.146684, 46.199975], [34.153749, 46.190261], [34.153455, 46.183196], [34.147567, 46.162296], [34.154632, 46.150522], [34.159048, 46.146989], [34.161108, 46.152877], [34.202025, 46.18349], [34.166995, 46.206745], [34.15316, 46.219992], [34.147567, 46.23471], [34.148156, 46.260025], [34.152572, 46.276215], [34.162874, 46.282691], [34.181714, 46.279159], [34.213211, 46.260614], [34.237348, 46.234415], [34.289745, 46.161413], [34.293278, 46.154348], [34.297104, 46.141985], [34.296516, 46.117553], [34.298576, 46.106367], [34.307996, 46.101657], [34.318299, 46.112549], [34.326541, 46.137275], [34.331251, 46.162885], [34.331251, 46.17672], [34.32242, 46.181724], [34.298576, 46.184079], [34.290923, 46.190261], [34.2921, 46.197326], [34.299459, 46.203507], [34.307701, 46.208806], [34.311234, 46.214399], [34.320359, 46.212632], [34.379526, 46.190261], [34.448702, 46.152288], [34.484614, 46.145517], [34.517289, 46.162296], [34.522882, 46.177897], [34.527297, 46.186434], [34.533773, 46.190261], [34.54437, 46.187317], [34.557322, 46.179369], [34.568214, 46.169361], [34.572629, 46.159353], [34.572629, 46.131977], [34.570569, 46.120791], [34.56056, 46.107839], [34.5585, 46.098125], [34.552318, 46.085173], [34.539072, 46.098125], [34.527003, 46.118436], [34.524059, 46.12815], [34.512285, 46.121674], [34.501099, 46.104306], [34.492857, 46.094592], [34.489619, 46.111666], [34.491973, 46.116964], [34.495506, 46.122557], [34.494328, 46.126972], [34.482554, 46.12815], [34.448702, 46.107839], [34.439577, 46.090766], [34.439871, 46.07281], [34.449585, 46.057208], [34.469013, 46.046317], [34.46136, 46.034248], [34.452529, 46.036603], [34.441343, 46.043962], [34.427508, 46.046317], [34.416911, 46.038958], [34.405725, 46.024828], [34.401309, 46.011287], [34.410729, 46.0054], [34.438105, 46.005694], [34.461654, 46.003045], [34.472545, 45.993037], [34.461654, 45.970665], [34.482848, 45.966838], [34.514345, 45.994803], [34.555262, 45.98244], [34.575573, 45.996864], [34.629441, 46.071338], [34.633268, 46.083995], [34.629441, 46.102246], [34.621494, 46.12138], [34.616489, 46.141396], [34.620316, 46.162296], [34.652108, 46.184374], [34.697734, 46.180547], [34.742183, 46.162296], [34.770736, 46.141985], [34.778684, 46.129622], [34.787221, 46.111371], [34.788104, 46.094592], [34.774269, 46.087233], [34.766026, 46.090471], [34.75278, 46.104601], [34.746893, 46.107839], [34.721872, 46.109605], [34.683016, 46.101952], [34.670358, 46.096359], [34.660938, 46.087233], [34.680072, 46.07958], [34.698028, 46.066039], [34.71098, 46.050143], [34.715985, 46.03572], [34.74601, 46.015408], [34.753663, 46.011582], [34.763083, 46.016292], [34.766026, 46.0263], [34.770736, 46.036014], [34.784571, 46.038663], [34.795168, 46.029244], [34.803999, 46.008344], [34.810181, 45.984795], [34.812242, 45.967427], [34.812536, 45.94535], [34.81548, 45.935636], [34.82225, 45.926511], [34.826077, 45.923861], [34.83844, 45.917091], [34.842561, 45.915913], [34.84786, 45.91297], [34.846093, 45.907082], [34.841384, 45.902373], [34.839029, 45.902373], [34.836674, 45.901784], [34.827254, 45.895897], [34.825488, 45.895602], [34.825488, 45.889715], [34.827843, 45.884122], [34.830787, 45.881178], [34.832847, 45.881767], [34.813125, 45.827899], [34.811359, 45.81789], [34.815774, 45.813475], [34.827254, 45.814652], [34.837263, 45.817301], [34.845799, 45.821423], [34.852569, 45.826721], [34.859045, 45.835258], [34.861695, 45.8435], [34.864638, 45.849976], [34.872292, 45.854391], [34.883772, 45.853214], [34.894664, 45.846443], [34.904378, 45.837613], [34.910854, 45.830253], [34.920273, 45.814063], [34.932931, 45.776385], [34.942056, 45.759017], [34.977086, 45.717806], [34.979146, 45.709859], [34.981207, 45.706032], [34.996514, 45.686898], [34.999752, 45.674829], [35.007405, 45.669531], [35.016236, 45.666881], [35.023889, 45.66276], [35.032426, 45.651869], [35.051854, 45.621844], [35.078347, 45.597117], [35.084528, 45.587109], [35.126917, 45.552962], [35.33827, 45.340137], [35.345335, 45.335427], [35.356815, 45.333956], [35.366824, 45.330423], [35.3733, 45.32277], [35.379187, 45.313939], [35.387723, 45.30658]]]}}, {"type": "Feature", "properties": {"featurecla": "Alkaline Lake", "scalerank": 3, "name": "Kaliningradskiy Zaliv", "name_en": "Vistula Lagoon", "src": "ne_10m_lakes"}, "geometry": {"type": "Polygon", "coordinates": [[[19.793195, 54.543432], [19.893868, 54.617611], [19.899461, 54.62291], [19.907114, 54.628208], [19.920655, 54.632918], [19.933901, 54.633801], [19.945676, 54.632918], [19.95539, 54.635568], [19.961571, 54.646459], [19.947736, 54.653229], [19.944498, 54.669125], [19.948325, 54.687376], [19.954801, 54.701211], [19.966281, 54.711808], [19.981883, 54.71799], [20.000133, 54.720933], [20.02015, 54.721816], [20.039872, 54.716518], [20.044582, 54.703271], [20.04576, 54.686493], [20.054002, 54.670597], [20.072841, 54.657351], [20.085793, 54.656467], [20.11258, 54.673835], [20.11258, 54.673835], [20.11258, 54.673835], [20.11258, 54.673835], [20.176752, 54.695618], [20.40665, 54.68767], [20.40665, 54.680017], [20.333648, 54.660294], [20.318046, 54.652346], [20.293614, 54.635862], [20.280368, 54.629092], [20.252992, 54.623499], [20.121705, 54.581405], [20.102277, 54.577578], [20.092269, 54.574634], [20.079023, 54.560505], [20.068131, 54.557267], [20.055474, 54.55815], [20.048703, 54.560505], [20.042227, 54.56492], [20.030453, 54.570807], [19.991008, 54.572574], [19.966576, 54.546964], [19.943026, 54.512523], [19.906525, 54.488386], [19.839999, 54.470724], [19.793195, 54.543432]]]}}, {"type": "Feature", "properties": {"featurecla": "Alkaline Lake", "scalerank": 3, "name": "Zalew Wislany", "name_en": "Vistula Lagoon", "src": "ne_10m_lakes"}, "geometry": {"type": "Polygon", "coordinates": [[[19.839999, 54.470724], [19.82116, 54.468369], [19.815272, 54.464248], [19.809974, 54.454828], [19.803498, 54.445408], [19.793489, 54.440993], [19.764347, 54.436283], [19.754045, 54.433045], [19.743153, 54.433634], [19.744919, 54.429218], [19.747569, 54.418327], [19.749335, 54.413911], [19.733734, 54.411851], [19.725786, 54.402137], [19.720487, 54.390951], [19.711656, 54.385947], [19.697527, 54.384769], [19.683986, 54.381531], [19.619226, 54.353567], [19.579781, 54.350329], [19.563297, 54.346502], [19.485585, 54.317654], [19.472927, 54.315594], [19.459975, 54.310884], [19.43466, 54.297049], [19.409344, 54.272911], [19.403163, 54.269084], [19.396098, 54.263197], [19.378436, 54.235821], [19.36519, 54.228168], [19.365778, 54.242886], [19.369899, 54.254955], [19.376964, 54.26408], [19.386384, 54.269084], [19.386384, 54.276738], [19.362835, 54.274972], [19.273937, 54.281742], [19.248916, 54.290278], [19.249505, 54.298521], [19.251859, 54.304408], [19.256275, 54.308235], [19.262751, 54.310295], [19.252448, 54.313828], [19.229193, 54.331784], [19.229193, 54.337965], [19.270404, 54.347091], [19.357242, 54.351506], [19.399336, 54.358571], [19.442313, 54.371817], [19.741093, 54.50487], [19.793195, 54.543432], [19.839999, 54.470724]]]}}, {"type": "Feature", "properties": {"featurecla": "Alkaline Lake", "scalerank": 4, "name": "Sarygamysh K\u00f6li", "name_en": "Sarygamysh", "src": "ne_10m_lakes"}, "geometry": {"type": "Polygon", "coordinates": [[[57.865368, 41.827196], [57.883619, 41.816893], [57.886268, 41.807473], [57.878615, 41.797759], [57.865368, 41.788634], [57.854771, 41.775682], [57.85065, 41.75596], [57.856537, 41.689728], [57.853888, 41.682663], [57.848001, 41.680897], [57.838875, 41.679719], [57.801491, 41.668239], [57.731727, 41.663529], [57.708472, 41.658819], [57.687867, 41.648222], [57.675209, 41.63527], [57.664318, 41.615842], [57.652543, 41.6076], [57.635764, 41.600241], [57.618397, 41.595237], [57.599263, 41.595237], [57.558641, 41.608189], [57.546277, 41.603773], [57.533325, 41.593471], [57.513897, 41.581402], [57.494469, 41.575514], [57.482106, 41.578752], [57.47092, 41.587289], [57.454436, 41.597297], [57.435597, 41.599358], [57.42029, 41.589938], [57.387615, 41.555203], [57.36907, 41.542546], [57.352292, 41.540485], [57.335807, 41.546372], [57.241611, 41.612899], [57.236018, 41.622318], [57.231308, 41.639391], [57.228659, 41.657053], [57.230719, 41.668239], [57.233957, 41.678542], [57.236606, 41.692083], [57.232191, 41.706801], [57.219828, 41.717987], [57.162427, 41.750072], [57.152713, 41.760669], [57.137111, 41.796582], [57.127103, 41.800114], [57.117978, 41.794227], [57.111796, 41.783335], [57.107381, 41.772444], [57.079416, 41.720636], [57.07971, 41.717104], [57.081182, 41.710333], [57.080299, 41.68855], [57.074706, 41.667356], [57.067347, 41.665295], [57.058516, 41.674126], [57.045564, 41.693849], [57.033495, 41.739475], [57.03585, 41.751838], [57.05204, 41.779803], [57.058222, 41.796876], [57.06823, 41.932284], [57.072057, 41.947002], [57.197162, 42.240483], [57.229247, 42.288464], [57.238373, 42.296412], [57.264571, 42.31378], [57.307254, 42.331441], [57.364655, 42.345277], [57.38997, 42.347337], [57.407043, 42.344099], [57.419112, 42.336151], [57.440895, 42.312602], [57.453258, 42.30436], [57.465033, 42.298767], [57.475336, 42.296118], [57.517724, 42.292585], [57.570415, 42.270802], [57.594553, 42.256379], [57.613981, 42.239894], [57.628111, 42.219583], [57.636942, 42.194562], [57.645773, 42.13981], [57.645184, 42.122149], [57.639297, 42.117439], [57.615747, 42.118911], [57.604562, 42.113906], [57.598674, 42.105664], [57.596025, 42.094773], [57.594848, 42.081821], [57.597791, 42.069752], [57.607505, 42.060038], [57.621929, 42.052679], [57.665201, 42.041787], [57.722896, 42.013234], [57.726723, 42.008818], [57.728195, 41.999399], [57.7279, 41.98939], [57.723779, 41.983503], [57.698464, 41.972906], [57.68404, 41.964958], [57.678447, 41.954655], [57.675503, 41.920509], [57.680213, 41.903142], [57.695226, 41.896077], [57.746739, 41.894311], [57.762341, 41.889601], [57.778236, 41.882536], [57.84123, 41.838382], [57.865368, 41.827196]]]}}]}